unit,level,parent
de.st,land,
de.st.krs.15081,kreis,de.st
de.st.krs.15083,kreis,de.st
de.st.krs.15090,kreis,de.st
de.st.krs.15086,kreis,de.st
de.st.krs.15003,kreis,de.st
de.st.krs.15085,kreis,de.st
de.st.krs.15087,kreis,de.st
de.st.krs.15089,kreis,de.st
de.st.krs.15082,kreis,de.st
de.st.krs.15091,kreis,de.st
de.st.krs.15001,kreis,de.st
de.st.krs.15088,kreis,de.st
de.st.krs.15084,kreis,de.st
de.st.krs.15002,kreis,de.st
de.st.gem.15081026,gemeinde,de.st.krs.15081
de.st.gem.15081030,gemeinde,de.st.krs.15081
de.st.gem.15081045,gemeinde,de.st.krs.15081
de.st.gem.15081095,gemeinde,de.st.krs.15081
de.st.gem.15081105,gemeinde,de.st.krs.15081
de.st.gem.15081225,gemeinde,de.st.krs.15081
de.st.gem.15081290,gemeinde,de.st.krs.15081
de.st.gem.15081440,gemeinde,de.st.krs.15081
de.st.gem.15081455,gemeinde,de.st.krs.15081
de.st.gem.15081545,gemeinde,de.st.krs.15081
de.st.gem.15081135,gemeinde,de.st.krs.15081
de.st.gem.15081240,gemeinde,de.st.krs.15081
de.st.gem.15081280,gemeinde,de.st.krs.15081
de.st.gem.15083411,gemeinde,de.st.krs.15083
de.st.gem.15090003,gemeinde,de.st.krs.15090
de.st.gem.15090007,gemeinde,de.st.krs.15090
de.st.gem.15090008,gemeinde,de.st.krs.15090
de.st.gem.15090010,gemeinde,de.st.krs.15090
de.st.gem.15090135,gemeinde,de.st.krs.15090
de.st.gem.15090180,gemeinde,de.st.krs.15090
de.st.gem.15090220,gemeinde,de.st.krs.15090
de.st.gem.15090225,gemeinde,de.st.krs.15090
de.st.gem.15090245,gemeinde,de.st.krs.15090
de.st.gem.15090270,gemeinde,de.st.krs.15090
de.st.gem.15090285,gemeinde,de.st.krs.15090
de.st.gem.15090310,gemeinde,de.st.krs.15090
de.st.gem.15090415,gemeinde,de.st.krs.15090
de.st.gem.15090435,gemeinde,de.st.krs.15090
de.st.gem.15090445,gemeinde,de.st.krs.15090
de.st.gem.15090485,gemeinde,de.st.krs.15090
de.st.gem.15090500,gemeinde,de.st.krs.15090
de.st.gem.15090520,gemeinde,de.st.krs.15090
de.st.gem.15090610,gemeinde,de.st.krs.15090
de.st.gem.15090631,gemeinde,de.st.krs.15090
de.st.gem.15090635,gemeinde,de.st.krs.15090
de.st.gem.15090070,gemeinde,de.st.krs.15090
de.st.gem.15090535,gemeinde,de.st.krs.15090
de.st.gem.15086035,gemeinde,de.st.krs.15086
de.st.gem.15086040,gemeinde,de.st.krs.15086
de.st.gem.15086080,gemeinde,de.st.krs.15086
de.st.gem.15090546,gemeinde,de.st.krs.15090
de.st.gem.15090550,gemeinde,de.st.krs.15090
de.st.gem.15086005,gemeinde,de.st.krs.15086
de.st.gem.15086015,gemeinde,de.st.krs.15086
de.st.gem.15086140,gemeinde,de.st.krs.15086
de.st.gem.15086145,gemeinde,de.st.krs.15086
de.st.gem.15083020,gemeinde,de.st.krs.15083
de.st.gem.15083060,gemeinde,de.st.krs.15083
de.st.gem.15083115,gemeinde,de.st.krs.15083
de.st.gem.15083125,gemeinde,de.st.krs.15083
de.st.gem.15083190,gemeinde,de.st.krs.15083
de.st.gem.15083205,gemeinde,de.st.krs.15083
de.st.gem.15083230,gemeinde,de.st.krs.15083
de.st.gem.15083270,gemeinde,de.st.krs.15083
de.st.gem.15083275,gemeinde,de.st.krs.15083
de.st.gem.15083320,gemeinde,de.st.krs.15083
de.st.gem.15083323,gemeinde,de.st.krs.15083
de.st.gem.15083485,gemeinde,de.st.krs.15083
de.st.gem.15083505,gemeinde,de.st.krs.15083
de.st.gem.15083515,gemeinde,de.st.krs.15083
de.st.gem.15083535,gemeinde,de.st.krs.15083
de.st.gem.15083030,gemeinde,de.st.krs.15083
de.st.gem.15083040,gemeinde,de.st.krs.15083
de.st.gem.15083120,gemeinde,de.st.krs.15083
de.st.gem.15083130,gemeinde,de.st.krs.15083
de.st.gem.15083298,gemeinde,de.st.krs.15083
de.st.gem.15083361,gemeinde,de.st.krs.15083
de.st.gem.15083390,gemeinde,de.st.krs.15083
de.st.gem.15083440,gemeinde,de.st.krs.15083
de.st.gem.15083557,gemeinde,de.st.krs.15083
de.st.gem.15083565,gemeinde,de.st.krs.15083
de.st.gem.15083580,gemeinde,de.st.krs.15083
de.st.gem.15083025,gemeinde,de.st.krs.15083
de.st.gem.15083035,gemeinde,de.st.krs.15083
de.st.gem.15083245,gemeinde,de.st.krs.15083
de.st.gem.15083355,gemeinde,de.st.krs.15083
de.st.gem.15083415,gemeinde,de.st.krs.15083
de.st.gem.15083490,gemeinde,de.st.krs.15083
de.st.gem.15083531,gemeinde,de.st.krs.15083
de.st.gem.15003000,gemeinde,de.st.krs.15003
de.st.gem.15085125,gemeinde,de.st.krs.15085
de.st.gem.15085135,gemeinde,de.st.krs.15085
de.st.gem.15085185,gemeinde,de.st.krs.15085
de.st.gem.15085285,gemeinde,de.st.krs.15085
de.st.gem.15085055,gemeinde,de.st.krs.15085
de.st.gem.15085190,gemeinde,de.st.krs.15085
de.st.gem.15085227,gemeinde,de.st.krs.15085
de.st.gem.15085230,gemeinde,de.st.krs.15085
de.st.gem.15085145,gemeinde,de.st.krs.15085
de.st.gem.15085228,gemeinde,de.st.krs.15085
de.st.gem.15085370,gemeinde,de.st.krs.15085
de.st.gem.15085040,gemeinde,de.st.krs.15085
de.st.gem.15085090,gemeinde,de.st.krs.15085
de.st.gem.15085140,gemeinde,de.st.krs.15085
de.st.gem.15085160,gemeinde,de.st.krs.15085
de.st.gem.15085235,gemeinde,de.st.krs.15085
de.st.gem.15085287,gemeinde,de.st.krs.15085
de.st.gem.15085330,gemeinde,de.st.krs.15085
de.st.gem.15085365,gemeinde,de.st.krs.15085
de.st.gem.15085110,gemeinde,de.st.krs.15085
de.st.gem.15087031,gemeinde,de.st.krs.15087
de.st.gem.15089015,gemeinde,de.st.krs.15089
de.st.gem.15089307,gemeinde,de.st.krs.15089
de.st.gem.15089041,gemeinde,de.st.krs.15089
de.st.gem.15089043,gemeinde,de.st.krs.15089
de.st.gem.15089045,gemeinde,de.st.krs.15089
de.st.gem.15089075,gemeinde,de.st.krs.15089
de.st.gem.15089175,gemeinde,de.st.krs.15089
de.st.gem.15089310,gemeinde,de.st.krs.15089
de.st.gem.15089365,gemeinde,de.st.krs.15089
de.st.gem.15089026,gemeinde,de.st.krs.15089
de.st.gem.15089042,gemeinde,de.st.krs.15089
de.st.gem.15089055,gemeinde,de.st.krs.15089
de.st.gem.15089305,gemeinde,de.st.krs.15089
de.st.gem.15089005,gemeinde,de.st.krs.15089
de.st.gem.15089030,gemeinde,de.st.krs.15089
de.st.gem.15089130,gemeinde,de.st.krs.15089
de.st.gem.15089165,gemeinde,de.st.krs.15089
de.st.gem.15089185,gemeinde,de.st.krs.15089
de.st.gem.15089195,gemeinde,de.st.krs.15089
de.st.gem.15089235,gemeinde,de.st.krs.15089
de.st.gem.15089245,gemeinde,de.st.krs.15089
de.st.gem.15082180,gemeinde,de.st.krs.15082
de.st.gem.15082241,gemeinde,de.st.krs.15082
de.st.gem.15082301,gemeinde,de.st.krs.15082
de.st.gem.15082377,gemeinde,de.st.krs.15082
de.st.gem.15082005,gemeinde,de.st.krs.15082
de.st.gem.15082256,gemeinde,de.st.krs.15082
de.st.gem.15082430,gemeinde,de.st.krs.15082
de.st.gem.15086055,gemeinde,de.st.krs.15086
de.st.gem.15091375,gemeinde,de.st.krs.15091
de.st.gem.15091391,gemeinde,de.st.krs.15091
de.st.gem.15091010,gemeinde,de.st.krs.15091
de.st.gem.15091020,gemeinde,de.st.krs.15091
de.st.gem.15091110,gemeinde,de.st.krs.15091
de.st.gem.15091145,gemeinde,de.st.krs.15091
de.st.gem.15091160,gemeinde,de.st.krs.15091
de.st.gem.15001000,gemeinde,de.st.krs.15001
de.st.gem.15091060,gemeinde,de.st.krs.15091
de.st.gem.15091241,gemeinde,de.st.krs.15091
de.st.gem.15082015,gemeinde,de.st.krs.15082
de.st.gem.15082340,gemeinde,de.st.krs.15082
de.st.gem.15082440,gemeinde,de.st.krs.15082
de.st.gem.15087386,gemeinde,de.st.krs.15087
de.st.gem.15088216,gemeinde,de.st.krs.15088
de.st.gem.15088295,gemeinde,de.st.krs.15088
de.st.gem.15088319,gemeinde,de.st.krs.15088
de.st.gem.15088365,gemeinde,de.st.krs.15088
de.st.gem.15087010,gemeinde,de.st.krs.15087
de.st.gem.15087045,gemeinde,de.st.krs.15087
de.st.gem.15087070,gemeinde,de.st.krs.15087
de.st.gem.15087075,gemeinde,de.st.krs.15087
de.st.gem.15087130,gemeinde,de.st.krs.15087
de.st.gem.15087165,gemeinde,de.st.krs.15087
de.st.gem.15087205,gemeinde,de.st.krs.15087
de.st.gem.15087210,gemeinde,de.st.krs.15087
de.st.gem.15087220,gemeinde,de.st.krs.15087
de.st.gem.15087260,gemeinde,de.st.krs.15087
de.st.gem.15087470,gemeinde,de.st.krs.15087
de.st.gem.15087055,gemeinde,de.st.krs.15087
de.st.gem.15087101,gemeinde,de.st.krs.15087
de.st.gem.15087125,gemeinde,de.st.krs.15087
de.st.gem.15087250,gemeinde,de.st.krs.15087
de.st.gem.15087275,gemeinde,de.st.krs.15087
de.st.gem.15087370,gemeinde,de.st.krs.15087
de.st.gem.15087412,gemeinde,de.st.krs.15087
de.st.gem.15087440,gemeinde,de.st.krs.15087
de.st.gem.15084012,gemeinde,de.st.krs.15084
de.st.gem.15084015,gemeinde,de.st.krs.15084
de.st.gem.15084125,gemeinde,de.st.krs.15084
de.st.gem.15084132,gemeinde,de.st.krs.15084
de.st.gem.15084133,gemeinde,de.st.krs.15084
de.st.gem.15084246,gemeinde,de.st.krs.15084
de.st.gem.15084282,gemeinde,de.st.krs.15084
de.st.gem.15087015,gemeinde,de.st.krs.15087
de.st.gem.15088025,gemeinde,de.st.krs.15088
de.st.gem.15088030,gemeinde,de.st.krs.15088
de.st.gem.15088100,gemeinde,de.st.krs.15088
de.st.gem.15088235,gemeinde,de.st.krs.15088
de.st.gem.15088250,gemeinde,de.st.krs.15088
de.st.gem.15088265,gemeinde,de.st.krs.15088
de.st.gem.15088305,gemeinde,de.st.krs.15088
de.st.gem.15088340,gemeinde,de.st.krs.15088
de.st.gem.15088355,gemeinde,de.st.krs.15088
de.st.gem.15088065,gemeinde,de.st.krs.15088
de.st.gem.15088205,gemeinde,de.st.krs.15088
de.st.gem.15088220,gemeinde,de.st.krs.15088
de.st.gem.15088020,gemeinde,de.st.krs.15088
de.st.gem.15088150,gemeinde,de.st.krs.15088
de.st.gem.15088195,gemeinde,de.st.krs.15088
de.st.gem.15088330,gemeinde,de.st.krs.15088
de.st.gem.15002000,gemeinde,de.st.krs.15002
de.st.gem.15084315,gemeinde,de.st.krs.15084
de.st.gem.15084490,gemeinde,de.st.krs.15084
de.st.gem.15084550,gemeinde,de.st.krs.15084
de.st.gem.15084013,gemeinde,de.st.krs.15084
de.st.gem.15084025,gemeinde,de.st.krs.15084
de.st.gem.15084135,gemeinde,de.st.krs.15084
de.st.gem.15084150,gemeinde,de.st.krs.15084
de.st.gem.15084170,gemeinde,de.st.krs.15084
de.st.gem.15084250,gemeinde,de.st.krs.15084
de.st.gem.15084285,gemeinde,de.st.krs.15084
de.st.gem.15084335,gemeinde,de.st.krs.15084
de.st.gem.15084341,gemeinde,de.st.krs.15084
de.st.gem.15084355,gemeinde,de.st.krs.15084
de.st.gem.15084360,gemeinde,de.st.krs.15084
de.st.gem.15084375,gemeinde,de.st.krs.15084
de.st.gem.15084445,gemeinde,de.st.krs.15084
de.st.gem.15084470,gemeinde,de.st.krs.15084
de.st.gem.15084560,gemeinde,de.st.krs.15084
de.st.gem.15084115,gemeinde,de.st.krs.15084
de.st.gem.15084130,gemeinde,de.st.krs.15084
de.st.gem.15084207,gemeinde,de.st.krs.15084
de.st.gem.15084235,gemeinde,de.st.krs.15084
de.st.gem.15084275,gemeinde,de.st.krs.15084
de.st.gem.15084442,gemeinde,de.st.krs.15084
de.st.gem.15084565,gemeinde,de.st.krs.15084
de.st.gem.15084590,gemeinde,de.st.krs.15084
de.st.wk.001.gem.15081026.wbz.000001,wahlbezirk,de.st.gem.15081026
de.st.wk.001.gem.15081026.wbz.000002,wahlbezirk,de.st.gem.15081026
de.st.wk.001.gem.15081026.wbz.000003,wahlbezirk,de.st.gem.15081026
de.st.wk.001.gem.15081026.wbz.990002,briefwahlbezirk,de.st.gem.15081026
de.st.wk.001.gem.15081030.wbz.000001,wahlbezirk,de.st.gem.15081030
de.st.wk.001.gem.15081030.wbz.000002,wahlbezirk,de.st.gem.15081030
de.st.wk.001.gem.15081030.wbz.000003,wahlbezirk,de.st.gem.15081030
de.st.wk.001.gem.15081030.wbz.000004,wahlbezirk,de.st.gem.15081030
de.st.wk.001.gem.15081030.wbz.000005,wahlbezirk,de.st.gem.15081030
de.st.wk.001.gem.15081030.wbz.000006,wahlbezirk,de.st.gem.15081030
de.st.wk.001.gem.15081030.wbz.000007,wahlbezirk,de.st.gem.15081030
de.st.wk.001.gem.15081030.wbz.000008,wahlbezirk,de.st.gem.15081030
de.st.wk.001.gem.15081030.wbz.000009,wahlbezirk,de.st.gem.15081030
de.st.wk.001.gem.15081030.wbz.000010,wahlbezirk,de.st.gem.15081030
de.st.wk.001.gem.15081030.wbz.000011,wahlbezirk,de.st.gem.15081030
de.st.wk.001.gem.15081030.wbz.000012,wahlbezirk,de.st.gem.15081030
de.st.wk.001.gem.15081030.wbz.000013,wahlbezirk,de.st.gem.15081030
de.st.wk.001.gem.15081030.wbz.000014,wahlbezirk,de.st.gem.15081030
de.st.wk.001.gem.15081030.wbz.000015,wahlbezirk,de.st.gem.15081030
de.st.wk.001.gem.15081030.wbz.000016,wahlbezirk,de.st.gem.15081030
de.st.wk.001.gem.15081030.wbz.000017,wahlbezirk,de.st.gem.15081030
de.st.wk.001.gem.15081030.wbz.990001,briefwahlbezirk,de.st.gem.15081030
de.st.wk.001.gem.15081045.wbz.000004,wahlbezirk,de.st.gem.15081045
de.st.wk.001.gem.15081045.wbz.000005,wahlbezirk,de.st.gem.15081045
de.st.wk.001.gem.15081045.wbz.000006,wahlbezirk,de.st.gem.15081045
de.st.wk.001.gem.15081045.wbz.000007,wahlbezirk,de.st.gem.15081045
de.st.wk.001.gem.15081045.wbz.000008,wahlbezirk,de.st.gem.15081045
de.st.wk.001.gem.15081045.wbz.000009,wahlbezirk,de.st.gem.15081045
de.st.wk.001.gem.15081045.wbz.990012,briefwahlbezirk,de.st.gem.15081045
de.st.wk.001.gem.15081095.wbz.000010,wahlbezirk,de.st.gem.15081095
de.st.wk.001.gem.15081095.wbz.000011,wahlbezirk,de.st.gem.15081095
de.st.wk.001.gem.15081095.wbz.990022,briefwahlbezirk,de.st.gem.15081095
de.st.wk.001.gem.15081105.wbz.000012,wahlbezirk,de.st.gem.15081105
de.st.wk.001.gem.15081105.wbz.990032,briefwahlbezirk,de.st.gem.15081105
de.st.wk.001.gem.15081225.wbz.000013,wahlbezirk,de.st.gem.15081225
de.st.wk.001.gem.15081225.wbz.000014,wahlbezirk,de.st.gem.15081225
de.st.wk.001.gem.15081225.wbz.000015,wahlbezirk,de.st.gem.15081225
de.st.wk.001.gem.15081225.wbz.000016,wahlbezirk,de.st.gem.15081225
de.st.wk.001.gem.15081225.wbz.000017,wahlbezirk,de.st.gem.15081225
de.st.wk.001.gem.15081225.wbz.990042,briefwahlbezirk,de.st.gem.15081225
de.st.wk.001.gem.15081290.wbz.000018,wahlbezirk,de.st.gem.15081290
de.st.wk.001.gem.15081290.wbz.000019,wahlbezirk,de.st.gem.15081290
de.st.wk.001.gem.15081290.wbz.000020,wahlbezirk,de.st.gem.15081290
de.st.wk.001.gem.15081290.wbz.990052,briefwahlbezirk,de.st.gem.15081290
de.st.wk.001.gem.15081440.wbz.000021,wahlbezirk,de.st.gem.15081440
de.st.wk.001.gem.15081440.wbz.000022,wahlbezirk,de.st.gem.15081440
de.st.wk.001.gem.15081440.wbz.000023,wahlbezirk,de.st.gem.15081440
de.st.wk.001.gem.15081440.wbz.990062,briefwahlbezirk,de.st.gem.15081440
de.st.wk.001.gem.15081455.wbz.000001,wahlbezirk,de.st.gem.15081455
de.st.wk.001.gem.15081455.wbz.000002,wahlbezirk,de.st.gem.15081455
de.st.wk.001.gem.15081455.wbz.000003,wahlbezirk,de.st.gem.15081455
de.st.wk.001.gem.15081455.wbz.000004,wahlbezirk,de.st.gem.15081455
de.st.wk.001.gem.15081455.wbz.000005,wahlbezirk,de.st.gem.15081455
de.st.wk.001.gem.15081455.wbz.000006,wahlbezirk,de.st.gem.15081455
de.st.wk.001.gem.15081455.wbz.000007,wahlbezirk,de.st.gem.15081455
de.st.wk.001.gem.15081455.wbz.000008,wahlbezirk,de.st.gem.15081455
de.st.wk.001.gem.15081455.wbz.000009,wahlbezirk,de.st.gem.15081455
de.st.wk.001.gem.15081455.wbz.000010,wahlbezirk,de.st.gem.15081455
de.st.wk.001.gem.15081455.wbz.000011,wahlbezirk,de.st.gem.15081455
de.st.wk.001.gem.15081455.wbz.000012,wahlbezirk,de.st.gem.15081455
de.st.wk.001.gem.15081455.wbz.000013,wahlbezirk,de.st.gem.15081455
de.st.wk.001.gem.15081455.wbz.000014,wahlbezirk,de.st.gem.15081455
de.st.wk.001.gem.15081455.wbz.000015,wahlbezirk,de.st.gem.15081455
de.st.wk.001.gem.15081455.wbz.000016,wahlbezirk,de.st.gem.15081455
de.st.wk.001.gem.15081455.wbz.000017,wahlbezirk,de.st.gem.15081455
de.st.wk.001.gem.15081455.wbz.000018,wahlbezirk,de.st.gem.15081455
de.st.wk.001.gem.15081455.wbz.000019,wahlbezirk,de.st.gem.15081455
de.st.wk.001.gem.15081455.wbz.000020,wahlbezirk,de.st.gem.15081455
de.st.wk.001.gem.15081455.wbz.000021,wahlbezirk,de.st.gem.15081455
de.st.wk.001.gem.15081455.wbz.000022,wahlbezirk,de.st.gem.15081455
de.st.wk.001.gem.15081455.wbz.000023,wahlbezirk,de.st.gem.15081455
de.st.wk.001.gem.15081455.wbz.000024,wahlbezirk,de.st.gem.15081455
de.st.wk.001.gem.15081455.wbz.000025,wahlbezirk,de.st.gem.15081455
de.st.wk.001.gem.15081455.wbz.000026,wahlbezirk,de.st.gem.15081455
de.st.wk.001.gem.15081455.wbz.000027,wahlbezirk,de.st.gem.15081455
de.st.wk.001.gem.15081455.wbz.990008,briefwahlbezirk,de.st.gem.15081455
de.st.wk.001.gem.15081455.wbz.990009,briefwahlbezirk,de.st.gem.15081455
de.st.wk.001.gem.15081545.wbz.000024,wahlbezirk,de.st.gem.15081545
de.st.wk.001.gem.15081545.wbz.000025,wahlbezirk,de.st.gem.15081545
de.st.wk.001.gem.15081545.wbz.990072,briefwahlbezirk,de.st.gem.15081545
de.st.wk.002.gem.15081135.wbz.000001,wahlbezirk,de.st.gem.15081135
de.st.wk.002.gem.15081135.wbz.000002,wahlbezirk,de.st.gem.15081135
de.st.wk.002.gem.15081135.wbz.000003,wahlbezirk,de.st.gem.15081135
de.st.wk.002.gem.15081135.wbz.000004,wahlbezirk,de.st.gem.15081135
de.st.wk.002.gem.15081135.wbz.000005,wahlbezirk,de.st.gem.15081135
de.st.wk.002.gem.15081135.wbz.000006,wahlbezirk,de.st.gem.15081135
de.st.wk.002.gem.15081135.wbz.000007,wahlbezirk,de.st.gem.15081135
de.st.wk.002.gem.15081135.wbz.000008,wahlbezirk,de.st.gem.15081135
de.st.wk.002.gem.15081135.wbz.000009,wahlbezirk,de.st.gem.15081135
de.st.wk.002.gem.15081135.wbz.000010,wahlbezirk,de.st.gem.15081135
de.st.wk.002.gem.15081135.wbz.000011,wahlbezirk,de.st.gem.15081135
de.st.wk.002.gem.15081135.wbz.000012,wahlbezirk,de.st.gem.15081135
de.st.wk.002.gem.15081135.wbz.000013,wahlbezirk,de.st.gem.15081135
de.st.wk.002.gem.15081135.wbz.000014,wahlbezirk,de.st.gem.15081135
de.st.wk.002.gem.15081135.wbz.000015,wahlbezirk,de.st.gem.15081135
de.st.wk.002.gem.15081135.wbz.000016,wahlbezirk,de.st.gem.15081135
de.st.wk.002.gem.15081135.wbz.000017,wahlbezirk,de.st.gem.15081135
de.st.wk.002.gem.15081135.wbz.000018,wahlbezirk,de.st.gem.15081135
de.st.wk.002.gem.15081135.wbz.000019,wahlbezirk,de.st.gem.15081135
de.st.wk.002.gem.15081135.wbz.000020,wahlbezirk,de.st.gem.15081135
de.st.wk.002.gem.15081135.wbz.000021,wahlbezirk,de.st.gem.15081135
de.st.wk.002.gem.15081135.wbz.000022,wahlbezirk,de.st.gem.15081135
de.st.wk.002.gem.15081135.wbz.000023,wahlbezirk,de.st.gem.15081135
de.st.wk.002.gem.15081135.wbz.000024,wahlbezirk,de.st.gem.15081135
de.st.wk.002.gem.15081135.wbz.000025,wahlbezirk,de.st.gem.15081135
de.st.wk.002.gem.15081135.wbz.000026,wahlbezirk,de.st.gem.15081135
de.st.wk.002.gem.15081135.wbz.000027,wahlbezirk,de.st.gem.15081135
de.st.wk.002.gem.15081135.wbz.000028,wahlbezirk,de.st.gem.15081135
de.st.wk.002.gem.15081135.wbz.000029,wahlbezirk,de.st.gem.15081135
de.st.wk.002.gem.15081135.wbz.000030,wahlbezirk,de.st.gem.15081135
de.st.wk.002.gem.15081135.wbz.000031,wahlbezirk,de.st.gem.15081135
de.st.wk.002.gem.15081135.wbz.000032,wahlbezirk,de.st.gem.15081135
de.st.wk.002.gem.15081135.wbz.000033,wahlbezirk,de.st.gem.15081135
de.st.wk.002.gem.15081135.wbz.000034,wahlbezirk,de.st.gem.15081135
de.st.wk.002.gem.15081135.wbz.000035,wahlbezirk,de.st.gem.15081135
de.st.wk.002.gem.15081135.wbz.000036,wahlbezirk,de.st.gem.15081135
de.st.wk.002.gem.15081135.wbz.000037,wahlbezirk,de.st.gem.15081135
de.st.wk.002.gem.15081135.wbz.000038,wahlbezirk,de.st.gem.15081135
de.st.wk.002.gem.15081135.wbz.990003,briefwahlbezirk,de.st.gem.15081135
de.st.wk.002.gem.15081135.wbz.990004,briefwahlbezirk,de.st.gem.15081135
de.st.wk.002.gem.15081240.wbz.000001,wahlbezirk,de.st.gem.15081240
de.st.wk.002.gem.15081240.wbz.000002,wahlbezirk,de.st.gem.15081240
de.st.wk.002.gem.15081240.wbz.000003,wahlbezirk,de.st.gem.15081240
de.st.wk.002.gem.15081240.wbz.000004,wahlbezirk,de.st.gem.15081240
de.st.wk.002.gem.15081240.wbz.000005,wahlbezirk,de.st.gem.15081240
de.st.wk.002.gem.15081240.wbz.000006,wahlbezirk,de.st.gem.15081240
de.st.wk.002.gem.15081240.wbz.000007,wahlbezirk,de.st.gem.15081240
de.st.wk.002.gem.15081240.wbz.000008,wahlbezirk,de.st.gem.15081240
de.st.wk.002.gem.15081240.wbz.000009,wahlbezirk,de.st.gem.15081240
de.st.wk.002.gem.15081240.wbz.000010,wahlbezirk,de.st.gem.15081240
de.st.wk.002.gem.15081240.wbz.000011,wahlbezirk,de.st.gem.15081240
de.st.wk.002.gem.15081240.wbz.000012,wahlbezirk,de.st.gem.15081240
de.st.wk.002.gem.15081240.wbz.000013,wahlbezirk,de.st.gem.15081240
de.st.wk.002.gem.15081240.wbz.000014,wahlbezirk,de.st.gem.15081240
de.st.wk.002.gem.15081240.wbz.000015,wahlbezirk,de.st.gem.15081240
de.st.wk.002.gem.15081240.wbz.000016,wahlbezirk,de.st.gem.15081240
de.st.wk.002.gem.15081240.wbz.000017,wahlbezirk,de.st.gem.15081240
de.st.wk.002.gem.15081240.wbz.000018,wahlbezirk,de.st.gem.15081240
de.st.wk.002.gem.15081240.wbz.000019,wahlbezirk,de.st.gem.15081240
de.st.wk.002.gem.15081240.wbz.000020,wahlbezirk,de.st.gem.15081240
de.st.wk.002.gem.15081240.wbz.990005,briefwahlbezirk,de.st.gem.15081240
de.st.wk.002.gem.15081280.wbz.000001,wahlbezirk,de.st.gem.15081280
de.st.wk.002.gem.15081280.wbz.000002,wahlbezirk,de.st.gem.15081280
de.st.wk.002.gem.15081280.wbz.000003,wahlbezirk,de.st.gem.15081280
de.st.wk.002.gem.15081280.wbz.000004,wahlbezirk,de.st.gem.15081280
de.st.wk.002.gem.15081280.wbz.000005,wahlbezirk,de.st.gem.15081280
de.st.wk.002.gem.15081280.wbz.000006,wahlbezirk,de.st.gem.15081280
de.st.wk.002.gem.15081280.wbz.000007,wahlbezirk,de.st.gem.15081280
de.st.wk.002.gem.15081280.wbz.000008,wahlbezirk,de.st.gem.15081280
de.st.wk.002.gem.15081280.wbz.000009,wahlbezirk,de.st.gem.15081280
de.st.wk.002.gem.15081280.wbz.000010,wahlbezirk,de.st.gem.15081280
de.st.wk.002.gem.15081280.wbz.000011,wahlbezirk,de.st.gem.15081280
de.st.wk.002.gem.15081280.wbz.000012,wahlbezirk,de.st.gem.15081280
de.st.wk.002.gem.15081280.wbz.000013,wahlbezirk,de.st.gem.15081280
de.st.wk.002.gem.15081280.wbz.000014,wahlbezirk,de.st.gem.15081280
de.st.wk.002.gem.15081280.wbz.000015,wahlbezirk,de.st.gem.15081280
de.st.wk.002.gem.15081280.wbz.000016,wahlbezirk,de.st.gem.15081280
de.st.wk.002.gem.15081280.wbz.000017,wahlbezirk,de.st.gem.15081280
de.st.wk.002.gem.15081280.wbz.990006,briefwahlbezirk,de.st.gem.15081280
de.st.wk.002.gem.15083411.wbz.411001,wahlbezirk,de.st.gem.15083411
de.st.wk.002.gem.15083411.wbz.411002,wahlbezirk,de.st.gem.15083411
de.st.wk.002.gem.15083411.wbz.411003,wahlbezirk,de.st.gem.15083411
de.st.wk.002.gem.15083411.wbz.411004,wahlbezirk,de.st.gem.15083411
de.st.wk.002.gem.15083411.wbz.411005,wahlbezirk,de.st.gem.15083411
de.st.wk.002.gem.15083411.wbz.411006,wahlbezirk,de.st.gem.15083411
de.st.wk.002.gem.15083411.wbz.411007,wahlbezirk,de.st.gem.15083411
de.st.wk.002.gem.15083411.wbz.411008,wahlbezirk,de.st.gem.15083411
de.st.wk.002.gem.15083411.wbz.411009,wahlbezirk,de.st.gem.15083411
de.st.wk.002.gem.15083411.wbz.411010,wahlbezirk,de.st.gem.15083411
de.st.wk.002.gem.15083411.wbz.411021,wahlbezirk,de.st.gem.15083411
de.st.wk.002.gem.15083411.wbz.411031,wahlbezirk,de.st.gem.15083411
de.st.wk.002.gem.15083411.wbz.411041,wahlbezirk,de.st.gem.15083411
de.st.wk.002.gem.15083411.wbz.411051,wahlbezirk,de.st.gem.15083411
de.st.wk.002.gem.15083411.wbz.411061,wahlbezirk,de.st.gem.15083411
de.st.wk.002.gem.15083411.wbz.411090,wahlbezirk,de.st.gem.15083411
de.st.wk.002.gem.15083411.wbz.411091,wahlbezirk,de.st.gem.15083411
de.st.wk.002.gem.15083411.wbz.411092,wahlbezirk,de.st.gem.15083411
de.st.wk.002.gem.15083411.wbz.411093,wahlbezirk,de.st.gem.15083411
de.st.wk.002.gem.15083411.wbz.411094,wahlbezirk,de.st.gem.15083411
de.st.wk.002.gem.15083411.wbz.411096,wahlbezirk,de.st.gem.15083411
de.st.wk.002.gem.15083411.wbz.411097,wahlbezirk,de.st.gem.15083411
de.st.wk.002.gem.15083411.wbz.411098,wahlbezirk,de.st.gem.15083411
de.st.wk.002.gem.15083411.wbz.411100,wahlbezirk,de.st.gem.15083411
de.st.wk.002.gem.15083411.wbz.411101,wahlbezirk,de.st.gem.15083411
de.st.wk.002.gem.15083411.wbz.411102,wahlbezirk,de.st.gem.15083411
de.st.wk.002.gem.15083411.wbz.990007,briefwahlbezirk,de.st.gem.15083411
de.st.wk.003.gem.15090003.wbz.000001,wahlbezirk,de.st.gem.15090003
de.st.wk.003.gem.15090003.wbz.000002,wahlbezirk,de.st.gem.15090003
de.st.wk.003.gem.15090003.wbz.000003,wahlbezirk,de.st.gem.15090003
de.st.wk.003.gem.15090003.wbz.000004,wahlbezirk,de.st.gem.15090003
de.st.wk.003.gem.15090003.wbz.000024,briefwahlbezirk,de.st.gem.15090003
de.st.wk.003.gem.15090007.wbz.000005,wahlbezirk,de.st.gem.15090007
de.st.wk.003.gem.15090007.wbz.000006,wahlbezirk,de.st.gem.15090007
de.st.wk.003.gem.15090007.wbz.000007,wahlbezirk,de.st.gem.15090007
de.st.wk.003.gem.15090007.wbz.000008,wahlbezirk,de.st.gem.15090007
de.st.wk.003.gem.15090007.wbz.000009,wahlbezirk,de.st.gem.15090007
de.st.wk.003.gem.15090007.wbz.000010,wahlbezirk,de.st.gem.15090007
de.st.wk.003.gem.15090007.wbz.000011,wahlbezirk,de.st.gem.15090007
de.st.wk.003.gem.15090007.wbz.000025,briefwahlbezirk,de.st.gem.15090007
de.st.wk.003.gem.15090008.wbz.000012,wahlbezirk,de.st.gem.15090008
de.st.wk.003.gem.15090008.wbz.000013,wahlbezirk,de.st.gem.15090008
de.st.wk.003.gem.15090008.wbz.000014,wahlbezirk,de.st.gem.15090008
de.st.wk.003.gem.15090008.wbz.000015,wahlbezirk,de.st.gem.15090008
de.st.wk.003.gem.15090008.wbz.000026,briefwahlbezirk,de.st.gem.15090008
de.st.wk.003.gem.15090010.wbz.000002,briefwahlbezirk,de.st.gem.15090010
de.st.wk.003.gem.15090010.wbz.000020,wahlbezirk,de.st.gem.15090010
de.st.wk.003.gem.15090010.wbz.000021,wahlbezirk,de.st.gem.15090010
de.st.wk.003.gem.15090135.wbz.000003,briefwahlbezirk,de.st.gem.15090135
de.st.wk.003.gem.15090135.wbz.000030,wahlbezirk,de.st.gem.15090135
de.st.wk.003.gem.15090135.wbz.000031,wahlbezirk,de.st.gem.15090135
de.st.wk.003.gem.15090135.wbz.000032,wahlbezirk,de.st.gem.15090135
de.st.wk.003.gem.15090180.wbz.000004,briefwahlbezirk,de.st.gem.15090180
de.st.wk.003.gem.15090180.wbz.000040,wahlbezirk,de.st.gem.15090180
de.st.wk.003.gem.15090180.wbz.000041,wahlbezirk,de.st.gem.15090180
de.st.wk.003.gem.15090220.wbz.000005,briefwahlbezirk,de.st.gem.15090220
de.st.wk.003.gem.15090220.wbz.000050,wahlbezirk,de.st.gem.15090220
de.st.wk.003.gem.15090220.wbz.000051,wahlbezirk,de.st.gem.15090220
de.st.wk.003.gem.15090225.wbz.000001,wahlbezirk,de.st.gem.15090225
de.st.wk.003.gem.15090225.wbz.000002,wahlbezirk,de.st.gem.15090225
de.st.wk.003.gem.15090225.wbz.000003,wahlbezirk,de.st.gem.15090225
de.st.wk.003.gem.15090225.wbz.000004,wahlbezirk,de.st.gem.15090225
de.st.wk.003.gem.15090225.wbz.000005,wahlbezirk,de.st.gem.15090225
de.st.wk.003.gem.15090225.wbz.000006,wahlbezirk,de.st.gem.15090225
de.st.wk.003.gem.15090225.wbz.000007,wahlbezirk,de.st.gem.15090225
de.st.wk.003.gem.15090225.wbz.000008,wahlbezirk,de.st.gem.15090225
de.st.wk.003.gem.15090225.wbz.000009,wahlbezirk,de.st.gem.15090225
de.st.wk.003.gem.15090225.wbz.000010,briefwahlbezirk,de.st.gem.15090225
de.st.wk.003.gem.15090245.wbz.000006,briefwahlbezirk,de.st.gem.15090245
de.st.wk.003.gem.15090245.wbz.000060,wahlbezirk,de.st.gem.15090245
de.st.wk.003.gem.15090245.wbz.000061,wahlbezirk,de.st.gem.15090245
de.st.wk.003.gem.15090245.wbz.000062,wahlbezirk,de.st.gem.15090245
de.st.wk.003.gem.15090245.wbz.000063,wahlbezirk,de.st.gem.15090245
de.st.wk.003.gem.15090270.wbz.000007,briefwahlbezirk,de.st.gem.15090270
de.st.wk.003.gem.15090270.wbz.000070,wahlbezirk,de.st.gem.15090270
de.st.wk.003.gem.15090270.wbz.000071,wahlbezirk,de.st.gem.15090270
de.st.wk.003.gem.15090285.wbz.000001,wahlbezirk,de.st.gem.15090285
de.st.wk.003.gem.15090285.wbz.000002,wahlbezirk,de.st.gem.15090285
de.st.wk.003.gem.15090285.wbz.000003,wahlbezirk,de.st.gem.15090285
de.st.wk.003.gem.15090285.wbz.000016,briefwahlbezirk,de.st.gem.15090285
de.st.wk.003.gem.15090310.wbz.000004,wahlbezirk,de.st.gem.15090310
de.st.wk.003.gem.15090310.wbz.000005,wahlbezirk,de.st.gem.15090310
de.st.wk.003.gem.15090310.wbz.000006,wahlbezirk,de.st.gem.15090310
de.st.wk.003.gem.15090310.wbz.000017,briefwahlbezirk,de.st.gem.15090310
de.st.wk.003.gem.15090415.wbz.000001,wahlbezirk,de.st.gem.15090415
de.st.wk.003.gem.15090415.wbz.000002,wahlbezirk,de.st.gem.15090415
de.st.wk.003.gem.15090415.wbz.000003,wahlbezirk,de.st.gem.15090415
de.st.wk.003.gem.15090415.wbz.000004,wahlbezirk,de.st.gem.15090415
de.st.wk.003.gem.15090415.wbz.000005,wahlbezirk,de.st.gem.15090415
de.st.wk.003.gem.15090415.wbz.000006,wahlbezirk,de.st.gem.15090415
de.st.wk.003.gem.15090415.wbz.000007,wahlbezirk,de.st.gem.15090415
de.st.wk.003.gem.15090415.wbz.000008,wahlbezirk,de.st.gem.15090415
de.st.wk.003.gem.15090415.wbz.000009,wahlbezirk,de.st.gem.15090415
de.st.wk.003.gem.15090415.wbz.000010,wahlbezirk,de.st.gem.15090415
de.st.wk.003.gem.15090415.wbz.000011,wahlbezirk,de.st.gem.15090415
de.st.wk.003.gem.15090415.wbz.000012,wahlbezirk,de.st.gem.15090415
de.st.wk.003.gem.15090415.wbz.000013,wahlbezirk,de.st.gem.15090415
de.st.wk.003.gem.15090415.wbz.000014,briefwahlbezirk,de.st.gem.15090415
de.st.wk.003.gem.15090415.wbz.000015,briefwahlbezirk,de.st.gem.15090415
de.st.wk.003.gem.15090435.wbz.000008,briefwahlbezirk,de.st.gem.15090435
de.st.wk.003.gem.15090435.wbz.000080,wahlbezirk,de.st.gem.15090435
de.st.wk.003.gem.15090435.wbz.000081,wahlbezirk,de.st.gem.15090435
de.st.wk.003.gem.15090445.wbz.000007,wahlbezirk,de.st.gem.15090445
de.st.wk.003.gem.15090445.wbz.000018,briefwahlbezirk,de.st.gem.15090445
de.st.wk.003.gem.15090485.wbz.000008,wahlbezirk,de.st.gem.15090485
de.st.wk.003.gem.15090485.wbz.000019,briefwahlbezirk,de.st.gem.15090485
de.st.wk.003.gem.15090500.wbz.000009,wahlbezirk,de.st.gem.15090500
de.st.wk.003.gem.15090500.wbz.000010,wahlbezirk,de.st.gem.15090500
de.st.wk.003.gem.15090500.wbz.000011,wahlbezirk,de.st.gem.15090500
de.st.wk.003.gem.15090500.wbz.000020,briefwahlbezirk,de.st.gem.15090500
de.st.wk.003.gem.15090520.wbz.000016,wahlbezirk,de.st.gem.15090520
de.st.wk.003.gem.15090520.wbz.000017,wahlbezirk,de.st.gem.15090520
de.st.wk.003.gem.15090520.wbz.000018,wahlbezirk,de.st.gem.15090520
de.st.wk.003.gem.15090520.wbz.000019,wahlbezirk,de.st.gem.15090520
de.st.wk.003.gem.15090520.wbz.000020,wahlbezirk,de.st.gem.15090520
de.st.wk.003.gem.15090520.wbz.000021,wahlbezirk,de.st.gem.15090520
de.st.wk.003.gem.15090520.wbz.000027,briefwahlbezirk,de.st.gem.15090520
de.st.wk.003.gem.15090610.wbz.000009,briefwahlbezirk,de.st.gem.15090610
de.st.wk.003.gem.15090610.wbz.000090,wahlbezirk,de.st.gem.15090610
de.st.wk.003.gem.15090610.wbz.000091,wahlbezirk,de.st.gem.15090610
de.st.wk.003.gem.15090631.wbz.000012,wahlbezirk,de.st.gem.15090631
de.st.wk.003.gem.15090631.wbz.000013,wahlbezirk,de.st.gem.15090631
de.st.wk.003.gem.15090631.wbz.000014,wahlbezirk,de.st.gem.15090631
de.st.wk.003.gem.15090631.wbz.000015,wahlbezirk,de.st.gem.15090631
de.st.wk.003.gem.15090631.wbz.000021,briefwahlbezirk,de.st.gem.15090631
de.st.wk.003.gem.15090635.wbz.000022,wahlbezirk,de.st.gem.15090635
de.st.wk.003.gem.15090635.wbz.000023,wahlbezirk,de.st.gem.15090635
de.st.wk.003.gem.15090635.wbz.000028,briefwahlbezirk,de.st.gem.15090635
de.st.wk.004.gem.15090070.wbz.000001,wahlbezirk,de.st.gem.15090070
de.st.wk.004.gem.15090070.wbz.000002,wahlbezirk,de.st.gem.15090070
de.st.wk.004.gem.15090070.wbz.000003,wahlbezirk,de.st.gem.15090070
de.st.wk.004.gem.15090070.wbz.000004,wahlbezirk,de.st.gem.15090070
de.st.wk.004.gem.15090070.wbz.000005,wahlbezirk,de.st.gem.15090070
de.st.wk.004.gem.15090070.wbz.000006,wahlbezirk,de.st.gem.15090070
de.st.wk.004.gem.15090070.wbz.000007,wahlbezirk,de.st.gem.15090070
de.st.wk.004.gem.15090070.wbz.000008,wahlbezirk,de.st.gem.15090070
de.st.wk.004.gem.15090070.wbz.000009,wahlbezirk,de.st.gem.15090070
de.st.wk.004.gem.15090070.wbz.000010,wahlbezirk,de.st.gem.15090070
de.st.wk.004.gem.15090070.wbz.000011,wahlbezirk,de.st.gem.15090070
de.st.wk.004.gem.15090070.wbz.000012,wahlbezirk,de.st.gem.15090070
de.st.wk.004.gem.15090070.wbz.000013,wahlbezirk,de.st.gem.15090070
de.st.wk.004.gem.15090070.wbz.000014,wahlbezirk,de.st.gem.15090070
de.st.wk.004.gem.15090070.wbz.000015,wahlbezirk,de.st.gem.15090070
de.st.wk.004.gem.15090070.wbz.000016,wahlbezirk,de.st.gem.15090070
de.st.wk.004.gem.15090070.wbz.000017,wahlbezirk,de.st.gem.15090070
de.st.wk.004.gem.15090070.wbz.000018,wahlbezirk,de.st.gem.15090070
de.st.wk.004.gem.15090070.wbz.000019,wahlbezirk,de.st.gem.15090070
de.st.wk.004.gem.15090070.wbz.000020,wahlbezirk,de.st.gem.15090070
de.st.wk.004.gem.15090070.wbz.000021,wahlbezirk,de.st.gem.15090070
de.st.wk.004.gem.15090070.wbz.000022,wahlbezirk,de.st.gem.15090070
de.st.wk.004.gem.15090070.wbz.000023,wahlbezirk,de.st.gem.15090070
de.st.wk.004.gem.15090070.wbz.000024,briefwahlbezirk,de.st.gem.15090070
de.st.wk.004.gem.15090535.wbz.000001,wahlbezirk,de.st.gem.15090535
de.st.wk.004.gem.15090535.wbz.000002,wahlbezirk,de.st.gem.15090535
de.st.wk.004.gem.15090535.wbz.000003,wahlbezirk,de.st.gem.15090535
de.st.wk.004.gem.15090535.wbz.000004,wahlbezirk,de.st.gem.15090535
de.st.wk.004.gem.15090535.wbz.000005,wahlbezirk,de.st.gem.15090535
de.st.wk.004.gem.15090535.wbz.000006,wahlbezirk,de.st.gem.15090535
de.st.wk.004.gem.15090535.wbz.000007,wahlbezirk,de.st.gem.15090535
de.st.wk.004.gem.15090535.wbz.000008,wahlbezirk,de.st.gem.15090535
de.st.wk.004.gem.15090535.wbz.000009,wahlbezirk,de.st.gem.15090535
de.st.wk.004.gem.15090535.wbz.000010,wahlbezirk,de.st.gem.15090535
de.st.wk.004.gem.15090535.wbz.000011,wahlbezirk,de.st.gem.15090535
de.st.wk.004.gem.15090535.wbz.000012,wahlbezirk,de.st.gem.15090535
de.st.wk.004.gem.15090535.wbz.000013,wahlbezirk,de.st.gem.15090535
de.st.wk.004.gem.15090535.wbz.000014,wahlbezirk,de.st.gem.15090535
de.st.wk.004.gem.15090535.wbz.000015,wahlbezirk,de.st.gem.15090535
de.st.wk.004.gem.15090535.wbz.000016,wahlbezirk,de.st.gem.15090535
de.st.wk.004.gem.15090535.wbz.000017,wahlbezirk,de.st.gem.15090535
de.st.wk.004.gem.15090535.wbz.000018,wahlbezirk,de.st.gem.15090535
de.st.wk.004.gem.15090535.wbz.000019,wahlbezirk,de.st.gem.15090535
de.st.wk.004.gem.15090535.wbz.000020,wahlbezirk,de.st.gem.15090535
de.st.wk.004.gem.15090535.wbz.000021,wahlbezirk,de.st.gem.15090535
de.st.wk.004.gem.15090535.wbz.000022,wahlbezirk,de.st.gem.15090535
de.st.wk.004.gem.15090535.wbz.000023,wahlbezirk,de.st.gem.15090535
de.st.wk.004.gem.15090535.wbz.000024,wahlbezirk,de.st.gem.15090535
de.st.wk.004.gem.15090535.wbz.000025,wahlbezirk,de.st.gem.15090535
de.st.wk.004.gem.15090535.wbz.000026,wahlbezirk,de.st.gem.15090535
de.st.wk.004.gem.15090535.wbz.000027,wahlbezirk,de.st.gem.15090535
de.st.wk.004.gem.15090535.wbz.000028,wahlbezirk,de.st.gem.15090535
de.st.wk.004.gem.15090535.wbz.000029,wahlbezirk,de.st.gem.15090535
de.st.wk.004.gem.15090535.wbz.000030,wahlbezirk,de.st.gem.15090535
de.st.wk.004.gem.15090535.wbz.000031,wahlbezirk,de.st.gem.15090535
de.st.wk.004.gem.15090535.wbz.000032,wahlbezirk,de.st.gem.15090535
de.st.wk.004.gem.15090535.wbz.000033,wahlbezirk,de.st.gem.15090535
de.st.wk.004.gem.15090535.wbz.000034,wahlbezirk,de.st.gem.15090535
de.st.wk.004.gem.15090535.wbz.000035,wahlbezirk,de.st.gem.15090535
de.st.wk.004.gem.15090535.wbz.000036,wahlbezirk,de.st.gem.15090535
de.st.wk.004.gem.15090535.wbz.000037,briefwahlbezirk,de.st.gem.15090535
de.st.wk.004.gem.15090535.wbz.000038,briefwahlbezirk,de.st.gem.15090535
de.st.wk.004.gem.15090535.wbz.000039,briefwahlbezirk,de.st.gem.15090535
de.st.wk.004.gem.15090535.wbz.000040,briefwahlbezirk,de.st.gem.15090535
de.st.wk.004.gem.15090535.wbz.000041,briefwahlbezirk,de.st.gem.15090535
de.st.wk.005.gem.15086035.wbz.000001,wahlbezirk,de.st.gem.15086035
de.st.wk.005.gem.15086035.wbz.000002,wahlbezirk,de.st.gem.15086035
de.st.wk.005.gem.15086035.wbz.000003,wahlbezirk,de.st.gem.15086035
de.st.wk.005.gem.15086035.wbz.000004,wahlbezirk,de.st.gem.15086035
de.st.wk.005.gem.15086035.wbz.000005,wahlbezirk,de.st.gem.15086035
de.st.wk.005.gem.15086035.wbz.000006,wahlbezirk,de.st.gem.15086035
de.st.wk.005.gem.15086035.wbz.000007,wahlbezirk,de.st.gem.15086035
de.st.wk.005.gem.15086035.wbz.000008,wahlbezirk,de.st.gem.15086035
de.st.wk.005.gem.15086035.wbz.000009,briefwahlbezirk,de.st.gem.15086035
de.st.wk.005.gem.15086040.wbz.000001,wahlbezirk,de.st.gem.15086040
de.st.wk.005.gem.15086040.wbz.000002,wahlbezirk,de.st.gem.15086040
de.st.wk.005.gem.15086040.wbz.000003,wahlbezirk,de.st.gem.15086040
de.st.wk.005.gem.15086040.wbz.000004,wahlbezirk,de.st.gem.15086040
de.st.wk.005.gem.15086040.wbz.000005,wahlbezirk,de.st.gem.15086040
de.st.wk.005.gem.15086040.wbz.000006,wahlbezirk,de.st.gem.15086040
de.st.wk.005.gem.15086040.wbz.000007,wahlbezirk,de.st.gem.15086040
de.st.wk.005.gem.15086040.wbz.000008,wahlbezirk,de.st.gem.15086040
de.st.wk.005.gem.15086040.wbz.000009,wahlbezirk,de.st.gem.15086040
de.st.wk.005.gem.15086040.wbz.000010,wahlbezirk,de.st.gem.15086040
de.st.wk.005.gem.15086040.wbz.000011,wahlbezirk,de.st.gem.15086040
de.st.wk.005.gem.15086040.wbz.000012,wahlbezirk,de.st.gem.15086040
de.st.wk.005.gem.15086040.wbz.000013,briefwahlbezirk,de.st.gem.15086040
de.st.wk.005.gem.15086080.wbz.000001,wahlbezirk,de.st.gem.15086080
de.st.wk.005.gem.15086080.wbz.000002,wahlbezirk,de.st.gem.15086080
de.st.wk.005.gem.15086080.wbz.000003,wahlbezirk,de.st.gem.15086080
de.st.wk.005.gem.15086080.wbz.000004,wahlbezirk,de.st.gem.15086080
de.st.wk.005.gem.15086080.wbz.000005,wahlbezirk,de.st.gem.15086080
de.st.wk.005.gem.15086080.wbz.000006,wahlbezirk,de.st.gem.15086080
de.st.wk.005.gem.15086080.wbz.000007,wahlbezirk,de.st.gem.15086080
de.st.wk.005.gem.15086080.wbz.000008,wahlbezirk,de.st.gem.15086080
de.st.wk.005.gem.15086080.wbz.000010,wahlbezirk,de.st.gem.15086080
de.st.wk.005.gem.15086080.wbz.000011,wahlbezirk,de.st.gem.15086080
de.st.wk.005.gem.15086080.wbz.000012,wahlbezirk,de.st.gem.15086080
de.st.wk.005.gem.15086080.wbz.000013,wahlbezirk,de.st.gem.15086080
de.st.wk.005.gem.15086080.wbz.000014,briefwahlbezirk,de.st.gem.15086080
de.st.wk.005.gem.15090546.wbz.000001,wahlbezirk,de.st.gem.15090546
de.st.wk.005.gem.15090546.wbz.000002,wahlbezirk,de.st.gem.15090546
de.st.wk.005.gem.15090546.wbz.000003,wahlbezirk,de.st.gem.15090546
de.st.wk.005.gem.15090546.wbz.000004,wahlbezirk,de.st.gem.15090546
de.st.wk.005.gem.15090546.wbz.000005,wahlbezirk,de.st.gem.15090546
de.st.wk.005.gem.15090546.wbz.000006,wahlbezirk,de.st.gem.15090546
de.st.wk.005.gem.15090546.wbz.000007,wahlbezirk,de.st.gem.15090546
de.st.wk.005.gem.15090546.wbz.000008,wahlbezirk,de.st.gem.15090546
de.st.wk.005.gem.15090546.wbz.000009,wahlbezirk,de.st.gem.15090546
de.st.wk.005.gem.15090546.wbz.000010,wahlbezirk,de.st.gem.15090546
de.st.wk.005.gem.15090546.wbz.000011,wahlbezirk,de.st.gem.15090546
de.st.wk.005.gem.15090546.wbz.000012,wahlbezirk,de.st.gem.15090546
de.st.wk.005.gem.15090546.wbz.000013,wahlbezirk,de.st.gem.15090546
de.st.wk.005.gem.15090546.wbz.000014,wahlbezirk,de.st.gem.15090546
de.st.wk.005.gem.15090546.wbz.000015,wahlbezirk,de.st.gem.15090546
de.st.wk.005.gem.15090546.wbz.000016,wahlbezirk,de.st.gem.15090546
de.st.wk.005.gem.15090546.wbz.000017,wahlbezirk,de.st.gem.15090546
de.st.wk.005.gem.15090546.wbz.000018,wahlbezirk,de.st.gem.15090546
de.st.wk.005.gem.15090546.wbz.000019,wahlbezirk,de.st.gem.15090546
de.st.wk.005.gem.15090546.wbz.000020,wahlbezirk,de.st.gem.15090546
de.st.wk.005.gem.15090546.wbz.000021,wahlbezirk,de.st.gem.15090546
de.st.wk.005.gem.15090546.wbz.000022,wahlbezirk,de.st.gem.15090546
de.st.wk.005.gem.15090546.wbz.000023,briefwahlbezirk,de.st.gem.15090546
de.st.wk.005.gem.15090550.wbz.000001,wahlbezirk,de.st.gem.15090550
de.st.wk.005.gem.15090550.wbz.000002,wahlbezirk,de.st.gem.15090550
de.st.wk.005.gem.15090550.wbz.000003,wahlbezirk,de.st.gem.15090550
de.st.wk.005.gem.15090550.wbz.000004,wahlbezirk,de.st.gem.15090550
de.st.wk.005.gem.15090550.wbz.000005,wahlbezirk,de.st.gem.15090550
de.st.wk.005.gem.15090550.wbz.000006,wahlbezirk,de.st.gem.15090550
de.st.wk.005.gem.15090550.wbz.000007,wahlbezirk,de.st.gem.15090550
de.st.wk.005.gem.15090550.wbz.000008,wahlbezirk,de.st.gem.15090550
de.st.wk.005.gem.15090550.wbz.000009,wahlbezirk,de.st.gem.15090550
de.st.wk.005.gem.15090550.wbz.000010,wahlbezirk,de.st.gem.15090550
de.st.wk.005.gem.15090550.wbz.000011,wahlbezirk,de.st.gem.15090550
de.st.wk.005.gem.15090550.wbz.000012,wahlbezirk,de.st.gem.15090550
de.st.wk.005.gem.15090550.wbz.000013,briefwahlbezirk,de.st.gem.15090550
de.st.wk.006.gem.15086005.wbz.000001,wahlbezirk,de.st.gem.15086005
de.st.wk.006.gem.15086005.wbz.000002,wahlbezirk,de.st.gem.15086005
de.st.wk.006.gem.15086005.wbz.000003,wahlbezirk,de.st.gem.15086005
de.st.wk.006.gem.15086005.wbz.000004,wahlbezirk,de.st.gem.15086005
de.st.wk.006.gem.15086005.wbz.000005,wahlbezirk,de.st.gem.15086005
de.st.wk.006.gem.15086005.wbz.000006,wahlbezirk,de.st.gem.15086005
de.st.wk.006.gem.15086005.wbz.000007,briefwahlbezirk,de.st.gem.15086005
de.st.wk.006.gem.15086015.wbz.000001,wahlbezirk,de.st.gem.15086015
de.st.wk.006.gem.15086015.wbz.000002,wahlbezirk,de.st.gem.15086015
de.st.wk.006.gem.15086015.wbz.000003,wahlbezirk,de.st.gem.15086015
de.st.wk.006.gem.15086015.wbz.000004,wahlbezirk,de.st.gem.15086015
de.st.wk.006.gem.15086015.wbz.000005,wahlbezirk,de.st.gem.15086015
de.st.wk.006.gem.15086015.wbz.000006,wahlbezirk,de.st.gem.15086015
de.st.wk.006.gem.15086015.wbz.000007,wahlbezirk,de.st.gem.15086015
de.st.wk.006.gem.15086015.wbz.000008,wahlbezirk,de.st.gem.15086015
de.st.wk.006.gem.15086015.wbz.000009,wahlbezirk,de.st.gem.15086015
de.st.wk.006.gem.15086015.wbz.000010,wahlbezirk,de.st.gem.15086015
de.st.wk.006.gem.15086015.wbz.000011,wahlbezirk,de.st.gem.15086015
de.st.wk.006.gem.15086015.wbz.000012,wahlbezirk,de.st.gem.15086015
de.st.wk.006.gem.15086015.wbz.000013,wahlbezirk,de.st.gem.15086015
de.st.wk.006.gem.15086015.wbz.000014,wahlbezirk,de.st.gem.15086015
de.st.wk.006.gem.15086015.wbz.000015,wahlbezirk,de.st.gem.15086015
de.st.wk.006.gem.15086015.wbz.000016,wahlbezirk,de.st.gem.15086015
de.st.wk.006.gem.15086015.wbz.000017,briefwahlbezirk,de.st.gem.15086015
de.st.wk.006.gem.15086015.wbz.000018,briefwahlbezirk,de.st.gem.15086015
de.st.wk.006.gem.15086140.wbz.000001,wahlbezirk,de.st.gem.15086140
de.st.wk.006.gem.15086140.wbz.000002,wahlbezirk,de.st.gem.15086140
de.st.wk.006.gem.15086140.wbz.000003,wahlbezirk,de.st.gem.15086140
de.st.wk.006.gem.15086140.wbz.000004,wahlbezirk,de.st.gem.15086140
de.st.wk.006.gem.15086140.wbz.000005,wahlbezirk,de.st.gem.15086140
de.st.wk.006.gem.15086140.wbz.000006,wahlbezirk,de.st.gem.15086140
de.st.wk.006.gem.15086140.wbz.000007,wahlbezirk,de.st.gem.15086140
de.st.wk.006.gem.15086140.wbz.000008,wahlbezirk,de.st.gem.15086140
de.st.wk.006.gem.15086140.wbz.000009,wahlbezirk,de.st.gem.15086140
de.st.wk.006.gem.15086140.wbz.000010,wahlbezirk,de.st.gem.15086140
de.st.wk.006.gem.15086140.wbz.000011,wahlbezirk,de.st.gem.15086140
de.st.wk.006.gem.15086140.wbz.000012,wahlbezirk,de.st.gem.15086140
de.st.wk.006.gem.15086140.wbz.000013,wahlbezirk,de.st.gem.15086140
de.st.wk.006.gem.15086140.wbz.000014,wahlbezirk,de.st.gem.15086140
de.st.wk.006.gem.15086140.wbz.000015,wahlbezirk,de.st.gem.15086140
de.st.wk.006.gem.15086140.wbz.000016,wahlbezirk,de.st.gem.15086140
de.st.wk.006.gem.15086140.wbz.000017,wahlbezirk,de.st.gem.15086140
de.st.wk.006.gem.15086140.wbz.000018,wahlbezirk,de.st.gem.15086140
de.st.wk.006.gem.15086140.wbz.000019,wahlbezirk,de.st.gem.15086140
de.st.wk.006.gem.15086140.wbz.000020,wahlbezirk,de.st.gem.15086140
de.st.wk.006.gem.15086140.wbz.000021,wahlbezirk,de.st.gem.15086140
de.st.wk.006.gem.15086140.wbz.000022,wahlbezirk,de.st.gem.15086140
de.st.wk.006.gem.15086140.wbz.000023,wahlbezirk,de.st.gem.15086140
de.st.wk.006.gem.15086140.wbz.000024,wahlbezirk,de.st.gem.15086140
de.st.wk.006.gem.15086140.wbz.000025,wahlbezirk,de.st.gem.15086140
de.st.wk.006.gem.15086140.wbz.000026,wahlbezirk,de.st.gem.15086140
de.st.wk.006.gem.15086140.wbz.000027,wahlbezirk,de.st.gem.15086140
de.st.wk.006.gem.15086140.wbz.000028,wahlbezirk,de.st.gem.15086140
de.st.wk.006.gem.15086140.wbz.000029,wahlbezirk,de.st.gem.15086140
de.st.wk.006.gem.15086140.wbz.000030,briefwahlbezirk,de.st.gem.15086140
de.st.wk.006.gem.15086145.wbz.000010,wahlbezirk,de.st.gem.15086145
de.st.wk.006.gem.15086145.wbz.000020,wahlbezirk,de.st.gem.15086145
de.st.wk.006.gem.15086145.wbz.000030,wahlbezirk,de.st.gem.15086145
de.st.wk.006.gem.15086145.wbz.000041,wahlbezirk,de.st.gem.15086145
de.st.wk.006.gem.15086145.wbz.000042,wahlbezirk,de.st.gem.15086145
de.st.wk.006.gem.15086145.wbz.000050,wahlbezirk,de.st.gem.15086145
de.st.wk.006.gem.15086145.wbz.000060,wahlbezirk,de.st.gem.15086145
de.st.wk.006.gem.15086145.wbz.000070,briefwahlbezirk,de.st.gem.15086145
de.st.wk.007.gem.15083020.wbz.020001,wahlbezirk,de.st.gem.15083020
de.st.wk.007.gem.15083020.wbz.020002,wahlbezirk,de.st.gem.15083020
de.st.wk.007.gem.15083020.wbz.020003,wahlbezirk,de.st.gem.15083020
de.st.wk.007.gem.15083020.wbz.020999,briefwahlbezirk,de.st.gem.15083020
de.st.wk.007.gem.15083060.wbz.060001,wahlbezirk,de.st.gem.15083060
de.st.wk.007.gem.15083060.wbz.060999,briefwahlbezirk,de.st.gem.15083060
de.st.wk.007.gem.15083115.wbz.115001,wahlbezirk,de.st.gem.15083115
de.st.wk.007.gem.15083115.wbz.115002,wahlbezirk,de.st.gem.15083115
de.st.wk.007.gem.15083115.wbz.115999,briefwahlbezirk,de.st.gem.15083115
de.st.wk.007.gem.15083125.wbz.125001,wahlbezirk,de.st.gem.15083125
de.st.wk.007.gem.15083125.wbz.125002,wahlbezirk,de.st.gem.15083125
de.st.wk.007.gem.15083125.wbz.125003,wahlbezirk,de.st.gem.15083125
de.st.wk.007.gem.15083125.wbz.125004,wahlbezirk,de.st.gem.15083125
de.st.wk.007.gem.15083125.wbz.125005,wahlbezirk,de.st.gem.15083125
de.st.wk.007.gem.15083125.wbz.125006,wahlbezirk,de.st.gem.15083125
de.st.wk.007.gem.15083125.wbz.125007,wahlbezirk,de.st.gem.15083125
de.st.wk.007.gem.15083125.wbz.125008,wahlbezirk,de.st.gem.15083125
de.st.wk.007.gem.15083125.wbz.125009,wahlbezirk,de.st.gem.15083125
de.st.wk.007.gem.15083125.wbz.125010,wahlbezirk,de.st.gem.15083125
de.st.wk.007.gem.15083125.wbz.125999,briefwahlbezirk,de.st.gem.15083125
de.st.wk.007.gem.15083190.wbz.190001,wahlbezirk,de.st.gem.15083190
de.st.wk.007.gem.15083190.wbz.190002,wahlbezirk,de.st.gem.15083190
de.st.wk.007.gem.15083190.wbz.190003,wahlbezirk,de.st.gem.15083190
de.st.wk.007.gem.15083190.wbz.190004,wahlbezirk,de.st.gem.15083190
de.st.wk.007.gem.15083190.wbz.190005,wahlbezirk,de.st.gem.15083190
de.st.wk.007.gem.15083190.wbz.190999,briefwahlbezirk,de.st.gem.15083190
de.st.wk.007.gem.15083205.wbz.205001,wahlbezirk,de.st.gem.15083205
de.st.wk.007.gem.15083205.wbz.205002,wahlbezirk,de.st.gem.15083205
de.st.wk.007.gem.15083205.wbz.205003,wahlbezirk,de.st.gem.15083205
de.st.wk.007.gem.15083205.wbz.205004,wahlbezirk,de.st.gem.15083205
de.st.wk.007.gem.15083205.wbz.205005,wahlbezirk,de.st.gem.15083205
de.st.wk.007.gem.15083205.wbz.205006,wahlbezirk,de.st.gem.15083205
de.st.wk.007.gem.15083205.wbz.205007,wahlbezirk,de.st.gem.15083205
de.st.wk.007.gem.15083205.wbz.205999,briefwahlbezirk,de.st.gem.15083205
de.st.wk.007.gem.15083230.wbz.230001,wahlbezirk,de.st.gem.15083230
de.st.wk.007.gem.15083230.wbz.230002,wahlbezirk,de.st.gem.15083230
de.st.wk.007.gem.15083230.wbz.230003,wahlbezirk,de.st.gem.15083230
de.st.wk.007.gem.15083230.wbz.230004,wahlbezirk,de.st.gem.15083230
de.st.wk.007.gem.15083230.wbz.230999,briefwahlbezirk,de.st.gem.15083230
de.st.wk.007.gem.15083270.wbz.270001,wahlbezirk,de.st.gem.15083270
de.st.wk.007.gem.15083270.wbz.270002,wahlbezirk,de.st.gem.15083270
de.st.wk.007.gem.15083270.wbz.270003,wahlbezirk,de.st.gem.15083270
de.st.wk.007.gem.15083270.wbz.270004,wahlbezirk,de.st.gem.15083270
de.st.wk.007.gem.15083270.wbz.270005,wahlbezirk,de.st.gem.15083270
de.st.wk.007.gem.15083270.wbz.270006,wahlbezirk,de.st.gem.15083270
de.st.wk.007.gem.15083270.wbz.270007,wahlbezirk,de.st.gem.15083270
de.st.wk.007.gem.15083270.wbz.270008,wahlbezirk,de.st.gem.15083270
de.st.wk.007.gem.15083270.wbz.270009,wahlbezirk,de.st.gem.15083270
de.st.wk.007.gem.15083270.wbz.270010,wahlbezirk,de.st.gem.15083270
de.st.wk.007.gem.15083270.wbz.270011,wahlbezirk,de.st.gem.15083270
de.st.wk.007.gem.15083270.wbz.270012,wahlbezirk,de.st.gem.15083270
de.st.wk.007.gem.15083270.wbz.270013,wahlbezirk,de.st.gem.15083270
de.st.wk.007.gem.15083270.wbz.270014,wahlbezirk,de.st.gem.15083270
de.st.wk.007.gem.15083270.wbz.270998,briefwahlbezirk,de.st.gem.15083270
de.st.wk.007.gem.15083270.wbz.270999,briefwahlbezirk,de.st.gem.15083270
de.st.wk.007.gem.15083275.wbz.275001,wahlbezirk,de.st.gem.15083275
de.st.wk.007.gem.15083275.wbz.275999,briefwahlbezirk,de.st.gem.15083275
de.st.wk.007.gem.15083320.wbz.320001,wahlbezirk,de.st.gem.15083320
de.st.wk.007.gem.15083320.wbz.320002,wahlbezirk,de.st.gem.15083320
de.st.wk.007.gem.15083320.wbz.320003,wahlbezirk,de.st.gem.15083320
de.st.wk.007.gem.15083320.wbz.320004,wahlbezirk,de.st.gem.15083320
de.st.wk.007.gem.15083320.wbz.320999,briefwahlbezirk,de.st.gem.15083320
de.st.wk.007.gem.15083323.wbz.323001,wahlbezirk,de.st.gem.15083323
de.st.wk.007.gem.15083323.wbz.323002,wahlbezirk,de.st.gem.15083323
de.st.wk.007.gem.15083323.wbz.323003,wahlbezirk,de.st.gem.15083323
de.st.wk.007.gem.15083323.wbz.323004,wahlbezirk,de.st.gem.15083323
de.st.wk.007.gem.15083323.wbz.323999,briefwahlbezirk,de.st.gem.15083323
de.st.wk.007.gem.15083485.wbz.485001,wahlbezirk,de.st.gem.15083485
de.st.wk.007.gem.15083485.wbz.485002,wahlbezirk,de.st.gem.15083485
de.st.wk.007.gem.15083485.wbz.485003,wahlbezirk,de.st.gem.15083485
de.st.wk.007.gem.15083485.wbz.485999,briefwahlbezirk,de.st.gem.15083485
de.st.wk.007.gem.15083505.wbz.505001,wahlbezirk,de.st.gem.15083505
de.st.wk.007.gem.15083505.wbz.505999,briefwahlbezirk,de.st.gem.15083505
de.st.wk.007.gem.15083515.wbz.515001,wahlbezirk,de.st.gem.15083515
de.st.wk.007.gem.15083515.wbz.515002,wahlbezirk,de.st.gem.15083515
de.st.wk.007.gem.15083515.wbz.515999,briefwahlbezirk,de.st.gem.15083515
de.st.wk.007.gem.15083535.wbz.535001,wahlbezirk,de.st.gem.15083535
de.st.wk.007.gem.15083535.wbz.535999,briefwahlbezirk,de.st.gem.15083535
de.st.wk.008.gem.15083030.wbz.030001,wahlbezirk,de.st.gem.15083030
de.st.wk.008.gem.15083030.wbz.030002,wahlbezirk,de.st.gem.15083030
de.st.wk.008.gem.15083030.wbz.030003,wahlbezirk,de.st.gem.15083030
de.st.wk.008.gem.15083030.wbz.030004,wahlbezirk,de.st.gem.15083030
de.st.wk.008.gem.15083030.wbz.030999,briefwahlbezirk,de.st.gem.15083030
de.st.wk.008.gem.15083040.wbz.040001,wahlbezirk,de.st.gem.15083040
de.st.wk.008.gem.15083040.wbz.040002,wahlbezirk,de.st.gem.15083040
de.st.wk.008.gem.15083040.wbz.040003,wahlbezirk,de.st.gem.15083040
de.st.wk.008.gem.15083040.wbz.040004,wahlbezirk,de.st.gem.15083040
de.st.wk.008.gem.15083040.wbz.040005,wahlbezirk,de.st.gem.15083040
de.st.wk.008.gem.15083040.wbz.040999,briefwahlbezirk,de.st.gem.15083040
de.st.wk.008.gem.15083120.wbz.120001,wahlbezirk,de.st.gem.15083120
de.st.wk.008.gem.15083120.wbz.120002,wahlbezirk,de.st.gem.15083120
de.st.wk.008.gem.15083120.wbz.120003,wahlbezirk,de.st.gem.15083120
de.st.wk.008.gem.15083120.wbz.120004,wahlbezirk,de.st.gem.15083120
de.st.wk.008.gem.15083120.wbz.120999,briefwahlbezirk,de.st.gem.15083120
de.st.wk.008.gem.15083130.wbz.130001,wahlbezirk,de.st.gem.15083130
de.st.wk.008.gem.15083130.wbz.130002,wahlbezirk,de.st.gem.15083130
de.st.wk.008.gem.15083130.wbz.130003,wahlbezirk,de.st.gem.15083130
de.st.wk.008.gem.15083130.wbz.130999,briefwahlbezirk,de.st.gem.15083130
de.st.wk.008.gem.15083298.wbz.298001,wahlbezirk,de.st.gem.15083298
de.st.wk.008.gem.15083298.wbz.298002,wahlbezirk,de.st.gem.15083298
de.st.wk.008.gem.15083298.wbz.298003,wahlbezirk,de.st.gem.15083298
de.st.wk.008.gem.15083298.wbz.298004,wahlbezirk,de.st.gem.15083298
de.st.wk.008.gem.15083298.wbz.298005,wahlbezirk,de.st.gem.15083298
de.st.wk.008.gem.15083298.wbz.298006,wahlbezirk,de.st.gem.15083298
de.st.wk.008.gem.15083298.wbz.298007,wahlbezirk,de.st.gem.15083298
de.st.wk.008.gem.15083298.wbz.298008,wahlbezirk,de.st.gem.15083298
de.st.wk.008.gem.15083298.wbz.298009,wahlbezirk,de.st.gem.15083298
de.st.wk.008.gem.15083298.wbz.298010,wahlbezirk,de.st.gem.15083298
de.st.wk.008.gem.15083298.wbz.298011,wahlbezirk,de.st.gem.15083298
de.st.wk.008.gem.15083298.wbz.298012,wahlbezirk,de.st.gem.15083298
de.st.wk.008.gem.15083298.wbz.298013,wahlbezirk,de.st.gem.15083298
de.st.wk.008.gem.15083298.wbz.298014,wahlbezirk,de.st.gem.15083298
de.st.wk.008.gem.15083298.wbz.298015,wahlbezirk,de.st.gem.15083298
de.st.wk.008.gem.15083298.wbz.298016,wahlbezirk,de.st.gem.15083298
de.st.wk.008.gem.15083298.wbz.298017,wahlbezirk,de.st.gem.15083298
de.st.wk.008.gem.15083298.wbz.298998,briefwahlbezirk,de.st.gem.15083298
de.st.wk.008.gem.15083298.wbz.298999,briefwahlbezirk,de.st.gem.15083298
de.st.wk.008.gem.15083361.wbz.361001,wahlbezirk,de.st.gem.15083361
de.st.wk.008.gem.15083361.wbz.361002,wahlbezirk,de.st.gem.15083361
de.st.wk.008.gem.15083361.wbz.361999,briefwahlbezirk,de.st.gem.15083361
de.st.wk.008.gem.15083390.wbz.390001,wahlbezirk,de.st.gem.15083390
de.st.wk.008.gem.15083390.wbz.390002,wahlbezirk,de.st.gem.15083390
de.st.wk.008.gem.15083390.wbz.390003,wahlbezirk,de.st.gem.15083390
de.st.wk.008.gem.15083390.wbz.390004,wahlbezirk,de.st.gem.15083390
de.st.wk.008.gem.15083390.wbz.390005,wahlbezirk,de.st.gem.15083390
de.st.wk.008.gem.15083390.wbz.390006,wahlbezirk,de.st.gem.15083390
de.st.wk.008.gem.15083390.wbz.390007,wahlbezirk,de.st.gem.15083390
de.st.wk.008.gem.15083390.wbz.390008,wahlbezirk,de.st.gem.15083390
de.st.wk.008.gem.15083390.wbz.390009,wahlbezirk,de.st.gem.15083390
de.st.wk.008.gem.15083390.wbz.390999,briefwahlbezirk,de.st.gem.15083390
de.st.wk.008.gem.15083440.wbz.440001,wahlbezirk,de.st.gem.15083440
de.st.wk.008.gem.15083440.wbz.440999,briefwahlbezirk,de.st.gem.15083440
de.st.wk.008.gem.15083557.wbz.557001,wahlbezirk,de.st.gem.15083557
de.st.wk.008.gem.15083557.wbz.557002,wahlbezirk,de.st.gem.15083557
de.st.wk.008.gem.15083557.wbz.557003,wahlbezirk,de.st.gem.15083557
de.st.wk.008.gem.15083557.wbz.557004,wahlbezirk,de.st.gem.15083557
de.st.wk.008.gem.15083557.wbz.557999,briefwahlbezirk,de.st.gem.15083557
de.st.wk.008.gem.15083565.wbz.565001,wahlbezirk,de.st.gem.15083565
de.st.wk.008.gem.15083565.wbz.565002,wahlbezirk,de.st.gem.15083565
de.st.wk.008.gem.15083565.wbz.565003,wahlbezirk,de.st.gem.15083565
de.st.wk.008.gem.15083565.wbz.565004,wahlbezirk,de.st.gem.15083565
de.st.wk.008.gem.15083565.wbz.565005,wahlbezirk,de.st.gem.15083565
de.st.wk.008.gem.15083565.wbz.565006,wahlbezirk,de.st.gem.15083565
de.st.wk.008.gem.15083565.wbz.565007,wahlbezirk,de.st.gem.15083565
de.st.wk.008.gem.15083565.wbz.565008,wahlbezirk,de.st.gem.15083565
de.st.wk.008.gem.15083565.wbz.565009,wahlbezirk,de.st.gem.15083565
de.st.wk.008.gem.15083565.wbz.565010,wahlbezirk,de.st.gem.15083565
de.st.wk.008.gem.15083565.wbz.565999,briefwahlbezirk,de.st.gem.15083565
de.st.wk.008.gem.15083580.wbz.580001,wahlbezirk,de.st.gem.15083580
de.st.wk.008.gem.15083580.wbz.580002,wahlbezirk,de.st.gem.15083580
de.st.wk.008.gem.15083580.wbz.580999,briefwahlbezirk,de.st.gem.15083580
de.st.wk.009.gem.15083025.wbz.025001,wahlbezirk,de.st.gem.15083025
de.st.wk.009.gem.15083025.wbz.025002,wahlbezirk,de.st.gem.15083025
de.st.wk.009.gem.15083025.wbz.025003,wahlbezirk,de.st.gem.15083025
de.st.wk.009.gem.15083025.wbz.025004,wahlbezirk,de.st.gem.15083025
de.st.wk.009.gem.15083025.wbz.025999,briefwahlbezirk,de.st.gem.15083025
de.st.wk.009.gem.15083035.wbz.035001,wahlbezirk,de.st.gem.15083035
de.st.wk.009.gem.15083035.wbz.035002,wahlbezirk,de.st.gem.15083035
de.st.wk.009.gem.15083035.wbz.035003,wahlbezirk,de.st.gem.15083035
de.st.wk.009.gem.15083035.wbz.035004,wahlbezirk,de.st.gem.15083035
de.st.wk.009.gem.15083035.wbz.035999,briefwahlbezirk,de.st.gem.15083035
de.st.wk.009.gem.15083245.wbz.245001,wahlbezirk,de.st.gem.15083245
de.st.wk.009.gem.15083245.wbz.245002,wahlbezirk,de.st.gem.15083245
de.st.wk.009.gem.15083245.wbz.245003,wahlbezirk,de.st.gem.15083245
de.st.wk.009.gem.15083245.wbz.245004,wahlbezirk,de.st.gem.15083245
de.st.wk.009.gem.15083245.wbz.245005,wahlbezirk,de.st.gem.15083245
de.st.wk.009.gem.15083245.wbz.245999,briefwahlbezirk,de.st.gem.15083245
de.st.wk.009.gem.15083355.wbz.355001,wahlbezirk,de.st.gem.15083355
de.st.wk.009.gem.15083355.wbz.355999,briefwahlbezirk,de.st.gem.15083355
de.st.wk.009.gem.15083415.wbz.415001,wahlbezirk,de.st.gem.15083415
de.st.wk.009.gem.15083415.wbz.415002,wahlbezirk,de.st.gem.15083415
de.st.wk.009.gem.15083415.wbz.415003,wahlbezirk,de.st.gem.15083415
de.st.wk.009.gem.15083415.wbz.415004,wahlbezirk,de.st.gem.15083415
de.st.wk.009.gem.15083415.wbz.415005,wahlbezirk,de.st.gem.15083415
de.st.wk.009.gem.15083415.wbz.415006,wahlbezirk,de.st.gem.15083415
de.st.wk.009.gem.15083415.wbz.415007,wahlbezirk,de.st.gem.15083415
de.st.wk.009.gem.15083415.wbz.415008,wahlbezirk,de.st.gem.15083415
de.st.wk.009.gem.15083415.wbz.415009,wahlbezirk,de.st.gem.15083415
de.st.wk.009.gem.15083415.wbz.415010,wahlbezirk,de.st.gem.15083415
de.st.wk.009.gem.15083415.wbz.415011,wahlbezirk,de.st.gem.15083415
de.st.wk.009.gem.15083415.wbz.415012,wahlbezirk,de.st.gem.15083415
de.st.wk.009.gem.15083415.wbz.415013,wahlbezirk,de.st.gem.15083415
de.st.wk.009.gem.15083415.wbz.415014,wahlbezirk,de.st.gem.15083415
de.st.wk.009.gem.15083415.wbz.415015,wahlbezirk,de.st.gem.15083415
de.st.wk.009.gem.15083415.wbz.415016,wahlbezirk,de.st.gem.15083415
de.st.wk.009.gem.15083415.wbz.415017,wahlbezirk,de.st.gem.15083415
de.st.wk.009.gem.15083415.wbz.415018,wahlbezirk,de.st.gem.15083415
de.st.wk.009.gem.15083415.wbz.415019,wahlbezirk,de.st.gem.15083415
de.st.wk.009.gem.15083415.wbz.415020,wahlbezirk,de.st.gem.15083415
de.st.wk.009.gem.15083415.wbz.415021,wahlbezirk,de.st.gem.15083415
de.st.wk.009.gem.15083415.wbz.415998,briefwahlbezirk,de.st.gem.15083415
de.st.wk.009.gem.15083415.wbz.415999,briefwahlbezirk,de.st.gem.15083415
de.st.wk.009.gem.15083490.wbz.490001,wahlbezirk,de.st.gem.15083490
de.st.wk.009.gem.15083490.wbz.490002,wahlbezirk,de.st.gem.15083490
de.st.wk.009.gem.15083490.wbz.490003,wahlbezirk,de.st.gem.15083490
de.st.wk.009.gem.15083490.wbz.490004,wahlbezirk,de.st.gem.15083490
de.st.wk.009.gem.15083490.wbz.490005,wahlbezirk,de.st.gem.15083490
de.st.wk.009.gem.15083490.wbz.490006,wahlbezirk,de.st.gem.15083490
de.st.wk.009.gem.15083490.wbz.490007,wahlbezirk,de.st.gem.15083490
de.st.wk.009.gem.15083490.wbz.490008,wahlbezirk,de.st.gem.15083490
de.st.wk.009.gem.15083490.wbz.490999,briefwahlbezirk,de.st.gem.15083490
de.st.wk.009.gem.15083531.wbz.531001,wahlbezirk,de.st.gem.15083531
de.st.wk.009.gem.15083531.wbz.531002,wahlbezirk,de.st.gem.15083531
de.st.wk.009.gem.15083531.wbz.531003,wahlbezirk,de.st.gem.15083531
de.st.wk.009.gem.15083531.wbz.531004,wahlbezirk,de.st.gem.15083531
de.st.wk.009.gem.15083531.wbz.531005,wahlbezirk,de.st.gem.15083531
de.st.wk.009.gem.15083531.wbz.531006,wahlbezirk,de.st.gem.15083531
de.st.wk.009.gem.15083531.wbz.531007,wahlbezirk,de.st.gem.15083531
de.st.wk.009.gem.15083531.wbz.531008,wahlbezirk,de.st.gem.15083531
de.st.wk.009.gem.15083531.wbz.531009,wahlbezirk,de.st.gem.15083531
de.st.wk.009.gem.15083531.wbz.531010,wahlbezirk,de.st.gem.15083531
de.st.wk.009.gem.15083531.wbz.531011,wahlbezirk,de.st.gem.15083531
de.st.wk.009.gem.15083531.wbz.531012,wahlbezirk,de.st.gem.15083531
de.st.wk.009.gem.15083531.wbz.531013,wahlbezirk,de.st.gem.15083531
de.st.wk.009.gem.15083531.wbz.531014,wahlbezirk,de.st.gem.15083531
de.st.wk.009.gem.15083531.wbz.531015,wahlbezirk,de.st.gem.15083531
de.st.wk.009.gem.15083531.wbz.531016,wahlbezirk,de.st.gem.15083531
de.st.wk.009.gem.15083531.wbz.531999,briefwahlbezirk,de.st.gem.15083531
de.st.wk.010.gem.15003000.wbz.000401,wahlbezirk,de.st.gem.15003000
de.st.wk.010.gem.15003000.wbz.000402,wahlbezirk,de.st.gem.15003000
de.st.wk.010.gem.15003000.wbz.000403,wahlbezirk,de.st.gem.15003000
de.st.wk.010.gem.15003000.wbz.000404,wahlbezirk,de.st.gem.15003000
de.st.wk.010.gem.15003000.wbz.000405,wahlbezirk,de.st.gem.15003000
de.st.wk.010.gem.15003000.wbz.000406,wahlbezirk,de.st.gem.15003000
de.st.wk.010.gem.15003000.wbz.000601,wahlbezirk,de.st.gem.15003000
de.st.wk.010.gem.15003000.wbz.000602,wahlbezirk,de.st.gem.15003000
de.st.wk.010.gem.15003000.wbz.000603,wahlbezirk,de.st.gem.15003000
de.st.wk.010.gem.15003000.wbz.000604,wahlbezirk,de.st.gem.15003000
de.st.wk.010.gem.15003000.wbz.000605,wahlbezirk,de.st.gem.15003000
de.st.wk.010.gem.15003000.wbz.000606,wahlbezirk,de.st.gem.15003000
de.st.wk.010.gem.15003000.wbz.000608,wahlbezirk,de.st.gem.15003000
de.st.wk.010.gem.15003000.wbz.000609,wahlbezirk,de.st.gem.15003000
de.st.wk.010.gem.15003000.wbz.000610,wahlbezirk,de.st.gem.15003000
de.st.wk.010.gem.15003000.wbz.000801,wahlbezirk,de.st.gem.15003000
de.st.wk.010.gem.15003000.wbz.000802,wahlbezirk,de.st.gem.15003000
de.st.wk.010.gem.15003000.wbz.000803,wahlbezirk,de.st.gem.15003000
de.st.wk.010.gem.15003000.wbz.000804,wahlbezirk,de.st.gem.15003000
de.st.wk.010.gem.15003000.wbz.000805,wahlbezirk,de.st.gem.15003000
de.st.wk.010.gem.15003000.wbz.000806,wahlbezirk,de.st.gem.15003000
de.st.wk.010.gem.15003000.wbz.000807,wahlbezirk,de.st.gem.15003000
de.st.wk.010.gem.15003000.wbz.000808,wahlbezirk,de.st.gem.15003000
de.st.wk.010.gem.15003000.wbz.000809,wahlbezirk,de.st.gem.15003000
de.st.wk.010.gem.15003000.wbz.001001,wahlbezirk,de.st.gem.15003000
de.st.wk.010.gem.15003000.wbz.001002,wahlbezirk,de.st.gem.15003000
de.st.wk.010.gem.15003000.wbz.001003,wahlbezirk,de.st.gem.15003000
de.st.wk.010.gem.15003000.wbz.001005,wahlbezirk,de.st.gem.15003000
de.st.wk.010.gem.15003000.wbz.001006,wahlbezirk,de.st.gem.15003000
de.st.wk.010.gem.15003000.wbz.001201,wahlbezirk,de.st.gem.15003000
de.st.wk.010.gem.15003000.wbz.001202,wahlbezirk,de.st.gem.15003000
de.st.wk.010.gem.15003000.wbz.001203,wahlbezirk,de.st.gem.15003000
de.st.wk.010.gem.15003000.wbz.001205,wahlbezirk,de.st.gem.15003000
de.st.wk.010.gem.15003000.wbz.001207,wahlbezirk,de.st.gem.15003000
de.st.wk.010.gem.15003000.wbz.001208,wahlbezirk,de.st.gem.15003000
de.st.wk.010.gem.15003000.wbz.001209,wahlbezirk,de.st.gem.15003000
de.st.wk.010.gem.15003000.wbz.006601,wahlbezirk,de.st.gem.15003000
de.st.wk.010.gem.15003000.wbz.006603,wahlbezirk,de.st.gem.15003000
de.st.wk.010.gem.15003000.wbz.009011,briefwahlbezirk,de.st.gem.15003000
de.st.wk.010.gem.15003000.wbz.009012,briefwahlbezirk,de.st.gem.15003000
de.st.wk.010.gem.15003000.wbz.009013,briefwahlbezirk,de.st.gem.15003000
de.st.wk.010.gem.15003000.wbz.009014,briefwahlbezirk,de.st.gem.15003000
de.st.wk.010.gem.15003000.wbz.009021,briefwahlbezirk,de.st.gem.15003000
de.st.wk.010.gem.15003000.wbz.009022,briefwahlbezirk,de.st.gem.15003000
de.st.wk.010.gem.15003000.wbz.009023,briefwahlbezirk,de.st.gem.15003000
de.st.wk.010.gem.15003000.wbz.009024,briefwahlbezirk,de.st.gem.15003000
de.st.wk.010.gem.15003000.wbz.009051,briefwahlbezirk,de.st.gem.15003000
de.st.wk.010.gem.15003000.wbz.009052,briefwahlbezirk,de.st.gem.15003000
de.st.wk.010.gem.15003000.wbz.009996,briefwahlbezirk,de.st.gem.15003000
de.st.wk.011.gem.15003000.wbz.000101,wahlbezirk,de.st.gem.15003000
de.st.wk.011.gem.15003000.wbz.000102,wahlbezirk,de.st.gem.15003000
de.st.wk.011.gem.15003000.wbz.000103,wahlbezirk,de.st.gem.15003000
de.st.wk.011.gem.15003000.wbz.000104,wahlbezirk,de.st.gem.15003000
de.st.wk.011.gem.15003000.wbz.000105,wahlbezirk,de.st.gem.15003000
de.st.wk.011.gem.15003000.wbz.000106,wahlbezirk,de.st.gem.15003000
de.st.wk.011.gem.15003000.wbz.000107,wahlbezirk,de.st.gem.15003000
de.st.wk.011.gem.15003000.wbz.000108,wahlbezirk,de.st.gem.15003000
de.st.wk.011.gem.15003000.wbz.000109,wahlbezirk,de.st.gem.15003000
de.st.wk.011.gem.15003000.wbz.000110,wahlbezirk,de.st.gem.15003000
de.st.wk.011.gem.15003000.wbz.000201,wahlbezirk,de.st.gem.15003000
de.st.wk.011.gem.15003000.wbz.000202,wahlbezirk,de.st.gem.15003000
de.st.wk.011.gem.15003000.wbz.002401,wahlbezirk,de.st.gem.15003000
de.st.wk.011.gem.15003000.wbz.002402,wahlbezirk,de.st.gem.15003000
de.st.wk.011.gem.15003000.wbz.002403,wahlbezirk,de.st.gem.15003000
de.st.wk.011.gem.15003000.wbz.002404,wahlbezirk,de.st.gem.15003000
de.st.wk.011.gem.15003000.wbz.002405,wahlbezirk,de.st.gem.15003000
de.st.wk.011.gem.15003000.wbz.002406,wahlbezirk,de.st.gem.15003000
de.st.wk.011.gem.15003000.wbz.002407,wahlbezirk,de.st.gem.15003000
de.st.wk.011.gem.15003000.wbz.002408,wahlbezirk,de.st.gem.15003000
de.st.wk.011.gem.15003000.wbz.002409,wahlbezirk,de.st.gem.15003000
de.st.wk.011.gem.15003000.wbz.002410,wahlbezirk,de.st.gem.15003000
de.st.wk.011.gem.15003000.wbz.002411,wahlbezirk,de.st.gem.15003000
de.st.wk.011.gem.15003000.wbz.002412,wahlbezirk,de.st.gem.15003000
de.st.wk.011.gem.15003000.wbz.002413,wahlbezirk,de.st.gem.15003000
de.st.wk.011.gem.15003000.wbz.002414,wahlbezirk,de.st.gem.15003000
de.st.wk.011.gem.15003000.wbz.002415,wahlbezirk,de.st.gem.15003000
de.st.wk.011.gem.15003000.wbz.002416,wahlbezirk,de.st.gem.15003000
de.st.wk.011.gem.15003000.wbz.005201,wahlbezirk,de.st.gem.15003000
de.st.wk.011.gem.15003000.wbz.005202,wahlbezirk,de.st.gem.15003000
de.st.wk.011.gem.15003000.wbz.005401,wahlbezirk,de.st.gem.15003000
de.st.wk.011.gem.15003000.wbz.005402,wahlbezirk,de.st.gem.15003000
de.st.wk.011.gem.15003000.wbz.005601,wahlbezirk,de.st.gem.15003000
de.st.wk.011.gem.15003000.wbz.005602,wahlbezirk,de.st.gem.15003000
de.st.wk.011.gem.15003000.wbz.005603,wahlbezirk,de.st.gem.15003000
de.st.wk.011.gem.15003000.wbz.005604,wahlbezirk,de.st.gem.15003000
de.st.wk.011.gem.15003000.wbz.005605,wahlbezirk,de.st.gem.15003000
de.st.wk.011.gem.15003000.wbz.005801,wahlbezirk,de.st.gem.15003000
de.st.wk.011.gem.15003000.wbz.005802,wahlbezirk,de.st.gem.15003000
de.st.wk.011.gem.15003000.wbz.006401,wahlbezirk,de.st.gem.15003000
de.st.wk.011.gem.15003000.wbz.007401,wahlbezirk,de.st.gem.15003000
de.st.wk.011.gem.15003000.wbz.007601,wahlbezirk,de.st.gem.15003000
de.st.wk.011.gem.15003000.wbz.009041,briefwahlbezirk,de.st.gem.15003000
de.st.wk.011.gem.15003000.wbz.009042,briefwahlbezirk,de.st.gem.15003000
de.st.wk.011.gem.15003000.wbz.009043,briefwahlbezirk,de.st.gem.15003000
de.st.wk.011.gem.15003000.wbz.009044,briefwahlbezirk,de.st.gem.15003000
de.st.wk.011.gem.15003000.wbz.009045,briefwahlbezirk,de.st.gem.15003000
de.st.wk.011.gem.15003000.wbz.009053,briefwahlbezirk,de.st.gem.15003000
de.st.wk.011.gem.15003000.wbz.009054,briefwahlbezirk,de.st.gem.15003000
de.st.wk.011.gem.15003000.wbz.009055,briefwahlbezirk,de.st.gem.15003000
de.st.wk.011.gem.15003000.wbz.009061,briefwahlbezirk,de.st.gem.15003000
de.st.wk.011.gem.15003000.wbz.009062,briefwahlbezirk,de.st.gem.15003000
de.st.wk.011.gem.15003000.wbz.009063,briefwahlbezirk,de.st.gem.15003000
de.st.wk.011.gem.15003000.wbz.009064,briefwahlbezirk,de.st.gem.15003000
de.st.wk.011.gem.15003000.wbz.009541,briefwahlbezirk,de.st.gem.15003000
de.st.wk.011.gem.15003000.wbz.009542,briefwahlbezirk,de.st.gem.15003000
de.st.wk.011.gem.15003000.wbz.009554,briefwahlbezirk,de.st.gem.15003000
de.st.wk.011.gem.15003000.wbz.009555,briefwahlbezirk,de.st.gem.15003000
de.st.wk.011.gem.15003000.wbz.009561,briefwahlbezirk,de.st.gem.15003000
de.st.wk.011.gem.15003000.wbz.009562,briefwahlbezirk,de.st.gem.15003000
de.st.wk.011.gem.15003000.wbz.009564,briefwahlbezirk,de.st.gem.15003000
de.st.wk.011.gem.15003000.wbz.009997,briefwahlbezirk,de.st.gem.15003000
de.st.wk.012.gem.15003000.wbz.001801,wahlbezirk,de.st.gem.15003000
de.st.wk.012.gem.15003000.wbz.001802,wahlbezirk,de.st.gem.15003000
de.st.wk.012.gem.15003000.wbz.001803,wahlbezirk,de.st.gem.15003000
de.st.wk.012.gem.15003000.wbz.002001,wahlbezirk,de.st.gem.15003000
de.st.wk.012.gem.15003000.wbz.002002,wahlbezirk,de.st.gem.15003000
de.st.wk.012.gem.15003000.wbz.002003,wahlbezirk,de.st.gem.15003000
de.st.wk.012.gem.15003000.wbz.002201,wahlbezirk,de.st.gem.15003000
de.st.wk.012.gem.15003000.wbz.002203,wahlbezirk,de.st.gem.15003000
de.st.wk.012.gem.15003000.wbz.002204,wahlbezirk,de.st.gem.15003000
de.st.wk.012.gem.15003000.wbz.002207,wahlbezirk,de.st.gem.15003000
de.st.wk.012.gem.15003000.wbz.002209,wahlbezirk,de.st.gem.15003000
de.st.wk.012.gem.15003000.wbz.002211,wahlbezirk,de.st.gem.15003000
de.st.wk.012.gem.15003000.wbz.002215,wahlbezirk,de.st.gem.15003000
de.st.wk.012.gem.15003000.wbz.002601,wahlbezirk,de.st.gem.15003000
de.st.wk.012.gem.15003000.wbz.002602,wahlbezirk,de.st.gem.15003000
de.st.wk.012.gem.15003000.wbz.002603,wahlbezirk,de.st.gem.15003000
de.st.wk.012.gem.15003000.wbz.002604,wahlbezirk,de.st.gem.15003000
de.st.wk.012.gem.15003000.wbz.002605,wahlbezirk,de.st.gem.15003000
de.st.wk.012.gem.15003000.wbz.002606,wahlbezirk,de.st.gem.15003000
de.st.wk.012.gem.15003000.wbz.002607,wahlbezirk,de.st.gem.15003000
de.st.wk.012.gem.15003000.wbz.002609,wahlbezirk,de.st.gem.15003000
de.st.wk.012.gem.15003000.wbz.002610,wahlbezirk,de.st.gem.15003000
de.st.wk.012.gem.15003000.wbz.002611,wahlbezirk,de.st.gem.15003000
de.st.wk.012.gem.15003000.wbz.002801,wahlbezirk,de.st.gem.15003000
de.st.wk.012.gem.15003000.wbz.002802,wahlbezirk,de.st.gem.15003000
de.st.wk.012.gem.15003000.wbz.002803,wahlbezirk,de.st.gem.15003000
de.st.wk.012.gem.15003000.wbz.003001,wahlbezirk,de.st.gem.15003000
de.st.wk.012.gem.15003000.wbz.003002,wahlbezirk,de.st.gem.15003000
de.st.wk.012.gem.15003000.wbz.003003,wahlbezirk,de.st.gem.15003000
de.st.wk.012.gem.15003000.wbz.003004,wahlbezirk,de.st.gem.15003000
de.st.wk.012.gem.15003000.wbz.003005,wahlbezirk,de.st.gem.15003000
de.st.wk.012.gem.15003000.wbz.003006,wahlbezirk,de.st.gem.15003000
de.st.wk.012.gem.15003000.wbz.003007,wahlbezirk,de.st.gem.15003000
de.st.wk.012.gem.15003000.wbz.003009,wahlbezirk,de.st.gem.15003000
de.st.wk.012.gem.15003000.wbz.003010,wahlbezirk,de.st.gem.15003000
de.st.wk.012.gem.15003000.wbz.003011,wahlbezirk,de.st.gem.15003000
de.st.wk.012.gem.15003000.wbz.009031,briefwahlbezirk,de.st.gem.15003000
de.st.wk.012.gem.15003000.wbz.009032,briefwahlbezirk,de.st.gem.15003000
de.st.wk.012.gem.15003000.wbz.009033,briefwahlbezirk,de.st.gem.15003000
de.st.wk.012.gem.15003000.wbz.009034,briefwahlbezirk,de.st.gem.15003000
de.st.wk.012.gem.15003000.wbz.009071,briefwahlbezirk,de.st.gem.15003000
de.st.wk.012.gem.15003000.wbz.009072,briefwahlbezirk,de.st.gem.15003000
de.st.wk.012.gem.15003000.wbz.009073,briefwahlbezirk,de.st.gem.15003000
de.st.wk.012.gem.15003000.wbz.009075,briefwahlbezirk,de.st.gem.15003000
de.st.wk.012.gem.15003000.wbz.009081,briefwahlbezirk,de.st.gem.15003000
de.st.wk.012.gem.15003000.wbz.009082,briefwahlbezirk,de.st.gem.15003000
de.st.wk.012.gem.15003000.wbz.009083,briefwahlbezirk,de.st.gem.15003000
de.st.wk.012.gem.15003000.wbz.009581,briefwahlbezirk,de.st.gem.15003000
de.st.wk.012.gem.15003000.wbz.009582,briefwahlbezirk,de.st.gem.15003000
de.st.wk.012.gem.15003000.wbz.009998,briefwahlbezirk,de.st.gem.15003000
de.st.wk.013.gem.15003000.wbz.003201,wahlbezirk,de.st.gem.15003000
de.st.wk.013.gem.15003000.wbz.003202,wahlbezirk,de.st.gem.15003000
de.st.wk.013.gem.15003000.wbz.003203,wahlbezirk,de.st.gem.15003000
de.st.wk.013.gem.15003000.wbz.003204,wahlbezirk,de.st.gem.15003000
de.st.wk.013.gem.15003000.wbz.003205,wahlbezirk,de.st.gem.15003000
de.st.wk.013.gem.15003000.wbz.003206,wahlbezirk,de.st.gem.15003000
de.st.wk.013.gem.15003000.wbz.003207,wahlbezirk,de.st.gem.15003000
de.st.wk.013.gem.15003000.wbz.003401,wahlbezirk,de.st.gem.15003000
de.st.wk.013.gem.15003000.wbz.003402,wahlbezirk,de.st.gem.15003000
de.st.wk.013.gem.15003000.wbz.003601,wahlbezirk,de.st.gem.15003000
de.st.wk.013.gem.15003000.wbz.003602,wahlbezirk,de.st.gem.15003000
de.st.wk.013.gem.15003000.wbz.003603,wahlbezirk,de.st.gem.15003000
de.st.wk.013.gem.15003000.wbz.003604,wahlbezirk,de.st.gem.15003000
de.st.wk.013.gem.15003000.wbz.003605,wahlbezirk,de.st.gem.15003000
de.st.wk.013.gem.15003000.wbz.003606,wahlbezirk,de.st.gem.15003000
de.st.wk.013.gem.15003000.wbz.003607,wahlbezirk,de.st.gem.15003000
de.st.wk.013.gem.15003000.wbz.003608,wahlbezirk,de.st.gem.15003000
de.st.wk.013.gem.15003000.wbz.003609,wahlbezirk,de.st.gem.15003000
de.st.wk.013.gem.15003000.wbz.003801,wahlbezirk,de.st.gem.15003000
de.st.wk.013.gem.15003000.wbz.003802,wahlbezirk,de.st.gem.15003000
de.st.wk.013.gem.15003000.wbz.003803,wahlbezirk,de.st.gem.15003000
de.st.wk.013.gem.15003000.wbz.003804,wahlbezirk,de.st.gem.15003000
de.st.wk.013.gem.15003000.wbz.003805,wahlbezirk,de.st.gem.15003000
de.st.wk.013.gem.15003000.wbz.003806,wahlbezirk,de.st.gem.15003000
de.st.wk.013.gem.15003000.wbz.003807,wahlbezirk,de.st.gem.15003000
de.st.wk.013.gem.15003000.wbz.003809,wahlbezirk,de.st.gem.15003000
de.st.wk.013.gem.15003000.wbz.003811,wahlbezirk,de.st.gem.15003000
de.st.wk.013.gem.15003000.wbz.004001,wahlbezirk,de.st.gem.15003000
de.st.wk.013.gem.15003000.wbz.004002,wahlbezirk,de.st.gem.15003000
de.st.wk.013.gem.15003000.wbz.004003,wahlbezirk,de.st.gem.15003000
de.st.wk.013.gem.15003000.wbz.004401,wahlbezirk,de.st.gem.15003000
de.st.wk.013.gem.15003000.wbz.004402,wahlbezirk,de.st.gem.15003000
de.st.wk.013.gem.15003000.wbz.004403,wahlbezirk,de.st.gem.15003000
de.st.wk.013.gem.15003000.wbz.004601,wahlbezirk,de.st.gem.15003000
de.st.wk.013.gem.15003000.wbz.004602,wahlbezirk,de.st.gem.15003000
de.st.wk.013.gem.15003000.wbz.004801,wahlbezirk,de.st.gem.15003000
de.st.wk.013.gem.15003000.wbz.004802,wahlbezirk,de.st.gem.15003000
de.st.wk.013.gem.15003000.wbz.004803,wahlbezirk,de.st.gem.15003000
de.st.wk.013.gem.15003000.wbz.005001,wahlbezirk,de.st.gem.15003000
de.st.wk.013.gem.15003000.wbz.005002,wahlbezirk,de.st.gem.15003000
de.st.wk.013.gem.15003000.wbz.007801,wahlbezirk,de.st.gem.15003000
de.st.wk.013.gem.15003000.wbz.007802,wahlbezirk,de.st.gem.15003000
de.st.wk.013.gem.15003000.wbz.009001,briefwahlbezirk,de.st.gem.15003000
de.st.wk.013.gem.15003000.wbz.009002,briefwahlbezirk,de.st.gem.15003000
de.st.wk.013.gem.15003000.wbz.009003,briefwahlbezirk,de.st.gem.15003000
de.st.wk.013.gem.15003000.wbz.009004,briefwahlbezirk,de.st.gem.15003000
de.st.wk.013.gem.15003000.wbz.009074,briefwahlbezirk,de.st.gem.15003000
de.st.wk.013.gem.15003000.wbz.009084,briefwahlbezirk,de.st.gem.15003000
de.st.wk.013.gem.15003000.wbz.009085,briefwahlbezirk,de.st.gem.15003000
de.st.wk.013.gem.15003000.wbz.009091,briefwahlbezirk,de.st.gem.15003000
de.st.wk.013.gem.15003000.wbz.009092,briefwahlbezirk,de.st.gem.15003000
de.st.wk.013.gem.15003000.wbz.009093,briefwahlbezirk,de.st.gem.15003000
de.st.wk.013.gem.15003000.wbz.009094,briefwahlbezirk,de.st.gem.15003000
de.st.wk.013.gem.15003000.wbz.009095,briefwahlbezirk,de.st.gem.15003000
de.st.wk.013.gem.15003000.wbz.009504,briefwahlbezirk,de.st.gem.15003000
de.st.wk.013.gem.15003000.wbz.009584,briefwahlbezirk,de.st.gem.15003000
de.st.wk.013.gem.15003000.wbz.009585,briefwahlbezirk,de.st.gem.15003000
de.st.wk.013.gem.15003000.wbz.009592,briefwahlbezirk,de.st.gem.15003000
de.st.wk.013.gem.15003000.wbz.009999,briefwahlbezirk,de.st.gem.15003000
de.st.wk.014.gem.15085125.wbz.000993,briefwahlbezirk,de.st.gem.15085125
de.st.wk.014.gem.15085125.wbz.004001,wahlbezirk,de.st.gem.15085125
de.st.wk.014.gem.15085135.wbz.000001,wahlbezirk,de.st.gem.15085135
de.st.wk.014.gem.15085135.wbz.000002,wahlbezirk,de.st.gem.15085135
de.st.wk.014.gem.15085135.wbz.000003,wahlbezirk,de.st.gem.15085135
de.st.wk.014.gem.15085135.wbz.000004,wahlbezirk,de.st.gem.15085135
de.st.wk.014.gem.15085135.wbz.000005,wahlbezirk,de.st.gem.15085135
de.st.wk.014.gem.15085135.wbz.000006,wahlbezirk,de.st.gem.15085135
de.st.wk.014.gem.15085135.wbz.000007,wahlbezirk,de.st.gem.15085135
de.st.wk.014.gem.15085135.wbz.000008,wahlbezirk,de.st.gem.15085135
de.st.wk.014.gem.15085135.wbz.000009,wahlbezirk,de.st.gem.15085135
de.st.wk.014.gem.15085135.wbz.000010,wahlbezirk,de.st.gem.15085135
de.st.wk.014.gem.15085135.wbz.000011,wahlbezirk,de.st.gem.15085135
de.st.wk.014.gem.15085135.wbz.000012,wahlbezirk,de.st.gem.15085135
de.st.wk.014.gem.15085135.wbz.000013,wahlbezirk,de.st.gem.15085135
de.st.wk.014.gem.15085135.wbz.000014,wahlbezirk,de.st.gem.15085135
de.st.wk.014.gem.15085135.wbz.000015,wahlbezirk,de.st.gem.15085135
de.st.wk.014.gem.15085135.wbz.000016,wahlbezirk,de.st.gem.15085135
de.st.wk.014.gem.15085135.wbz.000017,wahlbezirk,de.st.gem.15085135
de.st.wk.014.gem.15085135.wbz.000018,wahlbezirk,de.st.gem.15085135
de.st.wk.014.gem.15085135.wbz.000019,wahlbezirk,de.st.gem.15085135
de.st.wk.014.gem.15085135.wbz.000020,wahlbezirk,de.st.gem.15085135
de.st.wk.014.gem.15085135.wbz.000021,wahlbezirk,de.st.gem.15085135
de.st.wk.014.gem.15085135.wbz.000022,wahlbezirk,de.st.gem.15085135
de.st.wk.014.gem.15085135.wbz.000023,wahlbezirk,de.st.gem.15085135
de.st.wk.014.gem.15085135.wbz.000992,briefwahlbezirk,de.st.gem.15085135
de.st.wk.014.gem.15085135.wbz.000996,briefwahlbezirk,de.st.gem.15085135
de.st.wk.014.gem.15085135.wbz.000997,briefwahlbezirk,de.st.gem.15085135
de.st.wk.014.gem.15085135.wbz.000998,briefwahlbezirk,de.st.gem.15085135
de.st.wk.014.gem.15085135.wbz.000999,briefwahlbezirk,de.st.gem.15085135
de.st.wk.014.gem.15085185.wbz.000001,wahlbezirk,de.st.gem.15085185
de.st.wk.014.gem.15085185.wbz.000002,wahlbezirk,de.st.gem.15085185
de.st.wk.014.gem.15085185.wbz.000003,wahlbezirk,de.st.gem.15085185
de.st.wk.014.gem.15085185.wbz.000004,wahlbezirk,de.st.gem.15085185
de.st.wk.014.gem.15085185.wbz.000005,wahlbezirk,de.st.gem.15085185
de.st.wk.014.gem.15085185.wbz.000006,wahlbezirk,de.st.gem.15085185
de.st.wk.014.gem.15085185.wbz.000007,wahlbezirk,de.st.gem.15085185
de.st.wk.014.gem.15085185.wbz.000008,wahlbezirk,de.st.gem.15085185
de.st.wk.014.gem.15085185.wbz.000009,wahlbezirk,de.st.gem.15085185
de.st.wk.014.gem.15085185.wbz.000010,wahlbezirk,de.st.gem.15085185
de.st.wk.014.gem.15085185.wbz.000011,wahlbezirk,de.st.gem.15085185
de.st.wk.014.gem.15085185.wbz.000995,briefwahlbezirk,de.st.gem.15085185
de.st.wk.014.gem.15085285.wbz.000994,briefwahlbezirk,de.st.gem.15085285
de.st.wk.014.gem.15085285.wbz.002001,wahlbezirk,de.st.gem.15085285
de.st.wk.014.gem.15085285.wbz.002002,wahlbezirk,de.st.gem.15085285
de.st.wk.015.gem.15085055.wbz.000001,wahlbezirk,de.st.gem.15085055
de.st.wk.015.gem.15085055.wbz.000002,wahlbezirk,de.st.gem.15085055
de.st.wk.015.gem.15085055.wbz.000003,wahlbezirk,de.st.gem.15085055
de.st.wk.015.gem.15085055.wbz.000004,wahlbezirk,de.st.gem.15085055
de.st.wk.015.gem.15085055.wbz.000005,wahlbezirk,de.st.gem.15085055
de.st.wk.015.gem.15085055.wbz.000006,wahlbezirk,de.st.gem.15085055
de.st.wk.015.gem.15085055.wbz.000007,wahlbezirk,de.st.gem.15085055
de.st.wk.015.gem.15085055.wbz.000008,wahlbezirk,de.st.gem.15085055
de.st.wk.015.gem.15085055.wbz.000009,wahlbezirk,de.st.gem.15085055
de.st.wk.015.gem.15085055.wbz.000010,wahlbezirk,de.st.gem.15085055
de.st.wk.015.gem.15085055.wbz.000011,wahlbezirk,de.st.gem.15085055
de.st.wk.015.gem.15085055.wbz.000012,wahlbezirk,de.st.gem.15085055
de.st.wk.015.gem.15085055.wbz.000013,wahlbezirk,de.st.gem.15085055
de.st.wk.015.gem.15085055.wbz.000014,wahlbezirk,de.st.gem.15085055
de.st.wk.015.gem.15085055.wbz.000015,wahlbezirk,de.st.gem.15085055
de.st.wk.015.gem.15085055.wbz.000016,wahlbezirk,de.st.gem.15085055
de.st.wk.015.gem.15085055.wbz.000017,wahlbezirk,de.st.gem.15085055
de.st.wk.015.gem.15085055.wbz.000995,briefwahlbezirk,de.st.gem.15085055
de.st.wk.015.gem.15085055.wbz.000996,briefwahlbezirk,de.st.gem.15085055
de.st.wk.015.gem.15085190.wbz.000001,wahlbezirk,de.st.gem.15085190
de.st.wk.015.gem.15085190.wbz.000002,wahlbezirk,de.st.gem.15085190
de.st.wk.015.gem.15085190.wbz.000003,wahlbezirk,de.st.gem.15085190
de.st.wk.015.gem.15085190.wbz.000004,wahlbezirk,de.st.gem.15085190
de.st.wk.015.gem.15085190.wbz.000005,wahlbezirk,de.st.gem.15085190
de.st.wk.015.gem.15085190.wbz.000006,wahlbezirk,de.st.gem.15085190
de.st.wk.015.gem.15085190.wbz.000007,wahlbezirk,de.st.gem.15085190
de.st.wk.015.gem.15085190.wbz.000994,briefwahlbezirk,de.st.gem.15085190
de.st.wk.015.gem.15085190.wbz.000997,briefwahlbezirk,de.st.gem.15085190
de.st.wk.015.gem.15085227.wbz.000001,wahlbezirk,de.st.gem.15085227
de.st.wk.015.gem.15085227.wbz.000002,wahlbezirk,de.st.gem.15085227
de.st.wk.015.gem.15085227.wbz.000003,wahlbezirk,de.st.gem.15085227
de.st.wk.015.gem.15085227.wbz.000004,wahlbezirk,de.st.gem.15085227
de.st.wk.015.gem.15085227.wbz.000005,wahlbezirk,de.st.gem.15085227
de.st.wk.015.gem.15085227.wbz.000006,wahlbezirk,de.st.gem.15085227
de.st.wk.015.gem.15085227.wbz.000007,wahlbezirk,de.st.gem.15085227
de.st.wk.015.gem.15085227.wbz.000008,wahlbezirk,de.st.gem.15085227
de.st.wk.015.gem.15085227.wbz.000998,briefwahlbezirk,de.st.gem.15085227
de.st.wk.015.gem.15085230.wbz.000010,wahlbezirk,de.st.gem.15085230
de.st.wk.015.gem.15085230.wbz.000020,wahlbezirk,de.st.gem.15085230
de.st.wk.015.gem.15085230.wbz.000021,wahlbezirk,de.st.gem.15085230
de.st.wk.015.gem.15085230.wbz.000030,wahlbezirk,de.st.gem.15085230
de.st.wk.015.gem.15085230.wbz.000040,wahlbezirk,de.st.gem.15085230
de.st.wk.015.gem.15085230.wbz.000050,wahlbezirk,de.st.gem.15085230
de.st.wk.015.gem.15085230.wbz.000060,wahlbezirk,de.st.gem.15085230
de.st.wk.015.gem.15085230.wbz.000061,wahlbezirk,de.st.gem.15085230
de.st.wk.015.gem.15085230.wbz.000070,wahlbezirk,de.st.gem.15085230
de.st.wk.015.gem.15085230.wbz.000080,wahlbezirk,de.st.gem.15085230
de.st.wk.015.gem.15085230.wbz.000081,wahlbezirk,de.st.gem.15085230
de.st.wk.015.gem.15085230.wbz.000082,wahlbezirk,de.st.gem.15085230
de.st.wk.015.gem.15085230.wbz.000090,wahlbezirk,de.st.gem.15085230
de.st.wk.015.gem.15085230.wbz.000100,wahlbezirk,de.st.gem.15085230
de.st.wk.015.gem.15085230.wbz.000110,wahlbezirk,de.st.gem.15085230
de.st.wk.015.gem.15085230.wbz.000120,wahlbezirk,de.st.gem.15085230
de.st.wk.015.gem.15085230.wbz.000130,wahlbezirk,de.st.gem.15085230
de.st.wk.015.gem.15085230.wbz.000131,wahlbezirk,de.st.gem.15085230
de.st.wk.015.gem.15085230.wbz.000140,wahlbezirk,de.st.gem.15085230
de.st.wk.015.gem.15085230.wbz.000999,briefwahlbezirk,de.st.gem.15085230
de.st.wk.016.gem.15085145.wbz.000001,wahlbezirk,de.st.gem.15085145
de.st.wk.016.gem.15085145.wbz.000002,wahlbezirk,de.st.gem.15085145
de.st.wk.016.gem.15085145.wbz.000003,wahlbezirk,de.st.gem.15085145
de.st.wk.016.gem.15085145.wbz.000004,wahlbezirk,de.st.gem.15085145
de.st.wk.016.gem.15085145.wbz.000005,wahlbezirk,de.st.gem.15085145
de.st.wk.016.gem.15085145.wbz.000006,wahlbezirk,de.st.gem.15085145
de.st.wk.016.gem.15085145.wbz.000007,wahlbezirk,de.st.gem.15085145
de.st.wk.016.gem.15085145.wbz.000008,wahlbezirk,de.st.gem.15085145
de.st.wk.016.gem.15085145.wbz.000009,wahlbezirk,de.st.gem.15085145
de.st.wk.016.gem.15085145.wbz.000010,wahlbezirk,de.st.gem.15085145
de.st.wk.016.gem.15085145.wbz.000011,wahlbezirk,de.st.gem.15085145
de.st.wk.016.gem.15085145.wbz.000994,briefwahlbezirk,de.st.gem.15085145
de.st.wk.016.gem.15085228.wbz.000001,wahlbezirk,de.st.gem.15085228
de.st.wk.016.gem.15085228.wbz.000002,wahlbezirk,de.st.gem.15085228
de.st.wk.016.gem.15085228.wbz.000003,wahlbezirk,de.st.gem.15085228
de.st.wk.016.gem.15085228.wbz.000004,wahlbezirk,de.st.gem.15085228
de.st.wk.016.gem.15085228.wbz.000005,wahlbezirk,de.st.gem.15085228
de.st.wk.016.gem.15085228.wbz.000006,wahlbezirk,de.st.gem.15085228
de.st.wk.016.gem.15085228.wbz.000007,wahlbezirk,de.st.gem.15085228
de.st.wk.016.gem.15085228.wbz.000008,wahlbezirk,de.st.gem.15085228
de.st.wk.016.gem.15085228.wbz.000009,wahlbezirk,de.st.gem.15085228
de.st.wk.016.gem.15085228.wbz.000010,wahlbezirk,de.st.gem.15085228
de.st.wk.016.gem.15085228.wbz.000993,briefwahlbezirk,de.st.gem.15085228
de.st.wk.016.gem.15085228.wbz.000995,briefwahlbezirk,de.st.gem.15085228
de.st.wk.016.gem.15085370.wbz.000001,wahlbezirk,de.st.gem.15085370
de.st.wk.016.gem.15085370.wbz.000002,wahlbezirk,de.st.gem.15085370
de.st.wk.016.gem.15085370.wbz.000003,wahlbezirk,de.st.gem.15085370
de.st.wk.016.gem.15085370.wbz.000004,wahlbezirk,de.st.gem.15085370
de.st.wk.016.gem.15085370.wbz.000005,wahlbezirk,de.st.gem.15085370
de.st.wk.016.gem.15085370.wbz.000006,wahlbezirk,de.st.gem.15085370
de.st.wk.016.gem.15085370.wbz.000007,wahlbezirk,de.st.gem.15085370
de.st.wk.016.gem.15085370.wbz.000008,wahlbezirk,de.st.gem.15085370
de.st.wk.016.gem.15085370.wbz.000009,wahlbezirk,de.st.gem.15085370
de.st.wk.016.gem.15085370.wbz.000010,wahlbezirk,de.st.gem.15085370
de.st.wk.016.gem.15085370.wbz.000011,wahlbezirk,de.st.gem.15085370
de.st.wk.016.gem.15085370.wbz.000012,wahlbezirk,de.st.gem.15085370
de.st.wk.016.gem.15085370.wbz.000013,wahlbezirk,de.st.gem.15085370
de.st.wk.016.gem.15085370.wbz.000014,wahlbezirk,de.st.gem.15085370
de.st.wk.016.gem.15085370.wbz.000015,wahlbezirk,de.st.gem.15085370
de.st.wk.016.gem.15085370.wbz.000016,wahlbezirk,de.st.gem.15085370
de.st.wk.016.gem.15085370.wbz.000017,wahlbezirk,de.st.gem.15085370
de.st.wk.016.gem.15085370.wbz.000018,wahlbezirk,de.st.gem.15085370
de.st.wk.016.gem.15085370.wbz.000019,wahlbezirk,de.st.gem.15085370
de.st.wk.016.gem.15085370.wbz.000020,wahlbezirk,de.st.gem.15085370
de.st.wk.016.gem.15085370.wbz.000996,briefwahlbezirk,de.st.gem.15085370
de.st.wk.016.gem.15085370.wbz.000997,briefwahlbezirk,de.st.gem.15085370
de.st.wk.016.gem.15085370.wbz.000998,briefwahlbezirk,de.st.gem.15085370
de.st.wk.016.gem.15085370.wbz.000999,briefwahlbezirk,de.st.gem.15085370
de.st.wk.017.gem.15085040.wbz.000001,wahlbezirk,de.st.gem.15085040
de.st.wk.017.gem.15085040.wbz.000002,wahlbezirk,de.st.gem.15085040
de.st.wk.017.gem.15085040.wbz.000003,wahlbezirk,de.st.gem.15085040
de.st.wk.017.gem.15085040.wbz.000004,wahlbezirk,de.st.gem.15085040
de.st.wk.017.gem.15085040.wbz.000005,wahlbezirk,de.st.gem.15085040
de.st.wk.017.gem.15085040.wbz.000006,wahlbezirk,de.st.gem.15085040
de.st.wk.017.gem.15085040.wbz.000007,wahlbezirk,de.st.gem.15085040
de.st.wk.017.gem.15085040.wbz.000996,briefwahlbezirk,de.st.gem.15085040
de.st.wk.017.gem.15085090.wbz.000993,briefwahlbezirk,de.st.gem.15085090
de.st.wk.017.gem.15085090.wbz.006001,wahlbezirk,de.st.gem.15085090
de.st.wk.017.gem.15085140.wbz.000994,briefwahlbezirk,de.st.gem.15085140
de.st.wk.017.gem.15085140.wbz.003001,wahlbezirk,de.st.gem.15085140
de.st.wk.017.gem.15085160.wbz.000992,briefwahlbezirk,de.st.gem.15085160
de.st.wk.017.gem.15085160.wbz.008001,wahlbezirk,de.st.gem.15085160
de.st.wk.017.gem.15085235.wbz.000001,wahlbezirk,de.st.gem.15085235
de.st.wk.017.gem.15085235.wbz.000002,wahlbezirk,de.st.gem.15085235
de.st.wk.017.gem.15085235.wbz.000003,wahlbezirk,de.st.gem.15085235
de.st.wk.017.gem.15085235.wbz.000004,wahlbezirk,de.st.gem.15085235
de.st.wk.017.gem.15085235.wbz.000005,wahlbezirk,de.st.gem.15085235
de.st.wk.017.gem.15085235.wbz.000006,wahlbezirk,de.st.gem.15085235
de.st.wk.017.gem.15085235.wbz.000007,wahlbezirk,de.st.gem.15085235
de.st.wk.017.gem.15085235.wbz.000008,wahlbezirk,de.st.gem.15085235
de.st.wk.017.gem.15085235.wbz.000009,wahlbezirk,de.st.gem.15085235
de.st.wk.017.gem.15085235.wbz.000010,wahlbezirk,de.st.gem.15085235
de.st.wk.017.gem.15085235.wbz.000011,wahlbezirk,de.st.gem.15085235
de.st.wk.017.gem.15085235.wbz.000012,wahlbezirk,de.st.gem.15085235
de.st.wk.017.gem.15085235.wbz.000013,wahlbezirk,de.st.gem.15085235
de.st.wk.017.gem.15085235.wbz.000988,briefwahlbezirk,de.st.gem.15085235
de.st.wk.017.gem.15085235.wbz.000989,briefwahlbezirk,de.st.gem.15085235
de.st.wk.017.gem.15085235.wbz.000998,briefwahlbezirk,de.st.gem.15085235
de.st.wk.017.gem.15085235.wbz.000999,briefwahlbezirk,de.st.gem.15085235
de.st.wk.017.gem.15085287.wbz.000991,briefwahlbezirk,de.st.gem.15085287
de.st.wk.017.gem.15085287.wbz.009001,wahlbezirk,de.st.gem.15085287
de.st.wk.017.gem.15085287.wbz.009002,wahlbezirk,de.st.gem.15085287
de.st.wk.017.gem.15085287.wbz.009003,wahlbezirk,de.st.gem.15085287
de.st.wk.017.gem.15085330.wbz.000001,wahlbezirk,de.st.gem.15085330
de.st.wk.017.gem.15085330.wbz.000002,wahlbezirk,de.st.gem.15085330
de.st.wk.017.gem.15085330.wbz.000003,wahlbezirk,de.st.gem.15085330
de.st.wk.017.gem.15085330.wbz.000004,wahlbezirk,de.st.gem.15085330
de.st.wk.017.gem.15085330.wbz.000005,wahlbezirk,de.st.gem.15085330
de.st.wk.017.gem.15085330.wbz.000006,wahlbezirk,de.st.gem.15085330
de.st.wk.017.gem.15085330.wbz.000007,wahlbezirk,de.st.gem.15085330
de.st.wk.017.gem.15085330.wbz.000008,wahlbezirk,de.st.gem.15085330
de.st.wk.017.gem.15085330.wbz.000009,wahlbezirk,de.st.gem.15085330
de.st.wk.017.gem.15085330.wbz.000010,wahlbezirk,de.st.gem.15085330
de.st.wk.017.gem.15085330.wbz.000011,wahlbezirk,de.st.gem.15085330
de.st.wk.017.gem.15085330.wbz.000012,wahlbezirk,de.st.gem.15085330
de.st.wk.017.gem.15085330.wbz.000013,wahlbezirk,de.st.gem.15085330
de.st.wk.017.gem.15085330.wbz.000014,wahlbezirk,de.st.gem.15085330
de.st.wk.017.gem.15085330.wbz.000987,briefwahlbezirk,de.st.gem.15085330
de.st.wk.017.gem.15085330.wbz.000990,briefwahlbezirk,de.st.gem.15085330
de.st.wk.017.gem.15085330.wbz.000997,briefwahlbezirk,de.st.gem.15085330
de.st.wk.017.gem.15085365.wbz.000995,briefwahlbezirk,de.st.gem.15085365
de.st.wk.017.gem.15085365.wbz.001001,wahlbezirk,de.st.gem.15085365
de.st.wk.017.gem.15085365.wbz.001002,wahlbezirk,de.st.gem.15085365
de.st.wk.017.gem.15085365.wbz.001003,wahlbezirk,de.st.gem.15085365
de.st.wk.017.gem.15085365.wbz.001004,wahlbezirk,de.st.gem.15085365
de.st.wk.018.gem.15085110.wbz.000001,wahlbezirk,de.st.gem.15085110
de.st.wk.018.gem.15085110.wbz.000002,wahlbezirk,de.st.gem.15085110
de.st.wk.018.gem.15085110.wbz.000003,wahlbezirk,de.st.gem.15085110
de.st.wk.018.gem.15085110.wbz.000004,wahlbezirk,de.st.gem.15085110
de.st.wk.018.gem.15085110.wbz.000005,wahlbezirk,de.st.gem.15085110
de.st.wk.018.gem.15085110.wbz.000006,wahlbezirk,de.st.gem.15085110
de.st.wk.018.gem.15085110.wbz.000007,wahlbezirk,de.st.gem.15085110
de.st.wk.018.gem.15085110.wbz.000008,wahlbezirk,de.st.gem.15085110
de.st.wk.018.gem.15085110.wbz.000999,briefwahlbezirk,de.st.gem.15085110
de.st.wk.018.gem.15087031.wbz.000001,wahlbezirk,de.st.gem.15087031
de.st.wk.018.gem.15087031.wbz.000002,wahlbezirk,de.st.gem.15087031
de.st.wk.018.gem.15087031.wbz.000003,wahlbezirk,de.st.gem.15087031
de.st.wk.018.gem.15087031.wbz.000004,wahlbezirk,de.st.gem.15087031
de.st.wk.018.gem.15087031.wbz.000005,wahlbezirk,de.st.gem.15087031
de.st.wk.018.gem.15087031.wbz.000006,wahlbezirk,de.st.gem.15087031
de.st.wk.018.gem.15087031.wbz.000007,wahlbezirk,de.st.gem.15087031
de.st.wk.018.gem.15087031.wbz.000008,wahlbezirk,de.st.gem.15087031
de.st.wk.018.gem.15087031.wbz.000009,wahlbezirk,de.st.gem.15087031
de.st.wk.018.gem.15087031.wbz.000010,wahlbezirk,de.st.gem.15087031
de.st.wk.018.gem.15087031.wbz.000011,wahlbezirk,de.st.gem.15087031
de.st.wk.018.gem.15087031.wbz.000012,wahlbezirk,de.st.gem.15087031
de.st.wk.018.gem.15087031.wbz.000999,briefwahlbezirk,de.st.gem.15087031
de.st.wk.018.gem.15089015.wbz.000001,wahlbezirk,de.st.gem.15089015
de.st.wk.018.gem.15089015.wbz.000002,wahlbezirk,de.st.gem.15089015
de.st.wk.018.gem.15089015.wbz.000003,wahlbezirk,de.st.gem.15089015
de.st.wk.018.gem.15089015.wbz.000004,wahlbezirk,de.st.gem.15089015
de.st.wk.018.gem.15089015.wbz.000005,wahlbezirk,de.st.gem.15089015
de.st.wk.018.gem.15089015.wbz.000006,wahlbezirk,de.st.gem.15089015
de.st.wk.018.gem.15089015.wbz.000007,wahlbezirk,de.st.gem.15089015
de.st.wk.018.gem.15089015.wbz.000008,wahlbezirk,de.st.gem.15089015
de.st.wk.018.gem.15089015.wbz.000009,wahlbezirk,de.st.gem.15089015
de.st.wk.018.gem.15089015.wbz.000010,wahlbezirk,de.st.gem.15089015
de.st.wk.018.gem.15089015.wbz.000011,wahlbezirk,de.st.gem.15089015
de.st.wk.018.gem.15089015.wbz.000012,wahlbezirk,de.st.gem.15089015
de.st.wk.018.gem.15089015.wbz.000013,wahlbezirk,de.st.gem.15089015
de.st.wk.018.gem.15089015.wbz.000014,wahlbezirk,de.st.gem.15089015
de.st.wk.018.gem.15089015.wbz.000015,wahlbezirk,de.st.gem.15089015
de.st.wk.018.gem.15089015.wbz.000016,wahlbezirk,de.st.gem.15089015
de.st.wk.018.gem.15089015.wbz.000017,wahlbezirk,de.st.gem.15089015
de.st.wk.018.gem.15089015.wbz.000018,wahlbezirk,de.st.gem.15089015
de.st.wk.018.gem.15089015.wbz.000019,wahlbezirk,de.st.gem.15089015
de.st.wk.018.gem.15089015.wbz.000020,wahlbezirk,de.st.gem.15089015
de.st.wk.018.gem.15089015.wbz.000021,wahlbezirk,de.st.gem.15089015
de.st.wk.018.gem.15089015.wbz.000022,wahlbezirk,de.st.gem.15089015
de.st.wk.018.gem.15089015.wbz.000023,wahlbezirk,de.st.gem.15089015
de.st.wk.018.gem.15089015.wbz.000024,wahlbezirk,de.st.gem.15089015
de.st.wk.018.gem.15089015.wbz.000995,briefwahlbezirk,de.st.gem.15089015
de.st.wk.018.gem.15089015.wbz.000996,briefwahlbezirk,de.st.gem.15089015
de.st.wk.018.gem.15089015.wbz.000997,briefwahlbezirk,de.st.gem.15089015
de.st.wk.018.gem.15089015.wbz.000998,briefwahlbezirk,de.st.gem.15089015
de.st.wk.018.gem.15089015.wbz.000999,briefwahlbezirk,de.st.gem.15089015
de.st.wk.018.gem.15089307.wbz.000001,wahlbezirk,de.st.gem.15089307
de.st.wk.018.gem.15089307.wbz.000002,wahlbezirk,de.st.gem.15089307
de.st.wk.018.gem.15089307.wbz.000003,wahlbezirk,de.st.gem.15089307
de.st.wk.018.gem.15089307.wbz.000004,wahlbezirk,de.st.gem.15089307
de.st.wk.018.gem.15089307.wbz.000005,wahlbezirk,de.st.gem.15089307
de.st.wk.018.gem.15089307.wbz.000006,wahlbezirk,de.st.gem.15089307
de.st.wk.018.gem.15089307.wbz.000998,briefwahlbezirk,de.st.gem.15089307
de.st.wk.018.gem.15089307.wbz.000999,briefwahlbezirk,de.st.gem.15089307
de.st.wk.019.gem.15089041.wbz.000301,wahlbezirk,de.st.gem.15089041
de.st.wk.019.gem.15089041.wbz.000401,wahlbezirk,de.st.gem.15089041
de.st.wk.019.gem.15089041.wbz.000999,briefwahlbezirk,de.st.gem.15089041
de.st.wk.019.gem.15089043.wbz.000101,wahlbezirk,de.st.gem.15089043
de.st.wk.019.gem.15089043.wbz.000201,wahlbezirk,de.st.gem.15089043
de.st.wk.019.gem.15089043.wbz.000501,wahlbezirk,de.st.gem.15089043
de.st.wk.019.gem.15089043.wbz.000999,briefwahlbezirk,de.st.gem.15089043
de.st.wk.019.gem.15089045.wbz.000001,wahlbezirk,de.st.gem.15089045
de.st.wk.019.gem.15089045.wbz.000999,briefwahlbezirk,de.st.gem.15089045
de.st.wk.019.gem.15089075.wbz.000001,wahlbezirk,de.st.gem.15089075
de.st.wk.019.gem.15089075.wbz.000002,wahlbezirk,de.st.gem.15089075
de.st.wk.019.gem.15089075.wbz.000003,wahlbezirk,de.st.gem.15089075
de.st.wk.019.gem.15089075.wbz.000999,briefwahlbezirk,de.st.gem.15089075
de.st.wk.019.gem.15089175.wbz.000001,wahlbezirk,de.st.gem.15089175
de.st.wk.019.gem.15089175.wbz.000002,wahlbezirk,de.st.gem.15089175
de.st.wk.019.gem.15089175.wbz.000003,wahlbezirk,de.st.gem.15089175
de.st.wk.019.gem.15089175.wbz.000004,wahlbezirk,de.st.gem.15089175
de.st.wk.019.gem.15089175.wbz.000005,wahlbezirk,de.st.gem.15089175
de.st.wk.019.gem.15089175.wbz.000999,briefwahlbezirk,de.st.gem.15089175
de.st.wk.019.gem.15089310.wbz.000001,wahlbezirk,de.st.gem.15089310
de.st.wk.019.gem.15089310.wbz.000002,wahlbezirk,de.st.gem.15089310
de.st.wk.019.gem.15089310.wbz.000003,wahlbezirk,de.st.gem.15089310
de.st.wk.019.gem.15089310.wbz.000004,wahlbezirk,de.st.gem.15089310
de.st.wk.019.gem.15089310.wbz.000005,wahlbezirk,de.st.gem.15089310
de.st.wk.019.gem.15089310.wbz.000006,wahlbezirk,de.st.gem.15089310
de.st.wk.019.gem.15089310.wbz.000007,wahlbezirk,de.st.gem.15089310
de.st.wk.019.gem.15089310.wbz.000008,wahlbezirk,de.st.gem.15089310
de.st.wk.019.gem.15089310.wbz.000009,wahlbezirk,de.st.gem.15089310
de.st.wk.019.gem.15089310.wbz.000010,wahlbezirk,de.st.gem.15089310
de.st.wk.019.gem.15089310.wbz.000011,wahlbezirk,de.st.gem.15089310
de.st.wk.019.gem.15089310.wbz.000012,wahlbezirk,de.st.gem.15089310
de.st.wk.019.gem.15089310.wbz.000013,wahlbezirk,de.st.gem.15089310
de.st.wk.019.gem.15089310.wbz.000014,wahlbezirk,de.st.gem.15089310
de.st.wk.019.gem.15089310.wbz.000015,wahlbezirk,de.st.gem.15089310
de.st.wk.019.gem.15089310.wbz.000016,wahlbezirk,de.st.gem.15089310
de.st.wk.019.gem.15089310.wbz.000017,wahlbezirk,de.st.gem.15089310
de.st.wk.019.gem.15089310.wbz.000018,wahlbezirk,de.st.gem.15089310
de.st.wk.019.gem.15089310.wbz.000019,wahlbezirk,de.st.gem.15089310
de.st.wk.019.gem.15089310.wbz.000020,wahlbezirk,de.st.gem.15089310
de.st.wk.019.gem.15089310.wbz.000021,wahlbezirk,de.st.gem.15089310
de.st.wk.019.gem.15089310.wbz.000022,wahlbezirk,de.st.gem.15089310
de.st.wk.019.gem.15089310.wbz.000998,briefwahlbezirk,de.st.gem.15089310
de.st.wk.019.gem.15089310.wbz.000999,briefwahlbezirk,de.st.gem.15089310
de.st.wk.019.gem.15089365.wbz.000001,wahlbezirk,de.st.gem.15089365
de.st.wk.019.gem.15089365.wbz.000999,briefwahlbezirk,de.st.gem.15089365
de.st.wk.020.gem.15089026.wbz.000001,wahlbezirk,de.st.gem.15089026
de.st.wk.020.gem.15089026.wbz.000002,wahlbezirk,de.st.gem.15089026
de.st.wk.020.gem.15089026.wbz.000003,wahlbezirk,de.st.gem.15089026
de.st.wk.020.gem.15089026.wbz.000004,wahlbezirk,de.st.gem.15089026
de.st.wk.020.gem.15089026.wbz.000005,wahlbezirk,de.st.gem.15089026
de.st.wk.020.gem.15089026.wbz.000006,wahlbezirk,de.st.gem.15089026
de.st.wk.020.gem.15089026.wbz.000007,wahlbezirk,de.st.gem.15089026
de.st.wk.020.gem.15089026.wbz.000008,wahlbezirk,de.st.gem.15089026
de.st.wk.020.gem.15089026.wbz.000009,wahlbezirk,de.st.gem.15089026
de.st.wk.020.gem.15089026.wbz.000010,wahlbezirk,de.st.gem.15089026
de.st.wk.020.gem.15089026.wbz.000011,wahlbezirk,de.st.gem.15089026
de.st.wk.020.gem.15089026.wbz.000012,wahlbezirk,de.st.gem.15089026
de.st.wk.020.gem.15089026.wbz.000013,wahlbezirk,de.st.gem.15089026
de.st.wk.020.gem.15089026.wbz.000999,briefwahlbezirk,de.st.gem.15089026
de.st.wk.020.gem.15089042.wbz.000001,wahlbezirk,de.st.gem.15089042
de.st.wk.020.gem.15089042.wbz.000002,wahlbezirk,de.st.gem.15089042
de.st.wk.020.gem.15089042.wbz.000003,wahlbezirk,de.st.gem.15089042
de.st.wk.020.gem.15089042.wbz.000004,wahlbezirk,de.st.gem.15089042
de.st.wk.020.gem.15089042.wbz.000005,wahlbezirk,de.st.gem.15089042
de.st.wk.020.gem.15089042.wbz.000006,wahlbezirk,de.st.gem.15089042
de.st.wk.020.gem.15089042.wbz.000007,wahlbezirk,de.st.gem.15089042
de.st.wk.020.gem.15089042.wbz.000999,briefwahlbezirk,de.st.gem.15089042
de.st.wk.020.gem.15089055.wbz.000001,wahlbezirk,de.st.gem.15089055
de.st.wk.020.gem.15089055.wbz.000002,wahlbezirk,de.st.gem.15089055
de.st.wk.020.gem.15089055.wbz.000003,wahlbezirk,de.st.gem.15089055
de.st.wk.020.gem.15089055.wbz.000004,wahlbezirk,de.st.gem.15089055
de.st.wk.020.gem.15089055.wbz.000005,wahlbezirk,de.st.gem.15089055
de.st.wk.020.gem.15089055.wbz.000006,wahlbezirk,de.st.gem.15089055
de.st.wk.020.gem.15089055.wbz.000007,wahlbezirk,de.st.gem.15089055
de.st.wk.020.gem.15089055.wbz.000999,briefwahlbezirk,de.st.gem.15089055
de.st.wk.020.gem.15089305.wbz.000001,wahlbezirk,de.st.gem.15089305
de.st.wk.020.gem.15089305.wbz.000002,wahlbezirk,de.st.gem.15089305
de.st.wk.020.gem.15089305.wbz.000003,wahlbezirk,de.st.gem.15089305
de.st.wk.020.gem.15089305.wbz.000004,wahlbezirk,de.st.gem.15089305
de.st.wk.020.gem.15089305.wbz.000005,wahlbezirk,de.st.gem.15089305
de.st.wk.020.gem.15089305.wbz.000006,wahlbezirk,de.st.gem.15089305
de.st.wk.020.gem.15089305.wbz.000007,wahlbezirk,de.st.gem.15089305
de.st.wk.020.gem.15089305.wbz.000008,wahlbezirk,de.st.gem.15089305
de.st.wk.020.gem.15089305.wbz.000009,wahlbezirk,de.st.gem.15089305
de.st.wk.020.gem.15089305.wbz.000010,wahlbezirk,de.st.gem.15089305
de.st.wk.020.gem.15089305.wbz.000011,wahlbezirk,de.st.gem.15089305
de.st.wk.020.gem.15089305.wbz.000012,wahlbezirk,de.st.gem.15089305
de.st.wk.020.gem.15089305.wbz.000013,wahlbezirk,de.st.gem.15089305
de.st.wk.020.gem.15089305.wbz.000014,wahlbezirk,de.st.gem.15089305
de.st.wk.020.gem.15089305.wbz.000015,wahlbezirk,de.st.gem.15089305
de.st.wk.020.gem.15089305.wbz.000016,wahlbezirk,de.st.gem.15089305
de.st.wk.020.gem.15089305.wbz.000017,wahlbezirk,de.st.gem.15089305
de.st.wk.020.gem.15089305.wbz.000018,wahlbezirk,de.st.gem.15089305
de.st.wk.020.gem.15089305.wbz.000019,wahlbezirk,de.st.gem.15089305
de.st.wk.020.gem.15089305.wbz.000020,wahlbezirk,de.st.gem.15089305
de.st.wk.020.gem.15089305.wbz.000021,wahlbezirk,de.st.gem.15089305
de.st.wk.020.gem.15089305.wbz.000022,wahlbezirk,de.st.gem.15089305
de.st.wk.020.gem.15089305.wbz.000023,wahlbezirk,de.st.gem.15089305
de.st.wk.020.gem.15089305.wbz.000996,briefwahlbezirk,de.st.gem.15089305
de.st.wk.020.gem.15089305.wbz.000997,briefwahlbezirk,de.st.gem.15089305
de.st.wk.020.gem.15089305.wbz.000998,briefwahlbezirk,de.st.gem.15089305
de.st.wk.020.gem.15089305.wbz.000999,briefwahlbezirk,de.st.gem.15089305
de.st.wk.021.gem.15089005.wbz.000001,wahlbezirk,de.st.gem.15089005
de.st.wk.021.gem.15089005.wbz.000002,wahlbezirk,de.st.gem.15089005
de.st.wk.021.gem.15089005.wbz.000003,wahlbezirk,de.st.gem.15089005
de.st.wk.021.gem.15089005.wbz.000999,briefwahlbezirk,de.st.gem.15089005
de.st.wk.021.gem.15089030.wbz.000001,wahlbezirk,de.st.gem.15089030
de.st.wk.021.gem.15089030.wbz.000002,wahlbezirk,de.st.gem.15089030
de.st.wk.021.gem.15089030.wbz.000003,wahlbezirk,de.st.gem.15089030
de.st.wk.021.gem.15089030.wbz.000004,wahlbezirk,de.st.gem.15089030
de.st.wk.021.gem.15089030.wbz.000005,wahlbezirk,de.st.gem.15089030
de.st.wk.021.gem.15089030.wbz.000006,wahlbezirk,de.st.gem.15089030
de.st.wk.021.gem.15089030.wbz.000007,wahlbezirk,de.st.gem.15089030
de.st.wk.021.gem.15089030.wbz.000008,wahlbezirk,de.st.gem.15089030
de.st.wk.021.gem.15089030.wbz.000009,wahlbezirk,de.st.gem.15089030
de.st.wk.021.gem.15089030.wbz.000010,wahlbezirk,de.st.gem.15089030
de.st.wk.021.gem.15089030.wbz.000011,wahlbezirk,de.st.gem.15089030
de.st.wk.021.gem.15089030.wbz.000012,wahlbezirk,de.st.gem.15089030
de.st.wk.021.gem.15089030.wbz.000013,wahlbezirk,de.st.gem.15089030
de.st.wk.021.gem.15089030.wbz.000014,wahlbezirk,de.st.gem.15089030
de.st.wk.021.gem.15089030.wbz.000015,wahlbezirk,de.st.gem.15089030
de.st.wk.021.gem.15089030.wbz.000016,wahlbezirk,de.st.gem.15089030
de.st.wk.021.gem.15089030.wbz.000017,wahlbezirk,de.st.gem.15089030
de.st.wk.021.gem.15089030.wbz.000018,wahlbezirk,de.st.gem.15089030
de.st.wk.021.gem.15089030.wbz.000019,wahlbezirk,de.st.gem.15089030
de.st.wk.021.gem.15089030.wbz.000020,wahlbezirk,de.st.gem.15089030
de.st.wk.021.gem.15089030.wbz.000021,wahlbezirk,de.st.gem.15089030
de.st.wk.021.gem.15089030.wbz.000022,wahlbezirk,de.st.gem.15089030
de.st.wk.021.gem.15089030.wbz.000023,wahlbezirk,de.st.gem.15089030
de.st.wk.021.gem.15089030.wbz.000997,briefwahlbezirk,de.st.gem.15089030
de.st.wk.021.gem.15089030.wbz.000998,briefwahlbezirk,de.st.gem.15089030
de.st.wk.021.gem.15089030.wbz.000999,briefwahlbezirk,de.st.gem.15089030
de.st.wk.021.gem.15089130.wbz.000009,wahlbezirk,de.st.gem.15089130
de.st.wk.021.gem.15089130.wbz.000999,briefwahlbezirk,de.st.gem.15089130
de.st.wk.021.gem.15089165.wbz.000004,wahlbezirk,de.st.gem.15089165
de.st.wk.021.gem.15089165.wbz.000005,wahlbezirk,de.st.gem.15089165
de.st.wk.021.gem.15089165.wbz.000006,wahlbezirk,de.st.gem.15089165
de.st.wk.021.gem.15089165.wbz.000007,wahlbezirk,de.st.gem.15089165
de.st.wk.021.gem.15089165.wbz.000008,wahlbezirk,de.st.gem.15089165
de.st.wk.021.gem.15089165.wbz.000999,briefwahlbezirk,de.st.gem.15089165
de.st.wk.021.gem.15089185.wbz.000010,wahlbezirk,de.st.gem.15089185
de.st.wk.021.gem.15089185.wbz.000999,briefwahlbezirk,de.st.gem.15089185
de.st.wk.021.gem.15089195.wbz.000001,wahlbezirk,de.st.gem.15089195
de.st.wk.021.gem.15089195.wbz.000002,wahlbezirk,de.st.gem.15089195
de.st.wk.021.gem.15089195.wbz.000003,wahlbezirk,de.st.gem.15089195
de.st.wk.021.gem.15089195.wbz.000004,wahlbezirk,de.st.gem.15089195
de.st.wk.021.gem.15089195.wbz.000005,wahlbezirk,de.st.gem.15089195
de.st.wk.021.gem.15089195.wbz.000006,wahlbezirk,de.st.gem.15089195
de.st.wk.021.gem.15089195.wbz.000007,wahlbezirk,de.st.gem.15089195
de.st.wk.021.gem.15089195.wbz.000008,wahlbezirk,de.st.gem.15089195
de.st.wk.021.gem.15089195.wbz.000009,wahlbezirk,de.st.gem.15089195
de.st.wk.021.gem.15089195.wbz.000010,wahlbezirk,de.st.gem.15089195
de.st.wk.021.gem.15089195.wbz.000011,wahlbezirk,de.st.gem.15089195
de.st.wk.021.gem.15089195.wbz.000999,briefwahlbezirk,de.st.gem.15089195
de.st.wk.021.gem.15089235.wbz.000001,wahlbezirk,de.st.gem.15089235
de.st.wk.021.gem.15089235.wbz.000002,wahlbezirk,de.st.gem.15089235
de.st.wk.021.gem.15089235.wbz.000003,wahlbezirk,de.st.gem.15089235
de.st.wk.021.gem.15089235.wbz.000004,wahlbezirk,de.st.gem.15089235
de.st.wk.021.gem.15089235.wbz.000005,wahlbezirk,de.st.gem.15089235
de.st.wk.021.gem.15089235.wbz.000006,wahlbezirk,de.st.gem.15089235
de.st.wk.021.gem.15089235.wbz.000007,wahlbezirk,de.st.gem.15089235
de.st.wk.021.gem.15089235.wbz.000008,wahlbezirk,de.st.gem.15089235
de.st.wk.021.gem.15089235.wbz.000009,wahlbezirk,de.st.gem.15089235
de.st.wk.021.gem.15089235.wbz.000999,briefwahlbezirk,de.st.gem.15089235
de.st.wk.021.gem.15089245.wbz.000011,wahlbezirk,de.st.gem.15089245
de.st.wk.021.gem.15089245.wbz.000012,wahlbezirk,de.st.gem.15089245
de.st.wk.021.gem.15089245.wbz.000013,wahlbezirk,de.st.gem.15089245
de.st.wk.021.gem.15089245.wbz.000999,briefwahlbezirk,de.st.gem.15089245
de.st.wk.022.gem.15082180.wbz.000001,wahlbezirk,de.st.gem.15082180
de.st.wk.022.gem.15082180.wbz.000002,wahlbezirk,de.st.gem.15082180
de.st.wk.022.gem.15082180.wbz.000003,wahlbezirk,de.st.gem.15082180
de.st.wk.022.gem.15082180.wbz.000004,wahlbezirk,de.st.gem.15082180
de.st.wk.022.gem.15082180.wbz.000005,wahlbezirk,de.st.gem.15082180
de.st.wk.022.gem.15082180.wbz.000006,wahlbezirk,de.st.gem.15082180
de.st.wk.022.gem.15082180.wbz.000007,wahlbezirk,de.st.gem.15082180
de.st.wk.022.gem.15082180.wbz.000008,wahlbezirk,de.st.gem.15082180
de.st.wk.022.gem.15082180.wbz.000009,wahlbezirk,de.st.gem.15082180
de.st.wk.022.gem.15082180.wbz.000010,wahlbezirk,de.st.gem.15082180
de.st.wk.022.gem.15082180.wbz.000011,wahlbezirk,de.st.gem.15082180
de.st.wk.022.gem.15082180.wbz.000012,wahlbezirk,de.st.gem.15082180
de.st.wk.022.gem.15082180.wbz.000013,wahlbezirk,de.st.gem.15082180
de.st.wk.022.gem.15082180.wbz.000014,wahlbezirk,de.st.gem.15082180
de.st.wk.022.gem.15082180.wbz.000015,wahlbezirk,de.st.gem.15082180
de.st.wk.022.gem.15082180.wbz.000016,wahlbezirk,de.st.gem.15082180
de.st.wk.022.gem.15082180.wbz.000017,wahlbezirk,de.st.gem.15082180
de.st.wk.022.gem.15082180.wbz.000018,wahlbezirk,de.st.gem.15082180
de.st.wk.022.gem.15082180.wbz.000019,wahlbezirk,de.st.gem.15082180
de.st.wk.022.gem.15082180.wbz.000020,wahlbezirk,de.st.gem.15082180
de.st.wk.022.gem.15082180.wbz.000021,wahlbezirk,de.st.gem.15082180
de.st.wk.022.gem.15082180.wbz.000022,wahlbezirk,de.st.gem.15082180
de.st.wk.022.gem.15082180.wbz.000023,briefwahlbezirk,de.st.gem.15082180
de.st.wk.022.gem.15082180.wbz.000024,briefwahlbezirk,de.st.gem.15082180
de.st.wk.022.gem.15082180.wbz.000025,briefwahlbezirk,de.st.gem.15082180
de.st.wk.022.gem.15082180.wbz.000026,briefwahlbezirk,de.st.gem.15082180
de.st.wk.022.gem.15082180.wbz.000027,briefwahlbezirk,de.st.gem.15082180
de.st.wk.022.gem.15082241.wbz.000001,wahlbezirk,de.st.gem.15082241
de.st.wk.022.gem.15082241.wbz.000002,wahlbezirk,de.st.gem.15082241
de.st.wk.022.gem.15082241.wbz.000003,wahlbezirk,de.st.gem.15082241
de.st.wk.022.gem.15082241.wbz.000004,wahlbezirk,de.st.gem.15082241
de.st.wk.022.gem.15082241.wbz.000005,wahlbezirk,de.st.gem.15082241
de.st.wk.022.gem.15082241.wbz.000006,wahlbezirk,de.st.gem.15082241
de.st.wk.022.gem.15082241.wbz.000007,wahlbezirk,de.st.gem.15082241
de.st.wk.022.gem.15082241.wbz.000008,wahlbezirk,de.st.gem.15082241
de.st.wk.022.gem.15082241.wbz.000009,wahlbezirk,de.st.gem.15082241
de.st.wk.022.gem.15082241.wbz.000010,wahlbezirk,de.st.gem.15082241
de.st.wk.022.gem.15082241.wbz.000011,wahlbezirk,de.st.gem.15082241
de.st.wk.022.gem.15082241.wbz.000012,wahlbezirk,de.st.gem.15082241
de.st.wk.022.gem.15082241.wbz.000013,wahlbezirk,de.st.gem.15082241
de.st.wk.022.gem.15082241.wbz.000014,briefwahlbezirk,de.st.gem.15082241
de.st.wk.022.gem.15082301.wbz.000001,wahlbezirk,de.st.gem.15082301
de.st.wk.022.gem.15082301.wbz.000002,wahlbezirk,de.st.gem.15082301
de.st.wk.022.gem.15082301.wbz.000003,wahlbezirk,de.st.gem.15082301
de.st.wk.022.gem.15082301.wbz.000004,wahlbezirk,de.st.gem.15082301
de.st.wk.022.gem.15082301.wbz.000005,wahlbezirk,de.st.gem.15082301
de.st.wk.022.gem.15082301.wbz.000006,wahlbezirk,de.st.gem.15082301
de.st.wk.022.gem.15082301.wbz.000007,wahlbezirk,de.st.gem.15082301
de.st.wk.022.gem.15082301.wbz.000008,wahlbezirk,de.st.gem.15082301
de.st.wk.022.gem.15082301.wbz.000009,wahlbezirk,de.st.gem.15082301
de.st.wk.022.gem.15082301.wbz.000010,wahlbezirk,de.st.gem.15082301
de.st.wk.022.gem.15082301.wbz.000011,briefwahlbezirk,de.st.gem.15082301
de.st.wk.022.gem.15082377.wbz.000010,wahlbezirk,de.st.gem.15082377
de.st.wk.022.gem.15082377.wbz.000020,wahlbezirk,de.st.gem.15082377
de.st.wk.022.gem.15082377.wbz.000030,wahlbezirk,de.st.gem.15082377
de.st.wk.022.gem.15082377.wbz.000040,wahlbezirk,de.st.gem.15082377
de.st.wk.022.gem.15082377.wbz.000051,wahlbezirk,de.st.gem.15082377
de.st.wk.022.gem.15082377.wbz.000052,wahlbezirk,de.st.gem.15082377
de.st.wk.022.gem.15082377.wbz.000060,wahlbezirk,de.st.gem.15082377
de.st.wk.022.gem.15082377.wbz.000070,wahlbezirk,de.st.gem.15082377
de.st.wk.022.gem.15082377.wbz.000080,wahlbezirk,de.st.gem.15082377
de.st.wk.022.gem.15082377.wbz.000090,wahlbezirk,de.st.gem.15082377
de.st.wk.022.gem.15082377.wbz.000100,wahlbezirk,de.st.gem.15082377
de.st.wk.022.gem.15082377.wbz.000110,wahlbezirk,de.st.gem.15082377
de.st.wk.022.gem.15082377.wbz.000120,wahlbezirk,de.st.gem.15082377
de.st.wk.022.gem.15082377.wbz.000130,wahlbezirk,de.st.gem.15082377
de.st.wk.022.gem.15082377.wbz.000140,wahlbezirk,de.st.gem.15082377
de.st.wk.022.gem.15082377.wbz.000150,wahlbezirk,de.st.gem.15082377
de.st.wk.022.gem.15082377.wbz.000160,wahlbezirk,de.st.gem.15082377
de.st.wk.022.gem.15082377.wbz.000170,wahlbezirk,de.st.gem.15082377
de.st.wk.022.gem.15082377.wbz.000181,wahlbezirk,de.st.gem.15082377
de.st.wk.022.gem.15082377.wbz.000182,wahlbezirk,de.st.gem.15082377
de.st.wk.022.gem.15082377.wbz.000190,wahlbezirk,de.st.gem.15082377
de.st.wk.022.gem.15082377.wbz.000201,wahlbezirk,de.st.gem.15082377
de.st.wk.022.gem.15082377.wbz.000202,wahlbezirk,de.st.gem.15082377
de.st.wk.022.gem.15082377.wbz.000210,wahlbezirk,de.st.gem.15082377
de.st.wk.022.gem.15082377.wbz.000221,wahlbezirk,de.st.gem.15082377
de.st.wk.022.gem.15082377.wbz.000222,wahlbezirk,de.st.gem.15082377
de.st.wk.022.gem.15082377.wbz.000230,wahlbezirk,de.st.gem.15082377
de.st.wk.022.gem.15082377.wbz.000240,wahlbezirk,de.st.gem.15082377
de.st.wk.022.gem.15082377.wbz.000250,briefwahlbezirk,de.st.gem.15082377
de.st.wk.023.gem.15082005.wbz.000001,wahlbezirk,de.st.gem.15082005
de.st.wk.023.gem.15082005.wbz.000002,wahlbezirk,de.st.gem.15082005
de.st.wk.023.gem.15082005.wbz.000003,wahlbezirk,de.st.gem.15082005
de.st.wk.023.gem.15082005.wbz.000004,wahlbezirk,de.st.gem.15082005
de.st.wk.023.gem.15082005.wbz.000005,wahlbezirk,de.st.gem.15082005
de.st.wk.023.gem.15082005.wbz.000006,wahlbezirk,de.st.gem.15082005
de.st.wk.023.gem.15082005.wbz.000007,wahlbezirk,de.st.gem.15082005
de.st.wk.023.gem.15082005.wbz.000008,wahlbezirk,de.st.gem.15082005
de.st.wk.023.gem.15082005.wbz.000009,wahlbezirk,de.st.gem.15082005
de.st.wk.023.gem.15082005.wbz.000010,briefwahlbezirk,de.st.gem.15082005
de.st.wk.023.gem.15082256.wbz.000001,wahlbezirk,de.st.gem.15082256
de.st.wk.023.gem.15082256.wbz.000002,wahlbezirk,de.st.gem.15082256
de.st.wk.023.gem.15082256.wbz.000003,wahlbezirk,de.st.gem.15082256
de.st.wk.023.gem.15082256.wbz.000004,wahlbezirk,de.st.gem.15082256
de.st.wk.023.gem.15082256.wbz.000005,wahlbezirk,de.st.gem.15082256
de.st.wk.023.gem.15082256.wbz.000006,wahlbezirk,de.st.gem.15082256
de.st.wk.023.gem.15082256.wbz.000007,wahlbezirk,de.st.gem.15082256
de.st.wk.023.gem.15082256.wbz.000008,wahlbezirk,de.st.gem.15082256
de.st.wk.023.gem.15082256.wbz.000009,wahlbezirk,de.st.gem.15082256
de.st.wk.023.gem.15082256.wbz.000010,wahlbezirk,de.st.gem.15082256
de.st.wk.023.gem.15082256.wbz.000011,wahlbezirk,de.st.gem.15082256
de.st.wk.023.gem.15082256.wbz.000012,wahlbezirk,de.st.gem.15082256
de.st.wk.023.gem.15082256.wbz.000013,wahlbezirk,de.st.gem.15082256
de.st.wk.023.gem.15082256.wbz.000014,wahlbezirk,de.st.gem.15082256
de.st.wk.023.gem.15082256.wbz.000015,wahlbezirk,de.st.gem.15082256
de.st.wk.023.gem.15082256.wbz.000016,wahlbezirk,de.st.gem.15082256
de.st.wk.023.gem.15082256.wbz.000017,wahlbezirk,de.st.gem.15082256
de.st.wk.023.gem.15082256.wbz.000018,wahlbezirk,de.st.gem.15082256
de.st.wk.023.gem.15082256.wbz.000019,briefwahlbezirk,de.st.gem.15082256
de.st.wk.023.gem.15082430.wbz.000001,wahlbezirk,de.st.gem.15082430
de.st.wk.023.gem.15082430.wbz.000002,wahlbezirk,de.st.gem.15082430
de.st.wk.023.gem.15082430.wbz.000003,wahlbezirk,de.st.gem.15082430
de.st.wk.023.gem.15082430.wbz.000004,wahlbezirk,de.st.gem.15082430
de.st.wk.023.gem.15082430.wbz.000005,wahlbezirk,de.st.gem.15082430
de.st.wk.023.gem.15082430.wbz.000006,wahlbezirk,de.st.gem.15082430
de.st.wk.023.gem.15082430.wbz.000007,wahlbezirk,de.st.gem.15082430
de.st.wk.023.gem.15082430.wbz.000008,wahlbezirk,de.st.gem.15082430
de.st.wk.023.gem.15082430.wbz.000009,wahlbezirk,de.st.gem.15082430
de.st.wk.023.gem.15082430.wbz.000010,wahlbezirk,de.st.gem.15082430
de.st.wk.023.gem.15082430.wbz.000011,wahlbezirk,de.st.gem.15082430
de.st.wk.023.gem.15082430.wbz.000012,wahlbezirk,de.st.gem.15082430
de.st.wk.023.gem.15082430.wbz.000013,wahlbezirk,de.st.gem.15082430
de.st.wk.023.gem.15082430.wbz.000014,wahlbezirk,de.st.gem.15082430
de.st.wk.023.gem.15082430.wbz.000015,wahlbezirk,de.st.gem.15082430
de.st.wk.023.gem.15082430.wbz.000016,wahlbezirk,de.st.gem.15082430
de.st.wk.023.gem.15082430.wbz.000017,wahlbezirk,de.st.gem.15082430
de.st.wk.023.gem.15082430.wbz.000018,wahlbezirk,de.st.gem.15082430
de.st.wk.023.gem.15082430.wbz.000019,wahlbezirk,de.st.gem.15082430
de.st.wk.023.gem.15082430.wbz.000020,wahlbezirk,de.st.gem.15082430
de.st.wk.023.gem.15082430.wbz.000021,wahlbezirk,de.st.gem.15082430
de.st.wk.023.gem.15082430.wbz.000022,wahlbezirk,de.st.gem.15082430
de.st.wk.023.gem.15082430.wbz.000023,wahlbezirk,de.st.gem.15082430
de.st.wk.023.gem.15082430.wbz.000024,wahlbezirk,de.st.gem.15082430
de.st.wk.023.gem.15082430.wbz.000025,wahlbezirk,de.st.gem.15082430
de.st.wk.023.gem.15082430.wbz.000026,wahlbezirk,de.st.gem.15082430
de.st.wk.023.gem.15082430.wbz.000027,wahlbezirk,de.st.gem.15082430
de.st.wk.023.gem.15082430.wbz.000028,wahlbezirk,de.st.gem.15082430
de.st.wk.023.gem.15082430.wbz.000029,wahlbezirk,de.st.gem.15082430
de.st.wk.023.gem.15082430.wbz.000030,wahlbezirk,de.st.gem.15082430
de.st.wk.023.gem.15082430.wbz.000031,wahlbezirk,de.st.gem.15082430
de.st.wk.023.gem.15082430.wbz.000032,wahlbezirk,de.st.gem.15082430
de.st.wk.023.gem.15082430.wbz.000033,wahlbezirk,de.st.gem.15082430
de.st.wk.023.gem.15082430.wbz.000034,briefwahlbezirk,de.st.gem.15082430
de.st.wk.023.gem.15082430.wbz.000035,briefwahlbezirk,de.st.gem.15082430
de.st.wk.023.gem.15082430.wbz.000036,briefwahlbezirk,de.st.gem.15082430
de.st.wk.023.gem.15086055.wbz.000001,wahlbezirk,de.st.gem.15086055
de.st.wk.023.gem.15086055.wbz.000002,wahlbezirk,de.st.gem.15086055
de.st.wk.023.gem.15086055.wbz.000003,wahlbezirk,de.st.gem.15086055
de.st.wk.023.gem.15086055.wbz.000004,wahlbezirk,de.st.gem.15086055
de.st.wk.023.gem.15086055.wbz.000005,wahlbezirk,de.st.gem.15086055
de.st.wk.023.gem.15086055.wbz.000006,wahlbezirk,de.st.gem.15086055
de.st.wk.023.gem.15086055.wbz.000007,wahlbezirk,de.st.gem.15086055
de.st.wk.023.gem.15086055.wbz.000008,wahlbezirk,de.st.gem.15086055
de.st.wk.023.gem.15086055.wbz.000009,wahlbezirk,de.st.gem.15086055
de.st.wk.023.gem.15086055.wbz.000010,wahlbezirk,de.st.gem.15086055
de.st.wk.023.gem.15086055.wbz.000011,wahlbezirk,de.st.gem.15086055
de.st.wk.023.gem.15086055.wbz.000012,wahlbezirk,de.st.gem.15086055
de.st.wk.023.gem.15086055.wbz.000013,wahlbezirk,de.st.gem.15086055
de.st.wk.023.gem.15086055.wbz.000014,wahlbezirk,de.st.gem.15086055
de.st.wk.023.gem.15086055.wbz.000015,briefwahlbezirk,de.st.gem.15086055
de.st.wk.023.gem.15086055.wbz.000016,briefwahlbezirk,de.st.gem.15086055
de.st.wk.024.gem.15091375.wbz.000001,wahlbezirk,de.st.gem.15091375
de.st.wk.024.gem.15091375.wbz.000002,wahlbezirk,de.st.gem.15091375
de.st.wk.024.gem.15091375.wbz.000003,wahlbezirk,de.st.gem.15091375
de.st.wk.024.gem.15091375.wbz.000004,wahlbezirk,de.st.gem.15091375
de.st.wk.024.gem.15091375.wbz.000005,wahlbezirk,de.st.gem.15091375
de.st.wk.024.gem.15091375.wbz.000006,wahlbezirk,de.st.gem.15091375
de.st.wk.024.gem.15091375.wbz.000007,wahlbezirk,de.st.gem.15091375
de.st.wk.024.gem.15091375.wbz.000008,wahlbezirk,de.st.gem.15091375
de.st.wk.024.gem.15091375.wbz.000009,wahlbezirk,de.st.gem.15091375
de.st.wk.024.gem.15091375.wbz.000010,wahlbezirk,de.st.gem.15091375
de.st.wk.024.gem.15091375.wbz.000011,wahlbezirk,de.st.gem.15091375
de.st.wk.024.gem.15091375.wbz.000012,wahlbezirk,de.st.gem.15091375
de.st.wk.024.gem.15091375.wbz.000013,wahlbezirk,de.st.gem.15091375
de.st.wk.024.gem.15091375.wbz.000014,wahlbezirk,de.st.gem.15091375
de.st.wk.024.gem.15091375.wbz.000015,wahlbezirk,de.st.gem.15091375
de.st.wk.024.gem.15091375.wbz.000016,wahlbezirk,de.st.gem.15091375
de.st.wk.024.gem.15091375.wbz.000017,wahlbezirk,de.st.gem.15091375
de.st.wk.024.gem.15091375.wbz.000018,wahlbezirk,de.st.gem.15091375
de.st.wk.024.gem.15091375.wbz.000019,wahlbezirk,de.st.gem.15091375
de.st.wk.024.gem.15091375.wbz.000020,wahlbezirk,de.st.gem.15091375
de.st.wk.024.gem.15091375.wbz.000021,wahlbezirk,de.st.gem.15091375
de.st.wk.024.gem.15091375.wbz.000022,wahlbezirk,de.st.gem.15091375
de.st.wk.024.gem.15091375.wbz.000023,wahlbezirk,de.st.gem.15091375
de.st.wk.024.gem.15091375.wbz.000024,wahlbezirk,de.st.gem.15091375
de.st.wk.024.gem.15091375.wbz.000025,wahlbezirk,de.st.gem.15091375
de.st.wk.024.gem.15091375.wbz.000026,wahlbezirk,de.st.gem.15091375
de.st.wk.024.gem.15091375.wbz.000027,wahlbezirk,de.st.gem.15091375
de.st.wk.024.gem.15091375.wbz.000028,wahlbezirk,de.st.gem.15091375
de.st.wk.024.gem.15091375.wbz.000029,wahlbezirk,de.st.gem.15091375
de.st.wk.024.gem.15091375.wbz.000030,wahlbezirk,de.st.gem.15091375
de.st.wk.024.gem.15091375.wbz.000031,wahlbezirk,de.st.gem.15091375
de.st.wk.024.gem.15091375.wbz.000032,wahlbezirk,de.st.gem.15091375
de.st.wk.024.gem.15091375.wbz.000033,wahlbezirk,de.st.gem.15091375
de.st.wk.024.gem.15091375.wbz.000034,wahlbezirk,de.st.gem.15091375
de.st.wk.024.gem.15091375.wbz.000035,wahlbezirk,de.st.gem.15091375
de.st.wk.024.gem.15091375.wbz.000036,wahlbezirk,de.st.gem.15091375
de.st.wk.024.gem.15091375.wbz.000037,wahlbezirk,de.st.gem.15091375
de.st.wk.024.gem.15091375.wbz.000038,wahlbezirk,de.st.gem.15091375
de.st.wk.024.gem.15091375.wbz.000039,wahlbezirk,de.st.gem.15091375
de.st.wk.024.gem.15091375.wbz.000991,briefwahlbezirk,de.st.gem.15091375
de.st.wk.024.gem.15091375.wbz.000992,briefwahlbezirk,de.st.gem.15091375
de.st.wk.024.gem.15091375.wbz.000993,briefwahlbezirk,de.st.gem.15091375
de.st.wk.024.gem.15091375.wbz.000994,briefwahlbezirk,de.st.gem.15091375
de.st.wk.024.gem.15091375.wbz.000995,briefwahlbezirk,de.st.gem.15091375
de.st.wk.024.gem.15091375.wbz.000996,briefwahlbezirk,de.st.gem.15091375
de.st.wk.024.gem.15091375.wbz.000997,briefwahlbezirk,de.st.gem.15091375
de.st.wk.024.gem.15091375.wbz.000998,briefwahlbezirk,de.st.gem.15091375
de.st.wk.024.gem.15091391.wbz.000001,wahlbezirk,de.st.gem.15091391
de.st.wk.024.gem.15091391.wbz.000002,wahlbezirk,de.st.gem.15091391
de.st.wk.024.gem.15091391.wbz.000003,wahlbezirk,de.st.gem.15091391
de.st.wk.024.gem.15091391.wbz.000004,wahlbezirk,de.st.gem.15091391
de.st.wk.024.gem.15091391.wbz.000005,wahlbezirk,de.st.gem.15091391
de.st.wk.024.gem.15091391.wbz.000006,wahlbezirk,de.st.gem.15091391
de.st.wk.024.gem.15091391.wbz.000007,wahlbezirk,de.st.gem.15091391
de.st.wk.024.gem.15091391.wbz.000008,wahlbezirk,de.st.gem.15091391
de.st.wk.024.gem.15091391.wbz.000009,wahlbezirk,de.st.gem.15091391
de.st.wk.024.gem.15091391.wbz.000010,wahlbezirk,de.st.gem.15091391
de.st.wk.024.gem.15091391.wbz.000011,wahlbezirk,de.st.gem.15091391
de.st.wk.024.gem.15091391.wbz.000012,wahlbezirk,de.st.gem.15091391
de.st.wk.024.gem.15091391.wbz.000013,wahlbezirk,de.st.gem.15091391
de.st.wk.024.gem.15091391.wbz.000997,briefwahlbezirk,de.st.gem.15091391
de.st.wk.024.gem.15091391.wbz.000998,briefwahlbezirk,de.st.gem.15091391
de.st.wk.024.gem.15091391.wbz.000999,briefwahlbezirk,de.st.gem.15091391
de.st.wk.025.gem.15091010.wbz.000001,wahlbezirk,de.st.gem.15091010
de.st.wk.025.gem.15091010.wbz.000002,wahlbezirk,de.st.gem.15091010
de.st.wk.025.gem.15091010.wbz.000003,wahlbezirk,de.st.gem.15091010
de.st.wk.025.gem.15091010.wbz.000004,wahlbezirk,de.st.gem.15091010
de.st.wk.025.gem.15091010.wbz.000005,wahlbezirk,de.st.gem.15091010
de.st.wk.025.gem.15091010.wbz.000006,wahlbezirk,de.st.gem.15091010
de.st.wk.025.gem.15091010.wbz.000007,wahlbezirk,de.st.gem.15091010
de.st.wk.025.gem.15091010.wbz.000008,wahlbezirk,de.st.gem.15091010
de.st.wk.025.gem.15091010.wbz.000009,wahlbezirk,de.st.gem.15091010
de.st.wk.025.gem.15091010.wbz.000010,wahlbezirk,de.st.gem.15091010
de.st.wk.025.gem.15091010.wbz.000011,wahlbezirk,de.st.gem.15091010
de.st.wk.025.gem.15091010.wbz.000012,wahlbezirk,de.st.gem.15091010
de.st.wk.025.gem.15091010.wbz.000999,briefwahlbezirk,de.st.gem.15091010
de.st.wk.025.gem.15091020.wbz.000001,wahlbezirk,de.st.gem.15091020
de.st.wk.025.gem.15091020.wbz.000002,wahlbezirk,de.st.gem.15091020
de.st.wk.025.gem.15091020.wbz.000003,wahlbezirk,de.st.gem.15091020
de.st.wk.025.gem.15091020.wbz.000004,wahlbezirk,de.st.gem.15091020
de.st.wk.025.gem.15091020.wbz.000005,wahlbezirk,de.st.gem.15091020
de.st.wk.025.gem.15091020.wbz.000006,wahlbezirk,de.st.gem.15091020
de.st.wk.025.gem.15091020.wbz.000007,wahlbezirk,de.st.gem.15091020
de.st.wk.025.gem.15091020.wbz.000008,wahlbezirk,de.st.gem.15091020
de.st.wk.025.gem.15091020.wbz.000009,wahlbezirk,de.st.gem.15091020
de.st.wk.025.gem.15091020.wbz.000010,wahlbezirk,de.st.gem.15091020
de.st.wk.025.gem.15091020.wbz.000011,wahlbezirk,de.st.gem.15091020
de.st.wk.025.gem.15091020.wbz.000012,wahlbezirk,de.st.gem.15091020
de.st.wk.025.gem.15091020.wbz.000999,briefwahlbezirk,de.st.gem.15091020
de.st.wk.025.gem.15091110.wbz.000001,wahlbezirk,de.st.gem.15091110
de.st.wk.025.gem.15091110.wbz.000002,wahlbezirk,de.st.gem.15091110
de.st.wk.025.gem.15091110.wbz.000003,wahlbezirk,de.st.gem.15091110
de.st.wk.025.gem.15091110.wbz.000004,wahlbezirk,de.st.gem.15091110
de.st.wk.025.gem.15091110.wbz.000005,wahlbezirk,de.st.gem.15091110
de.st.wk.025.gem.15091110.wbz.000006,wahlbezirk,de.st.gem.15091110
de.st.wk.025.gem.15091110.wbz.000007,wahlbezirk,de.st.gem.15091110
de.st.wk.025.gem.15091110.wbz.000008,wahlbezirk,de.st.gem.15091110
de.st.wk.025.gem.15091110.wbz.000009,wahlbezirk,de.st.gem.15091110
de.st.wk.025.gem.15091110.wbz.000010,wahlbezirk,de.st.gem.15091110
de.st.wk.025.gem.15091110.wbz.000011,wahlbezirk,de.st.gem.15091110
de.st.wk.025.gem.15091110.wbz.000012,wahlbezirk,de.st.gem.15091110
de.st.wk.025.gem.15091110.wbz.000999,briefwahlbezirk,de.st.gem.15091110
de.st.wk.025.gem.15091145.wbz.000001,wahlbezirk,de.st.gem.15091145
de.st.wk.025.gem.15091145.wbz.000002,wahlbezirk,de.st.gem.15091145
de.st.wk.025.gem.15091145.wbz.000003,wahlbezirk,de.st.gem.15091145
de.st.wk.025.gem.15091145.wbz.000004,wahlbezirk,de.st.gem.15091145
de.st.wk.025.gem.15091145.wbz.000005,wahlbezirk,de.st.gem.15091145
de.st.wk.025.gem.15091145.wbz.000006,wahlbezirk,de.st.gem.15091145
de.st.wk.025.gem.15091145.wbz.000007,wahlbezirk,de.st.gem.15091145
de.st.wk.025.gem.15091145.wbz.000008,wahlbezirk,de.st.gem.15091145
de.st.wk.025.gem.15091145.wbz.000009,wahlbezirk,de.st.gem.15091145
de.st.wk.025.gem.15091145.wbz.000010,wahlbezirk,de.st.gem.15091145
de.st.wk.025.gem.15091145.wbz.000011,wahlbezirk,de.st.gem.15091145
de.st.wk.025.gem.15091145.wbz.000012,wahlbezirk,de.st.gem.15091145
de.st.wk.025.gem.15091145.wbz.000013,wahlbezirk,de.st.gem.15091145
de.st.wk.025.gem.15091145.wbz.000014,wahlbezirk,de.st.gem.15091145
de.st.wk.025.gem.15091145.wbz.000015,wahlbezirk,de.st.gem.15091145
de.st.wk.025.gem.15091145.wbz.000016,wahlbezirk,de.st.gem.15091145
de.st.wk.025.gem.15091145.wbz.000017,wahlbezirk,de.st.gem.15091145
de.st.wk.025.gem.15091145.wbz.000018,wahlbezirk,de.st.gem.15091145
de.st.wk.025.gem.15091145.wbz.000019,wahlbezirk,de.st.gem.15091145
de.st.wk.025.gem.15091145.wbz.000020,wahlbezirk,de.st.gem.15091145
de.st.wk.025.gem.15091145.wbz.000021,wahlbezirk,de.st.gem.15091145
de.st.wk.025.gem.15091145.wbz.000994,briefwahlbezirk,de.st.gem.15091145
de.st.wk.025.gem.15091145.wbz.000995,briefwahlbezirk,de.st.gem.15091145
de.st.wk.025.gem.15091145.wbz.000996,briefwahlbezirk,de.st.gem.15091145
de.st.wk.025.gem.15091145.wbz.000997,briefwahlbezirk,de.st.gem.15091145
de.st.wk.025.gem.15091145.wbz.000998,briefwahlbezirk,de.st.gem.15091145
de.st.wk.025.gem.15091145.wbz.000999,briefwahlbezirk,de.st.gem.15091145
de.st.wk.025.gem.15091160.wbz.000001,wahlbezirk,de.st.gem.15091160
de.st.wk.025.gem.15091160.wbz.000002,wahlbezirk,de.st.gem.15091160
de.st.wk.025.gem.15091160.wbz.000003,wahlbezirk,de.st.gem.15091160
de.st.wk.025.gem.15091160.wbz.000004,wahlbezirk,de.st.gem.15091160
de.st.wk.025.gem.15091160.wbz.000005,wahlbezirk,de.st.gem.15091160
de.st.wk.025.gem.15091160.wbz.000006,wahlbezirk,de.st.gem.15091160
de.st.wk.025.gem.15091160.wbz.000007,wahlbezirk,de.st.gem.15091160
de.st.wk.025.gem.15091160.wbz.000008,wahlbezirk,de.st.gem.15091160
de.st.wk.025.gem.15091160.wbz.000009,wahlbezirk,de.st.gem.15091160
de.st.wk.025.gem.15091160.wbz.000010,wahlbezirk,de.st.gem.15091160
de.st.wk.025.gem.15091160.wbz.000011,wahlbezirk,de.st.gem.15091160
de.st.wk.025.gem.15091160.wbz.000012,wahlbezirk,de.st.gem.15091160
de.st.wk.025.gem.15091160.wbz.000013,wahlbezirk,de.st.gem.15091160
de.st.wk.025.gem.15091160.wbz.000014,wahlbezirk,de.st.gem.15091160
de.st.wk.025.gem.15091160.wbz.000015,wahlbezirk,de.st.gem.15091160
de.st.wk.025.gem.15091160.wbz.000999,briefwahlbezirk,de.st.gem.15091160
de.st.wk.026.gem.15001000.wbz.000020,wahlbezirk,de.st.gem.15001000
de.st.wk.026.gem.15001000.wbz.000021,wahlbezirk,de.st.gem.15001000
de.st.wk.026.gem.15001000.wbz.000024,wahlbezirk,de.st.gem.15001000
de.st.wk.026.gem.15001000.wbz.000026,wahlbezirk,de.st.gem.15001000
de.st.wk.026.gem.15001000.wbz.000027,wahlbezirk,de.st.gem.15001000
de.st.wk.026.gem.15001000.wbz.000030,wahlbezirk,de.st.gem.15001000
de.st.wk.026.gem.15001000.wbz.000031,wahlbezirk,de.st.gem.15001000
de.st.wk.026.gem.15001000.wbz.000033,wahlbezirk,de.st.gem.15001000
de.st.wk.026.gem.15001000.wbz.000036,wahlbezirk,de.st.gem.15001000
de.st.wk.026.gem.15001000.wbz.000037,wahlbezirk,de.st.gem.15001000
de.st.wk.026.gem.15001000.wbz.000040,wahlbezirk,de.st.gem.15001000
de.st.wk.026.gem.15001000.wbz.000042,wahlbezirk,de.st.gem.15001000
de.st.wk.026.gem.15001000.wbz.000043,wahlbezirk,de.st.gem.15001000
de.st.wk.026.gem.15001000.wbz.000045,wahlbezirk,de.st.gem.15001000
de.st.wk.026.gem.15001000.wbz.000050,wahlbezirk,de.st.gem.15001000
de.st.wk.026.gem.15001000.wbz.000060,wahlbezirk,de.st.gem.15001000
de.st.wk.026.gem.15001000.wbz.000061,wahlbezirk,de.st.gem.15001000
de.st.wk.026.gem.15001000.wbz.000090,wahlbezirk,de.st.gem.15001000
de.st.wk.026.gem.15001000.wbz.000091,wahlbezirk,de.st.gem.15001000
de.st.wk.026.gem.15001000.wbz.000092,wahlbezirk,de.st.gem.15001000
de.st.wk.026.gem.15001000.wbz.000093,wahlbezirk,de.st.gem.15001000
de.st.wk.026.gem.15001000.wbz.000100,wahlbezirk,de.st.gem.15001000
de.st.wk.026.gem.15001000.wbz.000101,wahlbezirk,de.st.gem.15001000
de.st.wk.026.gem.15001000.wbz.000102,wahlbezirk,de.st.gem.15001000
de.st.wk.026.gem.15001000.wbz.000110,wahlbezirk,de.st.gem.15001000
de.st.wk.026.gem.15001000.wbz.000120,wahlbezirk,de.st.gem.15001000
de.st.wk.026.gem.15001000.wbz.000130,wahlbezirk,de.st.gem.15001000
de.st.wk.026.gem.15001000.wbz.000140,wahlbezirk,de.st.gem.15001000
de.st.wk.026.gem.15001000.wbz.000141,wahlbezirk,de.st.gem.15001000
de.st.wk.026.gem.15001000.wbz.000142,wahlbezirk,de.st.gem.15001000
de.st.wk.026.gem.15001000.wbz.000150,wahlbezirk,de.st.gem.15001000
de.st.wk.026.gem.15001000.wbz.000151,wahlbezirk,de.st.gem.15001000
de.st.wk.026.gem.15001000.wbz.000152,wahlbezirk,de.st.gem.15001000
de.st.wk.026.gem.15001000.wbz.000160,wahlbezirk,de.st.gem.15001000
de.st.wk.026.gem.15001000.wbz.000170,wahlbezirk,de.st.gem.15001000
de.st.wk.026.gem.15001000.wbz.000172,wahlbezirk,de.st.gem.15001000
de.st.wk.026.gem.15001000.wbz.000180,wahlbezirk,de.st.gem.15001000
de.st.wk.026.gem.15001000.wbz.000190,wahlbezirk,de.st.gem.15001000
de.st.wk.026.gem.15001000.wbz.000987,briefwahlbezirk,de.st.gem.15001000
de.st.wk.026.gem.15001000.wbz.000988,briefwahlbezirk,de.st.gem.15001000
de.st.wk.026.gem.15001000.wbz.000989,briefwahlbezirk,de.st.gem.15001000
de.st.wk.026.gem.15001000.wbz.000990,briefwahlbezirk,de.st.gem.15001000
de.st.wk.026.gem.15001000.wbz.000991,briefwahlbezirk,de.st.gem.15001000
de.st.wk.026.gem.15001000.wbz.000992,briefwahlbezirk,de.st.gem.15001000
de.st.wk.026.gem.15001000.wbz.000993,briefwahlbezirk,de.st.gem.15001000
de.st.wk.026.gem.15001000.wbz.000994,briefwahlbezirk,de.st.gem.15001000
de.st.wk.026.gem.15001000.wbz.000995,briefwahlbezirk,de.st.gem.15001000
de.st.wk.026.gem.15001000.wbz.000996,briefwahlbezirk,de.st.gem.15001000
de.st.wk.026.gem.15001000.wbz.000997,briefwahlbezirk,de.st.gem.15001000
de.st.wk.026.gem.15001000.wbz.000999,briefwahlbezirk,de.st.gem.15001000
de.st.wk.027.gem.15001000.wbz.000010,wahlbezirk,de.st.gem.15001000
de.st.wk.027.gem.15001000.wbz.000012,wahlbezirk,de.st.gem.15001000
de.st.wk.027.gem.15001000.wbz.000014,wahlbezirk,de.st.gem.15001000
de.st.wk.027.gem.15001000.wbz.000015,wahlbezirk,de.st.gem.15001000
de.st.wk.027.gem.15001000.wbz.000016,wahlbezirk,de.st.gem.15001000
de.st.wk.027.gem.15001000.wbz.000017,wahlbezirk,de.st.gem.15001000
de.st.wk.027.gem.15001000.wbz.000070,wahlbezirk,de.st.gem.15001000
de.st.wk.027.gem.15001000.wbz.000080,wahlbezirk,de.st.gem.15001000
de.st.wk.027.gem.15001000.wbz.000081,wahlbezirk,de.st.gem.15001000
de.st.wk.027.gem.15001000.wbz.000210,wahlbezirk,de.st.gem.15001000
de.st.wk.027.gem.15001000.wbz.000220,wahlbezirk,de.st.gem.15001000
de.st.wk.027.gem.15001000.wbz.000221,wahlbezirk,de.st.gem.15001000
de.st.wk.027.gem.15001000.wbz.000222,wahlbezirk,de.st.gem.15001000
de.st.wk.027.gem.15001000.wbz.000223,wahlbezirk,de.st.gem.15001000
de.st.wk.027.gem.15001000.wbz.000224,wahlbezirk,de.st.gem.15001000
de.st.wk.027.gem.15001000.wbz.000230,wahlbezirk,de.st.gem.15001000
de.st.wk.027.gem.15001000.wbz.000240,wahlbezirk,de.st.gem.15001000
de.st.wk.027.gem.15001000.wbz.000967,briefwahlbezirk,de.st.gem.15001000
de.st.wk.027.gem.15001000.wbz.000968,briefwahlbezirk,de.st.gem.15001000
de.st.wk.027.gem.15001000.wbz.000969,briefwahlbezirk,de.st.gem.15001000
de.st.wk.027.gem.15001000.wbz.000970,briefwahlbezirk,de.st.gem.15001000
de.st.wk.027.gem.15001000.wbz.000971,briefwahlbezirk,de.st.gem.15001000
de.st.wk.027.gem.15001000.wbz.000972,briefwahlbezirk,de.st.gem.15001000
de.st.wk.027.gem.15001000.wbz.000973,briefwahlbezirk,de.st.gem.15001000
de.st.wk.027.gem.15091060.wbz.000001,wahlbezirk,de.st.gem.15091060
de.st.wk.027.gem.15091060.wbz.000002,wahlbezirk,de.st.gem.15091060
de.st.wk.027.gem.15091060.wbz.000003,wahlbezirk,de.st.gem.15091060
de.st.wk.027.gem.15091060.wbz.000004,wahlbezirk,de.st.gem.15091060
de.st.wk.027.gem.15091060.wbz.000005,wahlbezirk,de.st.gem.15091060
de.st.wk.027.gem.15091060.wbz.000006,wahlbezirk,de.st.gem.15091060
de.st.wk.027.gem.15091060.wbz.000007,wahlbezirk,de.st.gem.15091060
de.st.wk.027.gem.15091060.wbz.000008,wahlbezirk,de.st.gem.15091060
de.st.wk.027.gem.15091060.wbz.000009,wahlbezirk,de.st.gem.15091060
de.st.wk.027.gem.15091060.wbz.000010,wahlbezirk,de.st.gem.15091060
de.st.wk.027.gem.15091060.wbz.000011,wahlbezirk,de.st.gem.15091060
de.st.wk.027.gem.15091060.wbz.000012,wahlbezirk,de.st.gem.15091060
de.st.wk.027.gem.15091060.wbz.000013,wahlbezirk,de.st.gem.15091060
de.st.wk.027.gem.15091060.wbz.000014,wahlbezirk,de.st.gem.15091060
de.st.wk.027.gem.15091060.wbz.000015,wahlbezirk,de.st.gem.15091060
de.st.wk.027.gem.15091060.wbz.000016,wahlbezirk,de.st.gem.15091060
de.st.wk.027.gem.15091060.wbz.000017,wahlbezirk,de.st.gem.15091060
de.st.wk.027.gem.15091060.wbz.000018,wahlbezirk,de.st.gem.15091060
de.st.wk.027.gem.15091060.wbz.000019,wahlbezirk,de.st.gem.15091060
de.st.wk.027.gem.15091060.wbz.000020,wahlbezirk,de.st.gem.15091060
de.st.wk.027.gem.15091060.wbz.000021,wahlbezirk,de.st.gem.15091060
de.st.wk.027.gem.15091060.wbz.000022,wahlbezirk,de.st.gem.15091060
de.st.wk.027.gem.15091060.wbz.000023,wahlbezirk,de.st.gem.15091060
de.st.wk.027.gem.15091060.wbz.000998,briefwahlbezirk,de.st.gem.15091060
de.st.wk.027.gem.15091060.wbz.000999,briefwahlbezirk,de.st.gem.15091060
de.st.wk.027.gem.15091241.wbz.000001,wahlbezirk,de.st.gem.15091241
de.st.wk.027.gem.15091241.wbz.000002,wahlbezirk,de.st.gem.15091241
de.st.wk.027.gem.15091241.wbz.000003,wahlbezirk,de.st.gem.15091241
de.st.wk.027.gem.15091241.wbz.000004,wahlbezirk,de.st.gem.15091241
de.st.wk.027.gem.15091241.wbz.000005,wahlbezirk,de.st.gem.15091241
de.st.wk.027.gem.15091241.wbz.000006,wahlbezirk,de.st.gem.15091241
de.st.wk.027.gem.15091241.wbz.000007,wahlbezirk,de.st.gem.15091241
de.st.wk.027.gem.15091241.wbz.000008,wahlbezirk,de.st.gem.15091241
de.st.wk.027.gem.15091241.wbz.000009,wahlbezirk,de.st.gem.15091241
de.st.wk.027.gem.15091241.wbz.000010,wahlbezirk,de.st.gem.15091241
de.st.wk.027.gem.15091241.wbz.000011,wahlbezirk,de.st.gem.15091241
de.st.wk.027.gem.15091241.wbz.000012,wahlbezirk,de.st.gem.15091241
de.st.wk.027.gem.15091241.wbz.000998,briefwahlbezirk,de.st.gem.15091241
de.st.wk.027.gem.15091241.wbz.000999,briefwahlbezirk,de.st.gem.15091241
de.st.wk.028.gem.15082015.wbz.000001,wahlbezirk,de.st.gem.15082015
de.st.wk.028.gem.15082015.wbz.000002,wahlbezirk,de.st.gem.15082015
de.st.wk.028.gem.15082015.wbz.000003,wahlbezirk,de.st.gem.15082015
de.st.wk.028.gem.15082015.wbz.000004,wahlbezirk,de.st.gem.15082015
de.st.wk.028.gem.15082015.wbz.000005,wahlbezirk,de.st.gem.15082015
de.st.wk.028.gem.15082015.wbz.000006,wahlbezirk,de.st.gem.15082015
de.st.wk.028.gem.15082015.wbz.000007,wahlbezirk,de.st.gem.15082015
de.st.wk.028.gem.15082015.wbz.000008,wahlbezirk,de.st.gem.15082015
de.st.wk.028.gem.15082015.wbz.000009,wahlbezirk,de.st.gem.15082015
de.st.wk.028.gem.15082015.wbz.000010,wahlbezirk,de.st.gem.15082015
de.st.wk.028.gem.15082015.wbz.000011,wahlbezirk,de.st.gem.15082015
de.st.wk.028.gem.15082015.wbz.000012,wahlbezirk,de.st.gem.15082015
de.st.wk.028.gem.15082015.wbz.000013,wahlbezirk,de.st.gem.15082015
de.st.wk.028.gem.15082015.wbz.000014,wahlbezirk,de.st.gem.15082015
de.st.wk.028.gem.15082015.wbz.000015,wahlbezirk,de.st.gem.15082015
de.st.wk.028.gem.15082015.wbz.000016,wahlbezirk,de.st.gem.15082015
de.st.wk.028.gem.15082015.wbz.000017,wahlbezirk,de.st.gem.15082015
de.st.wk.028.gem.15082015.wbz.000018,wahlbezirk,de.st.gem.15082015
de.st.wk.028.gem.15082015.wbz.000019,wahlbezirk,de.st.gem.15082015
de.st.wk.028.gem.15082015.wbz.000020,wahlbezirk,de.st.gem.15082015
de.st.wk.028.gem.15082015.wbz.000021,wahlbezirk,de.st.gem.15082015
de.st.wk.028.gem.15082015.wbz.000022,wahlbezirk,de.st.gem.15082015
de.st.wk.028.gem.15082015.wbz.000023,wahlbezirk,de.st.gem.15082015
de.st.wk.028.gem.15082015.wbz.000024,wahlbezirk,de.st.gem.15082015
de.st.wk.028.gem.15082015.wbz.000025,wahlbezirk,de.st.gem.15082015
de.st.wk.028.gem.15082015.wbz.000026,wahlbezirk,de.st.gem.15082015
de.st.wk.028.gem.15082015.wbz.000027,briefwahlbezirk,de.st.gem.15082015
de.st.wk.028.gem.15082015.wbz.000028,briefwahlbezirk,de.st.gem.15082015
de.st.wk.028.gem.15082015.wbz.000029,briefwahlbezirk,de.st.gem.15082015
de.st.wk.028.gem.15082015.wbz.000030,briefwahlbezirk,de.st.gem.15082015
de.st.wk.028.gem.15082015.wbz.000031,briefwahlbezirk,de.st.gem.15082015
de.st.wk.028.gem.15082015.wbz.000032,briefwahlbezirk,de.st.gem.15082015
de.st.wk.028.gem.15082340.wbz.000001,wahlbezirk,de.st.gem.15082340
de.st.wk.028.gem.15082340.wbz.000002,wahlbezirk,de.st.gem.15082340
de.st.wk.028.gem.15082340.wbz.000003,wahlbezirk,de.st.gem.15082340
de.st.wk.028.gem.15082340.wbz.000004,wahlbezirk,de.st.gem.15082340
de.st.wk.028.gem.15082340.wbz.000005,wahlbezirk,de.st.gem.15082340
de.st.wk.028.gem.15082340.wbz.000006,wahlbezirk,de.st.gem.15082340
de.st.wk.028.gem.15082340.wbz.000007,wahlbezirk,de.st.gem.15082340
de.st.wk.028.gem.15082340.wbz.000008,wahlbezirk,de.st.gem.15082340
de.st.wk.028.gem.15082340.wbz.000009,wahlbezirk,de.st.gem.15082340
de.st.wk.028.gem.15082340.wbz.000010,wahlbezirk,de.st.gem.15082340
de.st.wk.028.gem.15082340.wbz.000011,wahlbezirk,de.st.gem.15082340
de.st.wk.028.gem.15082340.wbz.000012,wahlbezirk,de.st.gem.15082340
de.st.wk.028.gem.15082340.wbz.000013,wahlbezirk,de.st.gem.15082340
de.st.wk.028.gem.15082340.wbz.000014,wahlbezirk,de.st.gem.15082340
de.st.wk.028.gem.15082340.wbz.000016,briefwahlbezirk,de.st.gem.15082340
de.st.wk.028.gem.15082340.wbz.000017,briefwahlbezirk,de.st.gem.15082340
de.st.wk.028.gem.15082440.wbz.000001,wahlbezirk,de.st.gem.15082440
de.st.wk.028.gem.15082440.wbz.000002,wahlbezirk,de.st.gem.15082440
de.st.wk.028.gem.15082440.wbz.000003,wahlbezirk,de.st.gem.15082440
de.st.wk.028.gem.15082440.wbz.000004,wahlbezirk,de.st.gem.15082440
de.st.wk.028.gem.15082440.wbz.000005,wahlbezirk,de.st.gem.15082440
de.st.wk.028.gem.15082440.wbz.000006,wahlbezirk,de.st.gem.15082440
de.st.wk.028.gem.15082440.wbz.000007,wahlbezirk,de.st.gem.15082440
de.st.wk.028.gem.15082440.wbz.000008,wahlbezirk,de.st.gem.15082440
de.st.wk.028.gem.15082440.wbz.000009,wahlbezirk,de.st.gem.15082440
de.st.wk.028.gem.15082440.wbz.000010,wahlbezirk,de.st.gem.15082440
de.st.wk.028.gem.15082440.wbz.000011,wahlbezirk,de.st.gem.15082440
de.st.wk.028.gem.15082440.wbz.000012,wahlbezirk,de.st.gem.15082440
de.st.wk.028.gem.15082440.wbz.000013,briefwahlbezirk,de.st.gem.15082440
de.st.wk.029.gem.15087386.wbz.000001,wahlbezirk,de.st.gem.15087386
de.st.wk.029.gem.15087386.wbz.000002,wahlbezirk,de.st.gem.15087386
de.st.wk.029.gem.15087386.wbz.000003,wahlbezirk,de.st.gem.15087386
de.st.wk.029.gem.15087386.wbz.000004,wahlbezirk,de.st.gem.15087386
de.st.wk.029.gem.15087386.wbz.000005,wahlbezirk,de.st.gem.15087386
de.st.wk.029.gem.15087386.wbz.000006,wahlbezirk,de.st.gem.15087386
de.st.wk.029.gem.15087386.wbz.000007,wahlbezirk,de.st.gem.15087386
de.st.wk.029.gem.15087386.wbz.000008,wahlbezirk,de.st.gem.15087386
de.st.wk.029.gem.15087386.wbz.000009,wahlbezirk,de.st.gem.15087386
de.st.wk.029.gem.15087386.wbz.000010,wahlbezirk,de.st.gem.15087386
de.st.wk.029.gem.15087386.wbz.000011,wahlbezirk,de.st.gem.15087386
de.st.wk.029.gem.15087386.wbz.000012,wahlbezirk,de.st.gem.15087386
de.st.wk.029.gem.15087386.wbz.000013,wahlbezirk,de.st.gem.15087386
de.st.wk.029.gem.15087386.wbz.000901,briefwahlbezirk,de.st.gem.15087386
de.st.wk.029.gem.15088216.wbz.000001,wahlbezirk,de.st.gem.15088216
de.st.wk.029.gem.15088216.wbz.000002,wahlbezirk,de.st.gem.15088216
de.st.wk.029.gem.15088216.wbz.000003,wahlbezirk,de.st.gem.15088216
de.st.wk.029.gem.15088216.wbz.000004,wahlbezirk,de.st.gem.15088216
de.st.wk.029.gem.15088216.wbz.000005,wahlbezirk,de.st.gem.15088216
de.st.wk.029.gem.15088216.wbz.000006,wahlbezirk,de.st.gem.15088216
de.st.wk.029.gem.15088216.wbz.000007,wahlbezirk,de.st.gem.15088216
de.st.wk.029.gem.15088216.wbz.000008,wahlbezirk,de.st.gem.15088216
de.st.wk.029.gem.15088216.wbz.000009,wahlbezirk,de.st.gem.15088216
de.st.wk.029.gem.15088216.wbz.000010,wahlbezirk,de.st.gem.15088216
de.st.wk.029.gem.15088216.wbz.000901,briefwahlbezirk,de.st.gem.15088216
de.st.wk.029.gem.15088295.wbz.000001,wahlbezirk,de.st.gem.15088295
de.st.wk.029.gem.15088295.wbz.000003,wahlbezirk,de.st.gem.15088295
de.st.wk.029.gem.15088295.wbz.000004,wahlbezirk,de.st.gem.15088295
de.st.wk.029.gem.15088295.wbz.000005,wahlbezirk,de.st.gem.15088295
de.st.wk.029.gem.15088295.wbz.000006,wahlbezirk,de.st.gem.15088295
de.st.wk.029.gem.15088295.wbz.000007,wahlbezirk,de.st.gem.15088295
de.st.wk.029.gem.15088295.wbz.000008,wahlbezirk,de.st.gem.15088295
de.st.wk.029.gem.15088295.wbz.000009,wahlbezirk,de.st.gem.15088295
de.st.wk.029.gem.15088295.wbz.000010,wahlbezirk,de.st.gem.15088295
de.st.wk.029.gem.15088295.wbz.000011,wahlbezirk,de.st.gem.15088295
de.st.wk.029.gem.15088295.wbz.000012,wahlbezirk,de.st.gem.15088295
de.st.wk.029.gem.15088295.wbz.000901,briefwahlbezirk,de.st.gem.15088295
de.st.wk.029.gem.15088319.wbz.000001,wahlbezirk,de.st.gem.15088319
de.st.wk.029.gem.15088319.wbz.000002,wahlbezirk,de.st.gem.15088319
de.st.wk.029.gem.15088319.wbz.000003,wahlbezirk,de.st.gem.15088319
de.st.wk.029.gem.15088319.wbz.000004,wahlbezirk,de.st.gem.15088319
de.st.wk.029.gem.15088319.wbz.000005,wahlbezirk,de.st.gem.15088319
de.st.wk.029.gem.15088319.wbz.000006,wahlbezirk,de.st.gem.15088319
de.st.wk.029.gem.15088319.wbz.000007,wahlbezirk,de.st.gem.15088319
de.st.wk.029.gem.15088319.wbz.000008,wahlbezirk,de.st.gem.15088319
de.st.wk.029.gem.15088319.wbz.000009,wahlbezirk,de.st.gem.15088319
de.st.wk.029.gem.15088319.wbz.000901,briefwahlbezirk,de.st.gem.15088319
de.st.wk.029.gem.15088365.wbz.000101,wahlbezirk,de.st.gem.15088365
de.st.wk.029.gem.15088365.wbz.000102,wahlbezirk,de.st.gem.15088365
de.st.wk.029.gem.15088365.wbz.000103,wahlbezirk,de.st.gem.15088365
de.st.wk.029.gem.15088365.wbz.000105,wahlbezirk,de.st.gem.15088365
de.st.wk.029.gem.15088365.wbz.000106,wahlbezirk,de.st.gem.15088365
de.st.wk.029.gem.15088365.wbz.000107,wahlbezirk,de.st.gem.15088365
de.st.wk.029.gem.15088365.wbz.000108,wahlbezirk,de.st.gem.15088365
de.st.wk.029.gem.15088365.wbz.000109,wahlbezirk,de.st.gem.15088365
de.st.wk.029.gem.15088365.wbz.000201,wahlbezirk,de.st.gem.15088365
de.st.wk.029.gem.15088365.wbz.000301,wahlbezirk,de.st.gem.15088365
de.st.wk.029.gem.15088365.wbz.000302,wahlbezirk,de.st.gem.15088365
de.st.wk.029.gem.15088365.wbz.000401,wahlbezirk,de.st.gem.15088365
de.st.wk.029.gem.15088365.wbz.000501,wahlbezirk,de.st.gem.15088365
de.st.wk.029.gem.15088365.wbz.000901,briefwahlbezirk,de.st.gem.15088365
de.st.wk.029.gem.15088365.wbz.000902,briefwahlbezirk,de.st.gem.15088365
de.st.wk.030.gem.15087010.wbz.000005,wahlbezirk,de.st.gem.15087010
de.st.wk.030.gem.15087010.wbz.000010,briefwahlbezirk,de.st.gem.15087010
de.st.wk.030.gem.15087045.wbz.000002,wahlbezirk,de.st.gem.15087045
de.st.wk.030.gem.15087045.wbz.000011,briefwahlbezirk,de.st.gem.15087045
de.st.wk.030.gem.15087070.wbz.000009,wahlbezirk,de.st.gem.15087070
de.st.wk.030.gem.15087070.wbz.000012,briefwahlbezirk,de.st.gem.15087070
de.st.wk.030.gem.15087075.wbz.000008,wahlbezirk,de.st.gem.15087075
de.st.wk.030.gem.15087075.wbz.000013,briefwahlbezirk,de.st.gem.15087075
de.st.wk.030.gem.15087130.wbz.000001,wahlbezirk,de.st.gem.15087130
de.st.wk.030.gem.15087130.wbz.000002,wahlbezirk,de.st.gem.15087130
de.st.wk.030.gem.15087130.wbz.000003,wahlbezirk,de.st.gem.15087130
de.st.wk.030.gem.15087130.wbz.000004,wahlbezirk,de.st.gem.15087130
de.st.wk.030.gem.15087130.wbz.000005,wahlbezirk,de.st.gem.15087130
de.st.wk.030.gem.15087130.wbz.000006,wahlbezirk,de.st.gem.15087130
de.st.wk.030.gem.15087130.wbz.000007,wahlbezirk,de.st.gem.15087130
de.st.wk.030.gem.15087130.wbz.000008,wahlbezirk,de.st.gem.15087130
de.st.wk.030.gem.15087130.wbz.000009,wahlbezirk,de.st.gem.15087130
de.st.wk.030.gem.15087130.wbz.000010,wahlbezirk,de.st.gem.15087130
de.st.wk.030.gem.15087130.wbz.000011,wahlbezirk,de.st.gem.15087130
de.st.wk.030.gem.15087130.wbz.000012,wahlbezirk,de.st.gem.15087130
de.st.wk.030.gem.15087130.wbz.000013,wahlbezirk,de.st.gem.15087130
de.st.wk.030.gem.15087130.wbz.000014,wahlbezirk,de.st.gem.15087130
de.st.wk.030.gem.15087130.wbz.000015,wahlbezirk,de.st.gem.15087130
de.st.wk.030.gem.15087130.wbz.000016,wahlbezirk,de.st.gem.15087130
de.st.wk.030.gem.15087130.wbz.000017,wahlbezirk,de.st.gem.15087130
de.st.wk.030.gem.15087130.wbz.000018,wahlbezirk,de.st.gem.15087130
de.st.wk.030.gem.15087130.wbz.000019,wahlbezirk,de.st.gem.15087130
de.st.wk.030.gem.15087130.wbz.000020,wahlbezirk,de.st.gem.15087130
de.st.wk.030.gem.15087130.wbz.000021,wahlbezirk,de.st.gem.15087130
de.st.wk.030.gem.15087130.wbz.000024,briefwahlbezirk,de.st.gem.15087130
de.st.wk.030.gem.15087130.wbz.000025,briefwahlbezirk,de.st.gem.15087130
de.st.wk.030.gem.15087130.wbz.000026,briefwahlbezirk,de.st.gem.15087130
de.st.wk.030.gem.15087130.wbz.000027,briefwahlbezirk,de.st.gem.15087130
de.st.wk.030.gem.15087165.wbz.000001,wahlbezirk,de.st.gem.15087165
de.st.wk.030.gem.15087165.wbz.000002,wahlbezirk,de.st.gem.15087165
de.st.wk.030.gem.15087165.wbz.000003,wahlbezirk,de.st.gem.15087165
de.st.wk.030.gem.15087165.wbz.000004,wahlbezirk,de.st.gem.15087165
de.st.wk.030.gem.15087165.wbz.000005,wahlbezirk,de.st.gem.15087165
de.st.wk.030.gem.15087165.wbz.000006,wahlbezirk,de.st.gem.15087165
de.st.wk.030.gem.15087165.wbz.000007,wahlbezirk,de.st.gem.15087165
de.st.wk.030.gem.15087165.wbz.000008,wahlbezirk,de.st.gem.15087165
de.st.wk.030.gem.15087165.wbz.000009,wahlbezirk,de.st.gem.15087165
de.st.wk.030.gem.15087165.wbz.000010,wahlbezirk,de.st.gem.15087165
de.st.wk.030.gem.15087165.wbz.000011,wahlbezirk,de.st.gem.15087165
de.st.wk.030.gem.15087165.wbz.000012,wahlbezirk,de.st.gem.15087165
de.st.wk.030.gem.15087165.wbz.000013,wahlbezirk,de.st.gem.15087165
de.st.wk.030.gem.15087165.wbz.000014,wahlbezirk,de.st.gem.15087165
de.st.wk.030.gem.15087165.wbz.000017,briefwahlbezirk,de.st.gem.15087165
de.st.wk.030.gem.15087165.wbz.000018,briefwahlbezirk,de.st.gem.15087165
de.st.wk.030.gem.15087205.wbz.000003,wahlbezirk,de.st.gem.15087205
de.st.wk.030.gem.15087205.wbz.000004,wahlbezirk,de.st.gem.15087205
de.st.wk.030.gem.15087205.wbz.000015,briefwahlbezirk,de.st.gem.15087205
de.st.wk.030.gem.15087210.wbz.000006,wahlbezirk,de.st.gem.15087210
de.st.wk.030.gem.15087210.wbz.000016,briefwahlbezirk,de.st.gem.15087210
de.st.wk.030.gem.15087220.wbz.000001,wahlbezirk,de.st.gem.15087220
de.st.wk.030.gem.15087220.wbz.000002,wahlbezirk,de.st.gem.15087220
de.st.wk.030.gem.15087220.wbz.000003,wahlbezirk,de.st.gem.15087220
de.st.wk.030.gem.15087220.wbz.000004,wahlbezirk,de.st.gem.15087220
de.st.wk.030.gem.15087220.wbz.000005,wahlbezirk,de.st.gem.15087220
de.st.wk.030.gem.15087220.wbz.000006,wahlbezirk,de.st.gem.15087220
de.st.wk.030.gem.15087220.wbz.000007,wahlbezirk,de.st.gem.15087220
de.st.wk.030.gem.15087220.wbz.000008,wahlbezirk,de.st.gem.15087220
de.st.wk.030.gem.15087220.wbz.000009,wahlbezirk,de.st.gem.15087220
de.st.wk.030.gem.15087220.wbz.000010,wahlbezirk,de.st.gem.15087220
de.st.wk.030.gem.15087220.wbz.000011,wahlbezirk,de.st.gem.15087220
de.st.wk.030.gem.15087220.wbz.000012,wahlbezirk,de.st.gem.15087220
de.st.wk.030.gem.15087220.wbz.000013,wahlbezirk,de.st.gem.15087220
de.st.wk.030.gem.15087220.wbz.000014,wahlbezirk,de.st.gem.15087220
de.st.wk.030.gem.15087220.wbz.000017,briefwahlbezirk,de.st.gem.15087220
de.st.wk.030.gem.15087220.wbz.000018,briefwahlbezirk,de.st.gem.15087220
de.st.wk.030.gem.15087260.wbz.000001,wahlbezirk,de.st.gem.15087260
de.st.wk.030.gem.15087260.wbz.000017,briefwahlbezirk,de.st.gem.15087260
de.st.wk.030.gem.15087470.wbz.000007,wahlbezirk,de.st.gem.15087470
de.st.wk.030.gem.15087470.wbz.000018,briefwahlbezirk,de.st.gem.15087470
de.st.wk.031.gem.15087055.wbz.000001,wahlbezirk,de.st.gem.15087055
de.st.wk.031.gem.15087055.wbz.000002,wahlbezirk,de.st.gem.15087055
de.st.wk.031.gem.15087055.wbz.000003,wahlbezirk,de.st.gem.15087055
de.st.wk.031.gem.15087055.wbz.000017,briefwahlbezirk,de.st.gem.15087055
de.st.wk.031.gem.15087101.wbz.000004,wahlbezirk,de.st.gem.15087101
de.st.wk.031.gem.15087101.wbz.000005,wahlbezirk,de.st.gem.15087101
de.st.wk.031.gem.15087101.wbz.000018,briefwahlbezirk,de.st.gem.15087101
de.st.wk.031.gem.15087125.wbz.000006,wahlbezirk,de.st.gem.15087125
de.st.wk.031.gem.15087125.wbz.000019,briefwahlbezirk,de.st.gem.15087125
de.st.wk.031.gem.15087250.wbz.000007,wahlbezirk,de.st.gem.15087250
de.st.wk.031.gem.15087250.wbz.000008,wahlbezirk,de.st.gem.15087250
de.st.wk.031.gem.15087250.wbz.000009,wahlbezirk,de.st.gem.15087250
de.st.wk.031.gem.15087250.wbz.000010,wahlbezirk,de.st.gem.15087250
de.st.wk.031.gem.15087250.wbz.000011,wahlbezirk,de.st.gem.15087250
de.st.wk.031.gem.15087250.wbz.000020,briefwahlbezirk,de.st.gem.15087250
de.st.wk.031.gem.15087275.wbz.000001,wahlbezirk,de.st.gem.15087275
de.st.wk.031.gem.15087275.wbz.000002,wahlbezirk,de.st.gem.15087275
de.st.wk.031.gem.15087275.wbz.000003,wahlbezirk,de.st.gem.15087275
de.st.wk.031.gem.15087275.wbz.000004,wahlbezirk,de.st.gem.15087275
de.st.wk.031.gem.15087275.wbz.000005,wahlbezirk,de.st.gem.15087275
de.st.wk.031.gem.15087275.wbz.000006,wahlbezirk,de.st.gem.15087275
de.st.wk.031.gem.15087275.wbz.000007,wahlbezirk,de.st.gem.15087275
de.st.wk.031.gem.15087275.wbz.000008,wahlbezirk,de.st.gem.15087275
de.st.wk.031.gem.15087275.wbz.000009,wahlbezirk,de.st.gem.15087275
de.st.wk.031.gem.15087275.wbz.000010,wahlbezirk,de.st.gem.15087275
de.st.wk.031.gem.15087275.wbz.000011,wahlbezirk,de.st.gem.15087275
de.st.wk.031.gem.15087275.wbz.000012,wahlbezirk,de.st.gem.15087275
de.st.wk.031.gem.15087275.wbz.000013,wahlbezirk,de.st.gem.15087275
de.st.wk.031.gem.15087275.wbz.000014,wahlbezirk,de.st.gem.15087275
de.st.wk.031.gem.15087275.wbz.000015,wahlbezirk,de.st.gem.15087275
de.st.wk.031.gem.15087275.wbz.000016,wahlbezirk,de.st.gem.15087275
de.st.wk.031.gem.15087275.wbz.000017,wahlbezirk,de.st.gem.15087275
de.st.wk.031.gem.15087275.wbz.000018,briefwahlbezirk,de.st.gem.15087275
de.st.wk.031.gem.15087275.wbz.000019,briefwahlbezirk,de.st.gem.15087275
de.st.wk.031.gem.15087370.wbz.000001,wahlbezirk,de.st.gem.15087370
de.st.wk.031.gem.15087370.wbz.000002,wahlbezirk,de.st.gem.15087370
de.st.wk.031.gem.15087370.wbz.000003,wahlbezirk,de.st.gem.15087370
de.st.wk.031.gem.15087370.wbz.000004,wahlbezirk,de.st.gem.15087370
de.st.wk.031.gem.15087370.wbz.000005,wahlbezirk,de.st.gem.15087370
de.st.wk.031.gem.15087370.wbz.000006,wahlbezirk,de.st.gem.15087370
de.st.wk.031.gem.15087370.wbz.000007,wahlbezirk,de.st.gem.15087370
de.st.wk.031.gem.15087370.wbz.000008,wahlbezirk,de.st.gem.15087370
de.st.wk.031.gem.15087370.wbz.000009,wahlbezirk,de.st.gem.15087370
de.st.wk.031.gem.15087370.wbz.000010,wahlbezirk,de.st.gem.15087370
de.st.wk.031.gem.15087370.wbz.000011,wahlbezirk,de.st.gem.15087370
de.st.wk.031.gem.15087370.wbz.000012,wahlbezirk,de.st.gem.15087370
de.st.wk.031.gem.15087370.wbz.000013,wahlbezirk,de.st.gem.15087370
de.st.wk.031.gem.15087370.wbz.000014,wahlbezirk,de.st.gem.15087370
de.st.wk.031.gem.15087370.wbz.000015,wahlbezirk,de.st.gem.15087370
de.st.wk.031.gem.15087370.wbz.000016,wahlbezirk,de.st.gem.15087370
de.st.wk.031.gem.15087370.wbz.000017,wahlbezirk,de.st.gem.15087370
de.st.wk.031.gem.15087370.wbz.000018,wahlbezirk,de.st.gem.15087370
de.st.wk.031.gem.15087370.wbz.000019,wahlbezirk,de.st.gem.15087370
de.st.wk.031.gem.15087370.wbz.000020,wahlbezirk,de.st.gem.15087370
de.st.wk.031.gem.15087370.wbz.000021,wahlbezirk,de.st.gem.15087370
de.st.wk.031.gem.15087370.wbz.000022,wahlbezirk,de.st.gem.15087370
de.st.wk.031.gem.15087370.wbz.000023,wahlbezirk,de.st.gem.15087370
de.st.wk.031.gem.15087370.wbz.000024,wahlbezirk,de.st.gem.15087370
de.st.wk.031.gem.15087370.wbz.000025,wahlbezirk,de.st.gem.15087370
de.st.wk.031.gem.15087370.wbz.000026,wahlbezirk,de.st.gem.15087370
de.st.wk.031.gem.15087370.wbz.000027,wahlbezirk,de.st.gem.15087370
de.st.wk.031.gem.15087370.wbz.000028,wahlbezirk,de.st.gem.15087370
de.st.wk.031.gem.15087370.wbz.000029,wahlbezirk,de.st.gem.15087370
de.st.wk.031.gem.15087370.wbz.000037,briefwahlbezirk,de.st.gem.15087370
de.st.wk.031.gem.15087370.wbz.000038,briefwahlbezirk,de.st.gem.15087370
de.st.wk.031.gem.15087370.wbz.000039,briefwahlbezirk,de.st.gem.15087370
de.st.wk.031.gem.15087370.wbz.000040,briefwahlbezirk,de.st.gem.15087370
de.st.wk.031.gem.15087370.wbz.000041,briefwahlbezirk,de.st.gem.15087370
de.st.wk.031.gem.15087370.wbz.000042,briefwahlbezirk,de.st.gem.15087370
de.st.wk.031.gem.15087412.wbz.000001,wahlbezirk,de.st.gem.15087412
de.st.wk.031.gem.15087412.wbz.000002,wahlbezirk,de.st.gem.15087412
de.st.wk.031.gem.15087412.wbz.000003,wahlbezirk,de.st.gem.15087412
de.st.wk.031.gem.15087412.wbz.000004,wahlbezirk,de.st.gem.15087412
de.st.wk.031.gem.15087412.wbz.000005,wahlbezirk,de.st.gem.15087412
de.st.wk.031.gem.15087412.wbz.000006,wahlbezirk,de.st.gem.15087412
de.st.wk.031.gem.15087412.wbz.000007,wahlbezirk,de.st.gem.15087412
de.st.wk.031.gem.15087412.wbz.000008,wahlbezirk,de.st.gem.15087412
de.st.wk.031.gem.15087412.wbz.000009,wahlbezirk,de.st.gem.15087412
de.st.wk.031.gem.15087412.wbz.000010,wahlbezirk,de.st.gem.15087412
de.st.wk.031.gem.15087412.wbz.000011,wahlbezirk,de.st.gem.15087412
de.st.wk.031.gem.15087412.wbz.000012,wahlbezirk,de.st.gem.15087412
de.st.wk.031.gem.15087412.wbz.000013,wahlbezirk,de.st.gem.15087412
de.st.wk.031.gem.15087412.wbz.000014,wahlbezirk,de.st.gem.15087412
de.st.wk.031.gem.15087412.wbz.000015,wahlbezirk,de.st.gem.15087412
de.st.wk.031.gem.15087412.wbz.000016,wahlbezirk,de.st.gem.15087412
de.st.wk.031.gem.15087412.wbz.000017,briefwahlbezirk,de.st.gem.15087412
de.st.wk.031.gem.15087412.wbz.000018,briefwahlbezirk,de.st.gem.15087412
de.st.wk.031.gem.15087440.wbz.000012,wahlbezirk,de.st.gem.15087440
de.st.wk.031.gem.15087440.wbz.000013,wahlbezirk,de.st.gem.15087440
de.st.wk.031.gem.15087440.wbz.000014,wahlbezirk,de.st.gem.15087440
de.st.wk.031.gem.15087440.wbz.000015,wahlbezirk,de.st.gem.15087440
de.st.wk.031.gem.15087440.wbz.000021,briefwahlbezirk,de.st.gem.15087440
de.st.wk.032.gem.15084012.wbz.000001,wahlbezirk,de.st.gem.15084012
de.st.wk.032.gem.15084012.wbz.000002,wahlbezirk,de.st.gem.15084012
de.st.wk.032.gem.15084012.wbz.000003,wahlbezirk,de.st.gem.15084012
de.st.wk.032.gem.15084012.wbz.000901,briefwahlbezirk,de.st.gem.15084012
de.st.wk.032.gem.15084015.wbz.000001,wahlbezirk,de.st.gem.15084015
de.st.wk.032.gem.15084015.wbz.000002,wahlbezirk,de.st.gem.15084015
de.st.wk.032.gem.15084015.wbz.000003,wahlbezirk,de.st.gem.15084015
de.st.wk.032.gem.15084015.wbz.000004,wahlbezirk,de.st.gem.15084015
de.st.wk.032.gem.15084015.wbz.000901,briefwahlbezirk,de.st.gem.15084015
de.st.wk.032.gem.15084125.wbz.000001,wahlbezirk,de.st.gem.15084125
de.st.wk.032.gem.15084125.wbz.000002,wahlbezirk,de.st.gem.15084125
de.st.wk.032.gem.15084125.wbz.000003,wahlbezirk,de.st.gem.15084125
de.st.wk.032.gem.15084125.wbz.000901,briefwahlbezirk,de.st.gem.15084125
de.st.wk.032.gem.15084132.wbz.000001,wahlbezirk,de.st.gem.15084132
de.st.wk.032.gem.15084132.wbz.000002,wahlbezirk,de.st.gem.15084132
de.st.wk.032.gem.15084132.wbz.000901,briefwahlbezirk,de.st.gem.15084132
de.st.wk.032.gem.15084133.wbz.000001,wahlbezirk,de.st.gem.15084133
de.st.wk.032.gem.15084133.wbz.000002,wahlbezirk,de.st.gem.15084133
de.st.wk.032.gem.15084133.wbz.000901,briefwahlbezirk,de.st.gem.15084133
de.st.wk.032.gem.15084246.wbz.000001,wahlbezirk,de.st.gem.15084246
de.st.wk.032.gem.15084246.wbz.000002,wahlbezirk,de.st.gem.15084246
de.st.wk.032.gem.15084246.wbz.000003,wahlbezirk,de.st.gem.15084246
de.st.wk.032.gem.15084246.wbz.000004,wahlbezirk,de.st.gem.15084246
de.st.wk.032.gem.15084246.wbz.000901,briefwahlbezirk,de.st.gem.15084246
de.st.wk.032.gem.15084282.wbz.000001,wahlbezirk,de.st.gem.15084282
de.st.wk.032.gem.15084282.wbz.000002,wahlbezirk,de.st.gem.15084282
de.st.wk.032.gem.15084282.wbz.000901,briefwahlbezirk,de.st.gem.15084282
de.st.wk.032.gem.15087015.wbz.000001,wahlbezirk,de.st.gem.15087015
de.st.wk.032.gem.15087015.wbz.000002,wahlbezirk,de.st.gem.15087015
de.st.wk.032.gem.15087015.wbz.000003,wahlbezirk,de.st.gem.15087015
de.st.wk.032.gem.15087015.wbz.000004,wahlbezirk,de.st.gem.15087015
de.st.wk.032.gem.15087015.wbz.000005,wahlbezirk,de.st.gem.15087015
de.st.wk.032.gem.15087015.wbz.000006,wahlbezirk,de.st.gem.15087015
de.st.wk.032.gem.15087015.wbz.000007,wahlbezirk,de.st.gem.15087015
de.st.wk.032.gem.15087015.wbz.000901,briefwahlbezirk,de.st.gem.15087015
de.st.wk.032.gem.15088025.wbz.000001,wahlbezirk,de.st.gem.15088025
de.st.wk.032.gem.15088025.wbz.000002,wahlbezirk,de.st.gem.15088025
de.st.wk.032.gem.15088025.wbz.000003,wahlbezirk,de.st.gem.15088025
de.st.wk.032.gem.15088025.wbz.000004,wahlbezirk,de.st.gem.15088025
de.st.wk.032.gem.15088025.wbz.000005,wahlbezirk,de.st.gem.15088025
de.st.wk.032.gem.15088025.wbz.000006,wahlbezirk,de.st.gem.15088025
de.st.wk.032.gem.15088025.wbz.000007,wahlbezirk,de.st.gem.15088025
de.st.wk.032.gem.15088025.wbz.000901,briefwahlbezirk,de.st.gem.15088025
de.st.wk.032.gem.15088025.wbz.000902,briefwahlbezirk,de.st.gem.15088025
de.st.wk.032.gem.15088030.wbz.000001,wahlbezirk,de.st.gem.15088030
de.st.wk.032.gem.15088030.wbz.000901,briefwahlbezirk,de.st.gem.15088030
de.st.wk.032.gem.15088100.wbz.000002,wahlbezirk,de.st.gem.15088100
de.st.wk.032.gem.15088100.wbz.000901,briefwahlbezirk,de.st.gem.15088100
de.st.wk.032.gem.15088235.wbz.000001,wahlbezirk,de.st.gem.15088235
de.st.wk.032.gem.15088235.wbz.000002,wahlbezirk,de.st.gem.15088235
de.st.wk.032.gem.15088235.wbz.000003,wahlbezirk,de.st.gem.15088235
de.st.wk.032.gem.15088235.wbz.000004,wahlbezirk,de.st.gem.15088235
de.st.wk.032.gem.15088235.wbz.000005,wahlbezirk,de.st.gem.15088235
de.st.wk.032.gem.15088235.wbz.000006,wahlbezirk,de.st.gem.15088235
de.st.wk.032.gem.15088235.wbz.000007,wahlbezirk,de.st.gem.15088235
de.st.wk.032.gem.15088235.wbz.000008,wahlbezirk,de.st.gem.15088235
de.st.wk.032.gem.15088235.wbz.000009,wahlbezirk,de.st.gem.15088235
de.st.wk.032.gem.15088235.wbz.000010,wahlbezirk,de.st.gem.15088235
de.st.wk.032.gem.15088235.wbz.000011,briefwahlbezirk,de.st.gem.15088235
de.st.wk.032.gem.15088250.wbz.000003,wahlbezirk,de.st.gem.15088250
de.st.wk.032.gem.15088250.wbz.000901,briefwahlbezirk,de.st.gem.15088250
de.st.wk.032.gem.15088265.wbz.000004,wahlbezirk,de.st.gem.15088265
de.st.wk.032.gem.15088265.wbz.000901,briefwahlbezirk,de.st.gem.15088265
de.st.wk.032.gem.15088305.wbz.000001,wahlbezirk,de.st.gem.15088305
de.st.wk.032.gem.15088305.wbz.000002,wahlbezirk,de.st.gem.15088305
de.st.wk.032.gem.15088305.wbz.000003,wahlbezirk,de.st.gem.15088305
de.st.wk.032.gem.15088305.wbz.000004,wahlbezirk,de.st.gem.15088305
de.st.wk.032.gem.15088305.wbz.000005,wahlbezirk,de.st.gem.15088305
de.st.wk.032.gem.15088305.wbz.000006,wahlbezirk,de.st.gem.15088305
de.st.wk.032.gem.15088305.wbz.000007,wahlbezirk,de.st.gem.15088305
de.st.wk.032.gem.15088305.wbz.000008,wahlbezirk,de.st.gem.15088305
de.st.wk.032.gem.15088305.wbz.000009,wahlbezirk,de.st.gem.15088305
de.st.wk.032.gem.15088305.wbz.000010,wahlbezirk,de.st.gem.15088305
de.st.wk.032.gem.15088305.wbz.000011,wahlbezirk,de.st.gem.15088305
de.st.wk.032.gem.15088305.wbz.000012,wahlbezirk,de.st.gem.15088305
de.st.wk.032.gem.15088305.wbz.000013,wahlbezirk,de.st.gem.15088305
de.st.wk.032.gem.15088305.wbz.000901,briefwahlbezirk,de.st.gem.15088305
de.st.wk.032.gem.15088305.wbz.000902,briefwahlbezirk,de.st.gem.15088305
de.st.wk.032.gem.15088305.wbz.000903,briefwahlbezirk,de.st.gem.15088305
de.st.wk.032.gem.15088305.wbz.000904,briefwahlbezirk,de.st.gem.15088305
de.st.wk.032.gem.15088340.wbz.000005,wahlbezirk,de.st.gem.15088340
de.st.wk.032.gem.15088340.wbz.000901,briefwahlbezirk,de.st.gem.15088340
de.st.wk.032.gem.15088355.wbz.000006,wahlbezirk,de.st.gem.15088355
de.st.wk.032.gem.15088355.wbz.000901,briefwahlbezirk,de.st.gem.15088355
de.st.wk.033.gem.15088065.wbz.000001,wahlbezirk,de.st.gem.15088065
de.st.wk.033.gem.15088065.wbz.000002,wahlbezirk,de.st.gem.15088065
de.st.wk.033.gem.15088065.wbz.000003,wahlbezirk,de.st.gem.15088065
de.st.wk.033.gem.15088065.wbz.000004,wahlbezirk,de.st.gem.15088065
de.st.wk.033.gem.15088065.wbz.000005,wahlbezirk,de.st.gem.15088065
de.st.wk.033.gem.15088065.wbz.000006,wahlbezirk,de.st.gem.15088065
de.st.wk.033.gem.15088065.wbz.000007,wahlbezirk,de.st.gem.15088065
de.st.wk.033.gem.15088065.wbz.000008,wahlbezirk,de.st.gem.15088065
de.st.wk.033.gem.15088065.wbz.000009,wahlbezirk,de.st.gem.15088065
de.st.wk.033.gem.15088065.wbz.000010,wahlbezirk,de.st.gem.15088065
de.st.wk.033.gem.15088065.wbz.000901,briefwahlbezirk,de.st.gem.15088065
de.st.wk.033.gem.15088205.wbz.000001,wahlbezirk,de.st.gem.15088205
de.st.wk.033.gem.15088205.wbz.000002,wahlbezirk,de.st.gem.15088205
de.st.wk.033.gem.15088205.wbz.000003,wahlbezirk,de.st.gem.15088205
de.st.wk.033.gem.15088205.wbz.000901,briefwahlbezirk,de.st.gem.15088205
de.st.wk.033.gem.15088220.wbz.000001,wahlbezirk,de.st.gem.15088220
de.st.wk.033.gem.15088220.wbz.000002,wahlbezirk,de.st.gem.15088220
de.st.wk.033.gem.15088220.wbz.000003,wahlbezirk,de.st.gem.15088220
de.st.wk.033.gem.15088220.wbz.000004,wahlbezirk,de.st.gem.15088220
de.st.wk.033.gem.15088220.wbz.000005,wahlbezirk,de.st.gem.15088220
de.st.wk.033.gem.15088220.wbz.000006,wahlbezirk,de.st.gem.15088220
de.st.wk.033.gem.15088220.wbz.000007,wahlbezirk,de.st.gem.15088220
de.st.wk.033.gem.15088220.wbz.000008,wahlbezirk,de.st.gem.15088220
de.st.wk.033.gem.15088220.wbz.000009,wahlbezirk,de.st.gem.15088220
de.st.wk.033.gem.15088220.wbz.000010,wahlbezirk,de.st.gem.15088220
de.st.wk.033.gem.15088220.wbz.000011,wahlbezirk,de.st.gem.15088220
de.st.wk.033.gem.15088220.wbz.000012,wahlbezirk,de.st.gem.15088220
de.st.wk.033.gem.15088220.wbz.000013,wahlbezirk,de.st.gem.15088220
de.st.wk.033.gem.15088220.wbz.000014,wahlbezirk,de.st.gem.15088220
de.st.wk.033.gem.15088220.wbz.000015,wahlbezirk,de.st.gem.15088220
de.st.wk.033.gem.15088220.wbz.000016,wahlbezirk,de.st.gem.15088220
de.st.wk.033.gem.15088220.wbz.000017,wahlbezirk,de.st.gem.15088220
de.st.wk.033.gem.15088220.wbz.000018,wahlbezirk,de.st.gem.15088220
de.st.wk.033.gem.15088220.wbz.000019,wahlbezirk,de.st.gem.15088220
de.st.wk.033.gem.15088220.wbz.000020,wahlbezirk,de.st.gem.15088220
de.st.wk.033.gem.15088220.wbz.000021,wahlbezirk,de.st.gem.15088220
de.st.wk.033.gem.15088220.wbz.000901,briefwahlbezirk,de.st.gem.15088220
de.st.wk.033.gem.15088220.wbz.000902,briefwahlbezirk,de.st.gem.15088220
de.st.wk.033.gem.15088220.wbz.000903,briefwahlbezirk,de.st.gem.15088220
de.st.wk.033.gem.15088220.wbz.000904,briefwahlbezirk,de.st.gem.15088220
de.st.wk.033.gem.15088220.wbz.000905,briefwahlbezirk,de.st.gem.15088220
de.st.wk.034.gem.15088020.wbz.000001,wahlbezirk,de.st.gem.15088020
de.st.wk.034.gem.15088020.wbz.000002,wahlbezirk,de.st.gem.15088020
de.st.wk.034.gem.15088020.wbz.000003,wahlbezirk,de.st.gem.15088020
de.st.wk.034.gem.15088020.wbz.000004,wahlbezirk,de.st.gem.15088020
de.st.wk.034.gem.15088020.wbz.000005,wahlbezirk,de.st.gem.15088020
de.st.wk.034.gem.15088020.wbz.000006,wahlbezirk,de.st.gem.15088020
de.st.wk.034.gem.15088020.wbz.000007,wahlbezirk,de.st.gem.15088020
de.st.wk.034.gem.15088020.wbz.000008,wahlbezirk,de.st.gem.15088020
de.st.wk.034.gem.15088020.wbz.000009,wahlbezirk,de.st.gem.15088020
de.st.wk.034.gem.15088020.wbz.000010,briefwahlbezirk,de.st.gem.15088020
de.st.wk.034.gem.15088150.wbz.000101,wahlbezirk,de.st.gem.15088150
de.st.wk.034.gem.15088150.wbz.000102,wahlbezirk,de.st.gem.15088150
de.st.wk.034.gem.15088150.wbz.000201,wahlbezirk,de.st.gem.15088150
de.st.wk.034.gem.15088150.wbz.000301,wahlbezirk,de.st.gem.15088150
de.st.wk.034.gem.15088150.wbz.000401,wahlbezirk,de.st.gem.15088150
de.st.wk.034.gem.15088150.wbz.000901,briefwahlbezirk,de.st.gem.15088150
de.st.wk.034.gem.15088195.wbz.000101,wahlbezirk,de.st.gem.15088195
de.st.wk.034.gem.15088195.wbz.000201,wahlbezirk,de.st.gem.15088195
de.st.wk.034.gem.15088195.wbz.000301,wahlbezirk,de.st.gem.15088195
de.st.wk.034.gem.15088195.wbz.000302,wahlbezirk,de.st.gem.15088195
de.st.wk.034.gem.15088195.wbz.000303,wahlbezirk,de.st.gem.15088195
de.st.wk.034.gem.15088195.wbz.000401,wahlbezirk,de.st.gem.15088195
de.st.wk.034.gem.15088195.wbz.000501,wahlbezirk,de.st.gem.15088195
de.st.wk.034.gem.15088195.wbz.000601,wahlbezirk,de.st.gem.15088195
de.st.wk.034.gem.15088195.wbz.000602,wahlbezirk,de.st.gem.15088195
de.st.wk.034.gem.15088195.wbz.000701,wahlbezirk,de.st.gem.15088195
de.st.wk.034.gem.15088195.wbz.000801,wahlbezirk,de.st.gem.15088195
de.st.wk.034.gem.15088195.wbz.000802,wahlbezirk,de.st.gem.15088195
de.st.wk.034.gem.15088195.wbz.000901,wahlbezirk,de.st.gem.15088195
de.st.wk.034.gem.15088195.wbz.001002,wahlbezirk,de.st.gem.15088195
de.st.wk.034.gem.15088195.wbz.001101,wahlbezirk,de.st.gem.15088195
de.st.wk.034.gem.15088195.wbz.091201,briefwahlbezirk,de.st.gem.15088195
de.st.wk.034.gem.15088195.wbz.091202,briefwahlbezirk,de.st.gem.15088195
de.st.wk.034.gem.15088195.wbz.091203,briefwahlbezirk,de.st.gem.15088195
de.st.wk.034.gem.15088205.wbz.000004,wahlbezirk,de.st.gem.15088205
de.st.wk.034.gem.15088205.wbz.000005,wahlbezirk,de.st.gem.15088205
de.st.wk.034.gem.15088205.wbz.000006,wahlbezirk,de.st.gem.15088205
de.st.wk.034.gem.15088205.wbz.000007,wahlbezirk,de.st.gem.15088205
de.st.wk.034.gem.15088205.wbz.000008,wahlbezirk,de.st.gem.15088205
de.st.wk.034.gem.15088205.wbz.000009,wahlbezirk,de.st.gem.15088205
de.st.wk.034.gem.15088205.wbz.000010,wahlbezirk,de.st.gem.15088205
de.st.wk.034.gem.15088205.wbz.000011,wahlbezirk,de.st.gem.15088205
de.st.wk.034.gem.15088205.wbz.000902,briefwahlbezirk,de.st.gem.15088205
de.st.wk.034.gem.15088295.wbz.000002,wahlbezirk,de.st.gem.15088295
de.st.wk.034.gem.15088295.wbz.000901,briefwahlbezirk,de.st.gem.15088295
de.st.wk.034.gem.15088330.wbz.000001,wahlbezirk,de.st.gem.15088330
de.st.wk.034.gem.15088330.wbz.000002,wahlbezirk,de.st.gem.15088330
de.st.wk.034.gem.15088330.wbz.000003,wahlbezirk,de.st.gem.15088330
de.st.wk.034.gem.15088330.wbz.000004,wahlbezirk,de.st.gem.15088330
de.st.wk.034.gem.15088330.wbz.000005,wahlbezirk,de.st.gem.15088330
de.st.wk.034.gem.15088330.wbz.000006,wahlbezirk,de.st.gem.15088330
de.st.wk.034.gem.15088330.wbz.000007,wahlbezirk,de.st.gem.15088330
de.st.wk.034.gem.15088330.wbz.000008,wahlbezirk,de.st.gem.15088330
de.st.wk.034.gem.15088330.wbz.000009,wahlbezirk,de.st.gem.15088330
de.st.wk.034.gem.15088330.wbz.000010,wahlbezirk,de.st.gem.15088330
de.st.wk.034.gem.15088330.wbz.000011,wahlbezirk,de.st.gem.15088330
de.st.wk.034.gem.15088330.wbz.000012,wahlbezirk,de.st.gem.15088330
de.st.wk.034.gem.15088330.wbz.000901,briefwahlbezirk,de.st.gem.15088330
de.st.wk.035.gem.15002000.wbz.057101,wahlbezirk,de.st.gem.15002000
de.st.wk.035.gem.15002000.wbz.057102,wahlbezirk,de.st.gem.15002000
de.st.wk.035.gem.15002000.wbz.057103,wahlbezirk,de.st.gem.15002000
de.st.wk.035.gem.15002000.wbz.057104,wahlbezirk,de.st.gem.15002000
de.st.wk.035.gem.15002000.wbz.057105,wahlbezirk,de.st.gem.15002000
de.st.wk.035.gem.15002000.wbz.057106,wahlbezirk,de.st.gem.15002000
de.st.wk.035.gem.15002000.wbz.057107,wahlbezirk,de.st.gem.15002000
de.st.wk.035.gem.15002000.wbz.057201,wahlbezirk,de.st.gem.15002000
de.st.wk.035.gem.15002000.wbz.057202,wahlbezirk,de.st.gem.15002000
de.st.wk.035.gem.15002000.wbz.057203,wahlbezirk,de.st.gem.15002000
de.st.wk.035.gem.15002000.wbz.057204,wahlbezirk,de.st.gem.15002000
de.st.wk.035.gem.15002000.wbz.057205,wahlbezirk,de.st.gem.15002000
de.st.wk.035.gem.15002000.wbz.057206,wahlbezirk,de.st.gem.15002000
de.st.wk.035.gem.15002000.wbz.057207,wahlbezirk,de.st.gem.15002000
de.st.wk.035.gem.15002000.wbz.057301,wahlbezirk,de.st.gem.15002000
de.st.wk.035.gem.15002000.wbz.057302,wahlbezirk,de.st.gem.15002000
de.st.wk.035.gem.15002000.wbz.057303,wahlbezirk,de.st.gem.15002000
de.st.wk.035.gem.15002000.wbz.057304,wahlbezirk,de.st.gem.15002000
de.st.wk.035.gem.15002000.wbz.057305,wahlbezirk,de.st.gem.15002000
de.st.wk.035.gem.15002000.wbz.057306,wahlbezirk,de.st.gem.15002000
de.st.wk.035.gem.15002000.wbz.057307,wahlbezirk,de.st.gem.15002000
de.st.wk.035.gem.15002000.wbz.058101,wahlbezirk,de.st.gem.15002000
de.st.wk.035.gem.15002000.wbz.058201,wahlbezirk,de.st.gem.15002000
de.st.wk.035.gem.15002000.wbz.058202,wahlbezirk,de.st.gem.15002000
de.st.wk.035.gem.15002000.wbz.058203,wahlbezirk,de.st.gem.15002000
de.st.wk.035.gem.15002000.wbz.059301,wahlbezirk,de.st.gem.15002000
de.st.wk.035.gem.15002000.wbz.059302,wahlbezirk,de.st.gem.15002000
de.st.wk.035.gem.15002000.wbz.059501,wahlbezirk,de.st.gem.15002000
de.st.wk.035.gem.15002000.wbz.059502,wahlbezirk,de.st.gem.15002000
de.st.wk.035.gem.15002000.wbz.090024,briefwahlbezirk,de.st.gem.15002000
de.st.wk.035.gem.15002000.wbz.090025,briefwahlbezirk,de.st.gem.15002000
de.st.wk.035.gem.15002000.wbz.090026,briefwahlbezirk,de.st.gem.15002000
de.st.wk.035.gem.15002000.wbz.090027,briefwahlbezirk,de.st.gem.15002000
de.st.wk.035.gem.15002000.wbz.090030,briefwahlbezirk,de.st.gem.15002000
de.st.wk.035.gem.15002000.wbz.090033,briefwahlbezirk,de.st.gem.15002000
de.st.wk.036.gem.15002000.wbz.010201,wahlbezirk,de.st.gem.15002000
de.st.wk.036.gem.15002000.wbz.010202,wahlbezirk,de.st.gem.15002000
de.st.wk.036.gem.15002000.wbz.010203,wahlbezirk,de.st.gem.15002000
de.st.wk.036.gem.15002000.wbz.010204,wahlbezirk,de.st.gem.15002000
de.st.wk.036.gem.15002000.wbz.010205,wahlbezirk,de.st.gem.15002000
de.st.wk.036.gem.15002000.wbz.010206,wahlbezirk,de.st.gem.15002000
de.st.wk.036.gem.15002000.wbz.010207,wahlbezirk,de.st.gem.15002000
de.st.wk.036.gem.15002000.wbz.010208,wahlbezirk,de.st.gem.15002000
de.st.wk.036.gem.15002000.wbz.010209,wahlbezirk,de.st.gem.15002000
de.st.wk.036.gem.15002000.wbz.010210,wahlbezirk,de.st.gem.15002000
de.st.wk.036.gem.15002000.wbz.022101,wahlbezirk,de.st.gem.15002000
de.st.wk.036.gem.15002000.wbz.022102,wahlbezirk,de.st.gem.15002000
de.st.wk.036.gem.15002000.wbz.022103,wahlbezirk,de.st.gem.15002000
de.st.wk.036.gem.15002000.wbz.022201,wahlbezirk,de.st.gem.15002000
de.st.wk.036.gem.15002000.wbz.041101,wahlbezirk,de.st.gem.15002000
de.st.wk.036.gem.15002000.wbz.041102,wahlbezirk,de.st.gem.15002000
de.st.wk.036.gem.15002000.wbz.041103,wahlbezirk,de.st.gem.15002000
de.st.wk.036.gem.15002000.wbz.041104,wahlbezirk,de.st.gem.15002000
de.st.wk.036.gem.15002000.wbz.041201,wahlbezirk,de.st.gem.15002000
de.st.wk.036.gem.15002000.wbz.041202,wahlbezirk,de.st.gem.15002000
de.st.wk.036.gem.15002000.wbz.041203,wahlbezirk,de.st.gem.15002000
de.st.wk.036.gem.15002000.wbz.041204,wahlbezirk,de.st.gem.15002000
de.st.wk.036.gem.15002000.wbz.041205,wahlbezirk,de.st.gem.15002000
de.st.wk.036.gem.15002000.wbz.059001,wahlbezirk,de.st.gem.15002000
de.st.wk.036.gem.15002000.wbz.059101,wahlbezirk,de.st.gem.15002000
de.st.wk.036.gem.15002000.wbz.059102,wahlbezirk,de.st.gem.15002000
de.st.wk.036.gem.15002000.wbz.059103,wahlbezirk,de.st.gem.15002000
de.st.wk.036.gem.15002000.wbz.059201,wahlbezirk,de.st.gem.15002000
de.st.wk.036.gem.15002000.wbz.059202,wahlbezirk,de.st.gem.15002000
de.st.wk.036.gem.15002000.wbz.059203,wahlbezirk,de.st.gem.15002000
de.st.wk.036.gem.15002000.wbz.090002,briefwahlbezirk,de.st.gem.15002000
de.st.wk.036.gem.15002000.wbz.090003,briefwahlbezirk,de.st.gem.15002000
de.st.wk.036.gem.15002000.wbz.090004,briefwahlbezirk,de.st.gem.15002000
de.st.wk.036.gem.15002000.wbz.090011,briefwahlbezirk,de.st.gem.15002000
de.st.wk.036.gem.15002000.wbz.090016,briefwahlbezirk,de.st.gem.15002000
de.st.wk.036.gem.15002000.wbz.090017,briefwahlbezirk,de.st.gem.15002000
de.st.wk.036.gem.15002000.wbz.090018,briefwahlbezirk,de.st.gem.15002000
de.st.wk.036.gem.15002000.wbz.090028,briefwahlbezirk,de.st.gem.15002000
de.st.wk.036.gem.15002000.wbz.090029,briefwahlbezirk,de.st.gem.15002000
de.st.wk.037.gem.15002000.wbz.010101,wahlbezirk,de.st.gem.15002000
de.st.wk.037.gem.15002000.wbz.010102,wahlbezirk,de.st.gem.15002000
de.st.wk.037.gem.15002000.wbz.010103,wahlbezirk,de.st.gem.15002000
de.st.wk.037.gem.15002000.wbz.010301,wahlbezirk,de.st.gem.15002000
de.st.wk.037.gem.15002000.wbz.010302,wahlbezirk,de.st.gem.15002000
de.st.wk.037.gem.15002000.wbz.010303,wahlbezirk,de.st.gem.15002000
de.st.wk.037.gem.15002000.wbz.010304,wahlbezirk,de.st.gem.15002000
de.st.wk.037.gem.15002000.wbz.010305,wahlbezirk,de.st.gem.15002000
de.st.wk.037.gem.15002000.wbz.010306,wahlbezirk,de.st.gem.15002000
de.st.wk.037.gem.15002000.wbz.010307,wahlbezirk,de.st.gem.15002000
de.st.wk.037.gem.15002000.wbz.010308,wahlbezirk,de.st.gem.15002000
de.st.wk.037.gem.15002000.wbz.010309,wahlbezirk,de.st.gem.15002000
de.st.wk.037.gem.15002000.wbz.020401,wahlbezirk,de.st.gem.15002000
de.st.wk.037.gem.15002000.wbz.020402,wahlbezirk,de.st.gem.15002000
de.st.wk.037.gem.15002000.wbz.020403,wahlbezirk,de.st.gem.15002000
de.st.wk.037.gem.15002000.wbz.020404,wahlbezirk,de.st.gem.15002000
de.st.wk.037.gem.15002000.wbz.020405,wahlbezirk,de.st.gem.15002000
de.st.wk.037.gem.15002000.wbz.020406,wahlbezirk,de.st.gem.15002000
de.st.wk.037.gem.15002000.wbz.020407,wahlbezirk,de.st.gem.15002000
de.st.wk.037.gem.15002000.wbz.020501,wahlbezirk,de.st.gem.15002000
de.st.wk.037.gem.15002000.wbz.020601,wahlbezirk,de.st.gem.15002000
de.st.wk.037.gem.15002000.wbz.020602,wahlbezirk,de.st.gem.15002000
de.st.wk.037.gem.15002000.wbz.020701,wahlbezirk,de.st.gem.15002000
de.st.wk.037.gem.15002000.wbz.020702,wahlbezirk,de.st.gem.15002000
de.st.wk.037.gem.15002000.wbz.022301,wahlbezirk,de.st.gem.15002000
de.st.wk.037.gem.15002000.wbz.023001,wahlbezirk,de.st.gem.15002000
de.st.wk.037.gem.15002000.wbz.023002,wahlbezirk,de.st.gem.15002000
de.st.wk.037.gem.15002000.wbz.023003,wahlbezirk,de.st.gem.15002000
de.st.wk.037.gem.15002000.wbz.023004,wahlbezirk,de.st.gem.15002000
de.st.wk.037.gem.15002000.wbz.023005,wahlbezirk,de.st.gem.15002000
de.st.wk.037.gem.15002000.wbz.023101,wahlbezirk,de.st.gem.15002000
de.st.wk.037.gem.15002000.wbz.023201,wahlbezirk,de.st.gem.15002000
de.st.wk.037.gem.15002000.wbz.023301,wahlbezirk,de.st.gem.15002000
de.st.wk.037.gem.15002000.wbz.030901,wahlbezirk,de.st.gem.15002000
de.st.wk.037.gem.15002000.wbz.030902,wahlbezirk,de.st.gem.15002000
de.st.wk.037.gem.15002000.wbz.034001,wahlbezirk,de.st.gem.15002000
de.st.wk.037.gem.15002000.wbz.090001,briefwahlbezirk,de.st.gem.15002000
de.st.wk.037.gem.15002000.wbz.090005,briefwahlbezirk,de.st.gem.15002000
de.st.wk.037.gem.15002000.wbz.090006,briefwahlbezirk,de.st.gem.15002000
de.st.wk.037.gem.15002000.wbz.090007,briefwahlbezirk,de.st.gem.15002000
de.st.wk.037.gem.15002000.wbz.090008,briefwahlbezirk,de.st.gem.15002000
de.st.wk.037.gem.15002000.wbz.090009,briefwahlbezirk,de.st.gem.15002000
de.st.wk.037.gem.15002000.wbz.090010,briefwahlbezirk,de.st.gem.15002000
de.st.wk.037.gem.15002000.wbz.090012,briefwahlbezirk,de.st.gem.15002000
de.st.wk.037.gem.15002000.wbz.090013,briefwahlbezirk,de.st.gem.15002000
de.st.wk.037.gem.15002000.wbz.090014,briefwahlbezirk,de.st.gem.15002000
de.st.wk.037.gem.15002000.wbz.090031,briefwahlbezirk,de.st.gem.15002000
de.st.wk.037.gem.15002000.wbz.090034,briefwahlbezirk,de.st.gem.15002000
de.st.wk.037.gem.15002000.wbz.090035,briefwahlbezirk,de.st.gem.15002000
de.st.wk.037.gem.15002000.wbz.090036,briefwahlbezirk,de.st.gem.15002000
de.st.wk.038.gem.15002000.wbz.031001,wahlbezirk,de.st.gem.15002000
de.st.wk.038.gem.15002000.wbz.034101,wahlbezirk,de.st.gem.15002000
de.st.wk.038.gem.15002000.wbz.034201,wahlbezirk,de.st.gem.15002000
de.st.wk.038.gem.15002000.wbz.034202,wahlbezirk,de.st.gem.15002000
de.st.wk.038.gem.15002000.wbz.034301,wahlbezirk,de.st.gem.15002000
de.st.wk.038.gem.15002000.wbz.034302,wahlbezirk,de.st.gem.15002000
de.st.wk.038.gem.15002000.wbz.034401,wahlbezirk,de.st.gem.15002000
de.st.wk.038.gem.15002000.wbz.041301,wahlbezirk,de.st.gem.15002000
de.st.wk.038.gem.15002000.wbz.041302,wahlbezirk,de.st.gem.15002000
de.st.wk.038.gem.15002000.wbz.041303,wahlbezirk,de.st.gem.15002000
de.st.wk.038.gem.15002000.wbz.041304,wahlbezirk,de.st.gem.15002000
de.st.wk.038.gem.15002000.wbz.041305,wahlbezirk,de.st.gem.15002000
de.st.wk.038.gem.15002000.wbz.041306,wahlbezirk,de.st.gem.15002000
de.st.wk.038.gem.15002000.wbz.041307,wahlbezirk,de.st.gem.15002000
de.st.wk.038.gem.15002000.wbz.041401,wahlbezirk,de.st.gem.15002000
de.st.wk.038.gem.15002000.wbz.041402,wahlbezirk,de.st.gem.15002000
de.st.wk.038.gem.15002000.wbz.041403,wahlbezirk,de.st.gem.15002000
de.st.wk.038.gem.15002000.wbz.041404,wahlbezirk,de.st.gem.15002000
de.st.wk.038.gem.15002000.wbz.045101,wahlbezirk,de.st.gem.15002000
de.st.wk.038.gem.15002000.wbz.045102,wahlbezirk,de.st.gem.15002000
de.st.wk.038.gem.15002000.wbz.045103,wahlbezirk,de.st.gem.15002000
de.st.wk.038.gem.15002000.wbz.045104,wahlbezirk,de.st.gem.15002000
de.st.wk.038.gem.15002000.wbz.045201,wahlbezirk,de.st.gem.15002000
de.st.wk.038.gem.15002000.wbz.046001,wahlbezirk,de.st.gem.15002000
de.st.wk.038.gem.15002000.wbz.046002,wahlbezirk,de.st.gem.15002000
de.st.wk.038.gem.15002000.wbz.046101,wahlbezirk,de.st.gem.15002000
de.st.wk.038.gem.15002000.wbz.046102,wahlbezirk,de.st.gem.15002000
de.st.wk.038.gem.15002000.wbz.046103,wahlbezirk,de.st.gem.15002000
de.st.wk.038.gem.15002000.wbz.046104,wahlbezirk,de.st.gem.15002000
de.st.wk.038.gem.15002000.wbz.046105,wahlbezirk,de.st.gem.15002000
de.st.wk.038.gem.15002000.wbz.046106,wahlbezirk,de.st.gem.15002000
de.st.wk.038.gem.15002000.wbz.090015,briefwahlbezirk,de.st.gem.15002000
de.st.wk.038.gem.15002000.wbz.090019,briefwahlbezirk,de.st.gem.15002000
de.st.wk.038.gem.15002000.wbz.090020,briefwahlbezirk,de.st.gem.15002000
de.st.wk.038.gem.15002000.wbz.090021,briefwahlbezirk,de.st.gem.15002000
de.st.wk.038.gem.15002000.wbz.090022,briefwahlbezirk,de.st.gem.15002000
de.st.wk.038.gem.15002000.wbz.090023,briefwahlbezirk,de.st.gem.15002000
de.st.wk.038.gem.15002000.wbz.090032,briefwahlbezirk,de.st.gem.15002000
de.st.wk.039.gem.15084315.wbz.000001,wahlbezirk,de.st.gem.15084315
de.st.wk.039.gem.15084315.wbz.000002,wahlbezirk,de.st.gem.15084315
de.st.wk.039.gem.15084315.wbz.000003,wahlbezirk,de.st.gem.15084315
de.st.wk.039.gem.15084315.wbz.000004,wahlbezirk,de.st.gem.15084315
de.st.wk.039.gem.15084315.wbz.000005,wahlbezirk,de.st.gem.15084315
de.st.wk.039.gem.15084315.wbz.000006,wahlbezirk,de.st.gem.15084315
de.st.wk.039.gem.15084315.wbz.000007,wahlbezirk,de.st.gem.15084315
de.st.wk.039.gem.15084315.wbz.000008,wahlbezirk,de.st.gem.15084315
de.st.wk.039.gem.15084315.wbz.000009,wahlbezirk,de.st.gem.15084315
de.st.wk.039.gem.15084315.wbz.000010,wahlbezirk,de.st.gem.15084315
de.st.wk.039.gem.15084315.wbz.000011,wahlbezirk,de.st.gem.15084315
de.st.wk.039.gem.15084315.wbz.000012,wahlbezirk,de.st.gem.15084315
de.st.wk.039.gem.15084315.wbz.000013,wahlbezirk,de.st.gem.15084315
de.st.wk.039.gem.15084315.wbz.000014,wahlbezirk,de.st.gem.15084315
de.st.wk.039.gem.15084315.wbz.000099,briefwahlbezirk,de.st.gem.15084315
de.st.wk.039.gem.15084490.wbz.000001,wahlbezirk,de.st.gem.15084490
de.st.wk.039.gem.15084490.wbz.000002,wahlbezirk,de.st.gem.15084490
de.st.wk.039.gem.15084490.wbz.000003,wahlbezirk,de.st.gem.15084490
de.st.wk.039.gem.15084490.wbz.000004,wahlbezirk,de.st.gem.15084490
de.st.wk.039.gem.15084490.wbz.000005,wahlbezirk,de.st.gem.15084490
de.st.wk.039.gem.15084490.wbz.000006,wahlbezirk,de.st.gem.15084490
de.st.wk.039.gem.15084490.wbz.000007,wahlbezirk,de.st.gem.15084490
de.st.wk.039.gem.15084490.wbz.000008,wahlbezirk,de.st.gem.15084490
de.st.wk.039.gem.15084490.wbz.000009,wahlbezirk,de.st.gem.15084490
de.st.wk.039.gem.15084490.wbz.000010,wahlbezirk,de.st.gem.15084490
de.st.wk.039.gem.15084490.wbz.000011,wahlbezirk,de.st.gem.15084490
de.st.wk.039.gem.15084490.wbz.000099,briefwahlbezirk,de.st.gem.15084490
de.st.wk.039.gem.15084550.wbz.000001,wahlbezirk,de.st.gem.15084550
de.st.wk.039.gem.15084550.wbz.000002,wahlbezirk,de.st.gem.15084550
de.st.wk.039.gem.15084550.wbz.000003,wahlbezirk,de.st.gem.15084550
de.st.wk.039.gem.15084550.wbz.000004,wahlbezirk,de.st.gem.15084550
de.st.wk.039.gem.15084550.wbz.000005,wahlbezirk,de.st.gem.15084550
de.st.wk.039.gem.15084550.wbz.000006,wahlbezirk,de.st.gem.15084550
de.st.wk.039.gem.15084550.wbz.000007,wahlbezirk,de.st.gem.15084550
de.st.wk.039.gem.15084550.wbz.000008,wahlbezirk,de.st.gem.15084550
de.st.wk.039.gem.15084550.wbz.000009,wahlbezirk,de.st.gem.15084550
de.st.wk.039.gem.15084550.wbz.000010,wahlbezirk,de.st.gem.15084550
de.st.wk.039.gem.15084550.wbz.000011,wahlbezirk,de.st.gem.15084550
de.st.wk.039.gem.15084550.wbz.000012,wahlbezirk,de.st.gem.15084550
de.st.wk.039.gem.15084550.wbz.000013,wahlbezirk,de.st.gem.15084550
de.st.wk.039.gem.15084550.wbz.000014,wahlbezirk,de.st.gem.15084550
de.st.wk.039.gem.15084550.wbz.000015,wahlbezirk,de.st.gem.15084550
de.st.wk.039.gem.15084550.wbz.000016,wahlbezirk,de.st.gem.15084550
de.st.wk.039.gem.15084550.wbz.000017,wahlbezirk,de.st.gem.15084550
de.st.wk.039.gem.15084550.wbz.000018,wahlbezirk,de.st.gem.15084550
de.st.wk.039.gem.15084550.wbz.000019,wahlbezirk,de.st.gem.15084550
de.st.wk.039.gem.15084550.wbz.000020,wahlbezirk,de.st.gem.15084550
de.st.wk.039.gem.15084550.wbz.000021,wahlbezirk,de.st.gem.15084550
de.st.wk.039.gem.15084550.wbz.000022,wahlbezirk,de.st.gem.15084550
de.st.wk.039.gem.15084550.wbz.000023,wahlbezirk,de.st.gem.15084550
de.st.wk.039.gem.15084550.wbz.000024,wahlbezirk,de.st.gem.15084550
de.st.wk.039.gem.15084550.wbz.000025,wahlbezirk,de.st.gem.15084550
de.st.wk.039.gem.15084550.wbz.000026,wahlbezirk,de.st.gem.15084550
de.st.wk.039.gem.15084550.wbz.000027,wahlbezirk,de.st.gem.15084550
de.st.wk.039.gem.15084550.wbz.000028,wahlbezirk,de.st.gem.15084550
de.st.wk.039.gem.15084550.wbz.000029,wahlbezirk,de.st.gem.15084550
de.st.wk.039.gem.15084550.wbz.000030,wahlbezirk,de.st.gem.15084550
de.st.wk.039.gem.15084550.wbz.000031,wahlbezirk,de.st.gem.15084550
de.st.wk.039.gem.15084550.wbz.000032,wahlbezirk,de.st.gem.15084550
de.st.wk.039.gem.15084550.wbz.000033,wahlbezirk,de.st.gem.15084550
de.st.wk.039.gem.15084550.wbz.000034,wahlbezirk,de.st.gem.15084550
de.st.wk.039.gem.15084550.wbz.000097,briefwahlbezirk,de.st.gem.15084550
de.st.wk.039.gem.15084550.wbz.000098,briefwahlbezirk,de.st.gem.15084550
de.st.wk.039.gem.15084550.wbz.000099,briefwahlbezirk,de.st.gem.15084550
de.st.wk.040.gem.15084013.wbz.000001,wahlbezirk,de.st.gem.15084013
de.st.wk.040.gem.15084013.wbz.000099,briefwahlbezirk,de.st.gem.15084013
de.st.wk.040.gem.15084025.wbz.000001,wahlbezirk,de.st.gem.15084025
de.st.wk.040.gem.15084025.wbz.000002,wahlbezirk,de.st.gem.15084025
de.st.wk.040.gem.15084025.wbz.000003,wahlbezirk,de.st.gem.15084025
de.st.wk.040.gem.15084025.wbz.000004,wahlbezirk,de.st.gem.15084025
de.st.wk.040.gem.15084025.wbz.000099,briefwahlbezirk,de.st.gem.15084025
de.st.wk.040.gem.15084135.wbz.000001,wahlbezirk,de.st.gem.15084135
de.st.wk.040.gem.15084135.wbz.000002,wahlbezirk,de.st.gem.15084135
de.st.wk.040.gem.15084135.wbz.000003,wahlbezirk,de.st.gem.15084135
de.st.wk.040.gem.15084135.wbz.000004,wahlbezirk,de.st.gem.15084135
de.st.wk.040.gem.15084135.wbz.000005,wahlbezirk,de.st.gem.15084135
de.st.wk.040.gem.15084135.wbz.000099,briefwahlbezirk,de.st.gem.15084135
de.st.wk.040.gem.15084150.wbz.000001,wahlbezirk,de.st.gem.15084150
de.st.wk.040.gem.15084150.wbz.000002,wahlbezirk,de.st.gem.15084150
de.st.wk.040.gem.15084150.wbz.000003,wahlbezirk,de.st.gem.15084150
de.st.wk.040.gem.15084150.wbz.000099,briefwahlbezirk,de.st.gem.15084150
de.st.wk.040.gem.15084170.wbz.000001,wahlbezirk,de.st.gem.15084170
de.st.wk.040.gem.15084170.wbz.000002,wahlbezirk,de.st.gem.15084170
de.st.wk.040.gem.15084170.wbz.000099,briefwahlbezirk,de.st.gem.15084170
de.st.wk.040.gem.15084250.wbz.000001,wahlbezirk,de.st.gem.15084250
de.st.wk.040.gem.15084250.wbz.000002,wahlbezirk,de.st.gem.15084250
de.st.wk.040.gem.15084250.wbz.000003,wahlbezirk,de.st.gem.15084250
de.st.wk.040.gem.15084250.wbz.000099,briefwahlbezirk,de.st.gem.15084250
de.st.wk.040.gem.15084285.wbz.000001,wahlbezirk,de.st.gem.15084285
de.st.wk.040.gem.15084285.wbz.000002,wahlbezirk,de.st.gem.15084285
de.st.wk.040.gem.15084285.wbz.000003,wahlbezirk,de.st.gem.15084285
de.st.wk.040.gem.15084285.wbz.000004,wahlbezirk,de.st.gem.15084285
de.st.wk.040.gem.15084285.wbz.000099,briefwahlbezirk,de.st.gem.15084285
de.st.wk.040.gem.15084335.wbz.000001,wahlbezirk,de.st.gem.15084335
de.st.wk.040.gem.15084335.wbz.000002,wahlbezirk,de.st.gem.15084335
de.st.wk.040.gem.15084335.wbz.000099,briefwahlbezirk,de.st.gem.15084335
de.st.wk.040.gem.15084341.wbz.000001,wahlbezirk,de.st.gem.15084341
de.st.wk.040.gem.15084341.wbz.000099,briefwahlbezirk,de.st.gem.15084341
de.st.wk.040.gem.15084355.wbz.000001,wahlbezirk,de.st.gem.15084355
de.st.wk.040.gem.15084355.wbz.000002,wahlbezirk,de.st.gem.15084355
de.st.wk.040.gem.15084355.wbz.000003,wahlbezirk,de.st.gem.15084355
de.st.wk.040.gem.15084355.wbz.000004,wahlbezirk,de.st.gem.15084355
de.st.wk.040.gem.15084355.wbz.000005,wahlbezirk,de.st.gem.15084355
de.st.wk.040.gem.15084355.wbz.000006,wahlbezirk,de.st.gem.15084355
de.st.wk.040.gem.15084355.wbz.000007,wahlbezirk,de.st.gem.15084355
de.st.wk.040.gem.15084355.wbz.000008,wahlbezirk,de.st.gem.15084355
de.st.wk.040.gem.15084355.wbz.000009,wahlbezirk,de.st.gem.15084355
de.st.wk.040.gem.15084355.wbz.000010,wahlbezirk,de.st.gem.15084355
de.st.wk.040.gem.15084355.wbz.000011,wahlbezirk,de.st.gem.15084355
de.st.wk.040.gem.15084355.wbz.000012,wahlbezirk,de.st.gem.15084355
de.st.wk.040.gem.15084355.wbz.000013,wahlbezirk,de.st.gem.15084355
de.st.wk.040.gem.15084355.wbz.000014,wahlbezirk,de.st.gem.15084355
de.st.wk.040.gem.15084355.wbz.000015,wahlbezirk,de.st.gem.15084355
de.st.wk.040.gem.15084355.wbz.000016,wahlbezirk,de.st.gem.15084355
de.st.wk.040.gem.15084355.wbz.000017,wahlbezirk,de.st.gem.15084355
de.st.wk.040.gem.15084355.wbz.000018,wahlbezirk,de.st.gem.15084355
de.st.wk.040.gem.15084355.wbz.000019,wahlbezirk,de.st.gem.15084355
de.st.wk.040.gem.15084355.wbz.000020,wahlbezirk,de.st.gem.15084355
de.st.wk.040.gem.15084355.wbz.000021,wahlbezirk,de.st.gem.15084355
de.st.wk.040.gem.15084355.wbz.000022,wahlbezirk,de.st.gem.15084355
de.st.wk.040.gem.15084355.wbz.000023,wahlbezirk,de.st.gem.15084355
de.st.wk.040.gem.15084355.wbz.000024,wahlbezirk,de.st.gem.15084355
de.st.wk.040.gem.15084355.wbz.000025,wahlbezirk,de.st.gem.15084355
de.st.wk.040.gem.15084355.wbz.000097,briefwahlbezirk,de.st.gem.15084355
de.st.wk.040.gem.15084355.wbz.000098,briefwahlbezirk,de.st.gem.15084355
de.st.wk.040.gem.15084355.wbz.000099,briefwahlbezirk,de.st.gem.15084355
de.st.wk.040.gem.15084360.wbz.000001,wahlbezirk,de.st.gem.15084360
de.st.wk.040.gem.15084360.wbz.000002,wahlbezirk,de.st.gem.15084360
de.st.wk.040.gem.15084360.wbz.000003,wahlbezirk,de.st.gem.15084360
de.st.wk.040.gem.15084360.wbz.000004,wahlbezirk,de.st.gem.15084360
de.st.wk.040.gem.15084360.wbz.000099,briefwahlbezirk,de.st.gem.15084360
de.st.wk.040.gem.15084375.wbz.000001,wahlbezirk,de.st.gem.15084375
de.st.wk.040.gem.15084375.wbz.000002,wahlbezirk,de.st.gem.15084375
de.st.wk.040.gem.15084375.wbz.000099,briefwahlbezirk,de.st.gem.15084375
de.st.wk.040.gem.15084445.wbz.000001,wahlbezirk,de.st.gem.15084445
de.st.wk.040.gem.15084445.wbz.000099,briefwahlbezirk,de.st.gem.15084445
de.st.wk.040.gem.15084470.wbz.000001,wahlbezirk,de.st.gem.15084470
de.st.wk.040.gem.15084470.wbz.000099,briefwahlbezirk,de.st.gem.15084470
de.st.wk.040.gem.15084560.wbz.000001,wahlbezirk,de.st.gem.15084560
de.st.wk.040.gem.15084560.wbz.000099,briefwahlbezirk,de.st.gem.15084560
de.st.wk.041.gem.15084115.wbz.000011,wahlbezirk,de.st.gem.15084115
de.st.wk.041.gem.15084115.wbz.000012,wahlbezirk,de.st.gem.15084115
de.st.wk.041.gem.15084115.wbz.000099,briefwahlbezirk,de.st.gem.15084115
de.st.wk.041.gem.15084130.wbz.000001,wahlbezirk,de.st.gem.15084130
de.st.wk.041.gem.15084130.wbz.000002,wahlbezirk,de.st.gem.15084130
de.st.wk.041.gem.15084130.wbz.000003,wahlbezirk,de.st.gem.15084130
de.st.wk.041.gem.15084130.wbz.000004,wahlbezirk,de.st.gem.15084130
de.st.wk.041.gem.15084130.wbz.000005,wahlbezirk,de.st.gem.15084130
de.st.wk.041.gem.15084130.wbz.000006,wahlbezirk,de.st.gem.15084130
de.st.wk.041.gem.15084130.wbz.000007,wahlbezirk,de.st.gem.15084130
de.st.wk.041.gem.15084130.wbz.000008,wahlbezirk,de.st.gem.15084130
de.st.wk.041.gem.15084130.wbz.000009,wahlbezirk,de.st.gem.15084130
de.st.wk.041.gem.15084130.wbz.000010,wahlbezirk,de.st.gem.15084130
de.st.wk.041.gem.15084130.wbz.000011,wahlbezirk,de.st.gem.15084130
de.st.wk.041.gem.15084130.wbz.000099,briefwahlbezirk,de.st.gem.15084130
de.st.wk.041.gem.15084207.wbz.000021,wahlbezirk,de.st.gem.15084207
de.st.wk.041.gem.15084207.wbz.000022,wahlbezirk,de.st.gem.15084207
de.st.wk.041.gem.15084207.wbz.000024,wahlbezirk,de.st.gem.15084207
de.st.wk.041.gem.15084207.wbz.000027,wahlbezirk,de.st.gem.15084207
de.st.wk.041.gem.15084207.wbz.000099,briefwahlbezirk,de.st.gem.15084207
de.st.wk.041.gem.15084235.wbz.000001,wahlbezirk,de.st.gem.15084235
de.st.wk.041.gem.15084235.wbz.000002,wahlbezirk,de.st.gem.15084235
de.st.wk.041.gem.15084235.wbz.000003,wahlbezirk,de.st.gem.15084235
de.st.wk.041.gem.15084235.wbz.000004,wahlbezirk,de.st.gem.15084235
de.st.wk.041.gem.15084235.wbz.000005,wahlbezirk,de.st.gem.15084235
de.st.wk.041.gem.15084235.wbz.000006,wahlbezirk,de.st.gem.15084235
de.st.wk.041.gem.15084235.wbz.000007,wahlbezirk,de.st.gem.15084235
de.st.wk.041.gem.15084235.wbz.000008,wahlbezirk,de.st.gem.15084235
de.st.wk.041.gem.15084235.wbz.000009,wahlbezirk,de.st.gem.15084235
de.st.wk.041.gem.15084235.wbz.000010,wahlbezirk,de.st.gem.15084235
de.st.wk.041.gem.15084235.wbz.000099,briefwahlbezirk,de.st.gem.15084235
de.st.wk.041.gem.15084275.wbz.000031,wahlbezirk,de.st.gem.15084275
de.st.wk.041.gem.15084275.wbz.000032,wahlbezirk,de.st.gem.15084275
de.st.wk.041.gem.15084275.wbz.000033,wahlbezirk,de.st.gem.15084275
de.st.wk.041.gem.15084275.wbz.000034,wahlbezirk,de.st.gem.15084275
de.st.wk.041.gem.15084275.wbz.000035,wahlbezirk,de.st.gem.15084275
de.st.wk.041.gem.15084275.wbz.000099,briefwahlbezirk,de.st.gem.15084275
de.st.wk.041.gem.15084442.wbz.000041,wahlbezirk,de.st.gem.15084442
de.st.wk.041.gem.15084442.wbz.000042,wahlbezirk,de.st.gem.15084442
de.st.wk.041.gem.15084442.wbz.000043,wahlbezirk,de.st.gem.15084442
de.st.wk.041.gem.15084442.wbz.000044,wahlbezirk,de.st.gem.15084442
de.st.wk.041.gem.15084442.wbz.000045,wahlbezirk,de.st.gem.15084442
de.st.wk.041.gem.15084442.wbz.000099,briefwahlbezirk,de.st.gem.15084442
de.st.wk.041.gem.15084565.wbz.000051,wahlbezirk,de.st.gem.15084565
de.st.wk.041.gem.15084565.wbz.000052,wahlbezirk,de.st.gem.15084565
de.st.wk.041.gem.15084565.wbz.000053,wahlbezirk,de.st.gem.15084565
de.st.wk.041.gem.15084565.wbz.000099,briefwahlbezirk,de.st.gem.15084565
de.st.wk.041.gem.15084590.wbz.000001,wahlbezirk,de.st.gem.15084590
de.st.wk.041.gem.15084590.wbz.000002,wahlbezirk,de.st.gem.15084590
de.st.wk.041.gem.15084590.wbz.000003,wahlbezirk,de.st.gem.15084590
de.st.wk.041.gem.15084590.wbz.000004,wahlbezirk,de.st.gem.15084590
de.st.wk.041.gem.15084590.wbz.000005,wahlbezirk,de.st.gem.15084590
de.st.wk.041.gem.15084590.wbz.000006,wahlbezirk,de.st.gem.15084590
de.st.wk.041.gem.15084590.wbz.000007,wahlbezirk,de.st.gem.15084590
de.st.wk.041.gem.15084590.wbz.000008,wahlbezirk,de.st.gem.15084590
de.st.wk.041.gem.15084590.wbz.000009,wahlbezirk,de.st.gem.15084590
de.st.wk.041.gem.15084590.wbz.000010,wahlbezirk,de.st.gem.15084590
de.st.wk.041.gem.15084590.wbz.000011,wahlbezirk,de.st.gem.15084590
de.st.wk.041.gem.15084590.wbz.000012,wahlbezirk,de.st.gem.15084590
de.st.wk.041.gem.15084590.wbz.000013,wahlbezirk,de.st.gem.15084590
de.st.wk.041.gem.15084590.wbz.000014,wahlbezirk,de.st.gem.15084590
de.st.wk.041.gem.15084590.wbz.000015,wahlbezirk,de.st.gem.15084590
de.st.wk.041.gem.15084590.wbz.000016,wahlbezirk,de.st.gem.15084590
de.st.wk.041.gem.15084590.wbz.000017,wahlbezirk,de.st.gem.15084590
de.st.wk.041.gem.15084590.wbz.000018,wahlbezirk,de.st.gem.15084590
de.st.wk.041.gem.15084590.wbz.000019,wahlbezirk,de.st.gem.15084590
de.st.wk.041.gem.15084590.wbz.000020,wahlbezirk,de.st.gem.15084590
de.st.wk.041.gem.15084590.wbz.000021,wahlbezirk,de.st.gem.15084590
de.st.wk.041.gem.15084590.wbz.000022,wahlbezirk,de.st.gem.15084590
de.st.wk.041.gem.15084590.wbz.000023,wahlbezirk,de.st.gem.15084590
de.st.wk.041.gem.15084590.wbz.000024,wahlbezirk,de.st.gem.15084590
de.st.wk.041.gem.15084590.wbz.000025,wahlbezirk,de.st.gem.15084590
de.st.wk.041.gem.15084590.wbz.000026,wahlbezirk,de.st.gem.15084590
de.st.wk.041.gem.15084590.wbz.000097,briefwahlbezirk,de.st.gem.15084590
de.st.wk.041.gem.15084590.wbz.000098,briefwahlbezirk,de.st.gem.15084590
de.st.wk.041.gem.15084590.wbz.000099,briefwahlbezirk,de.st.gem.15084590
