unit,level,parent
de.mv,land,
de.mv.krs.13001,kreis,de.mv
de.mv.krs.13002,kreis,de.mv
de.mv.krs.13003,kreis,de.mv
de.mv.krs.13004,kreis,de.mv
de.mv.krs.13006,kreis,de.mv
de.mv.krs.13051,kreis,de.mv
de.mv.krs.13052,kreis,de.mv
de.mv.krs.13053,kreis,de.mv
de.mv.krs.13054,kreis,de.mv
de.mv.krs.13056,kreis,de.mv
de.mv.krs.13055,kreis,de.mv
de.mv.krs.13057,kreis,de.mv
de.mv.krs.13005,kreis,de.mv
de.mv.krs.13058,kreis,de.mv
de.mv.krs.13059,kreis,de.mv
de.mv.krs.13060,kreis,de.mv
de.mv.krs.13061,kreis,de.mv
de.mv.krs.13062,kreis,de.mv
de.mv.gem.13001000,gemeinde,de.mv.krs.13001
de.mv.gem.13002000,gemeinde,de.mv.krs.13002
de.mv.gem.13003000,gemeinde,de.mv.krs.13003
de.mv.gem.13004000,gemeinde,de.mv.krs.13004
de.mv.gem.13006000,gemeinde,de.mv.krs.13006
de.mv.gem.13051001,gemeinde,de.mv.krs.13051
de.mv.gem.13051002,gemeinde,de.mv.krs.13051
de.mv.gem.13051003,gemeinde,de.mv.krs.13051
de.mv.gem.13051004,gemeinde,de.mv.krs.13051
de.mv.gem.13051006,gemeinde,de.mv.krs.13051
de.mv.gem.13051007,gemeinde,de.mv.krs.13051
de.mv.gem.13051010,gemeinde,de.mv.krs.13051
de.mv.gem.13051012,gemeinde,de.mv.krs.13051
de.mv.gem.13051013,gemeinde,de.mv.krs.13051
de.mv.gem.13051026,gemeinde,de.mv.krs.13051
de.mv.gem.13051027,gemeinde,de.mv.krs.13051
de.mv.gem.13051028,gemeinde,de.mv.krs.13051
de.mv.gem.13051029,gemeinde,de.mv.krs.13051
de.mv.gem.13051030,gemeinde,de.mv.krs.13051
de.mv.gem.13051031,gemeinde,de.mv.krs.13051
de.mv.gem.13051032,gemeinde,de.mv.krs.13051
de.mv.gem.13051036,gemeinde,de.mv.krs.13051
de.mv.gem.13051039,gemeinde,de.mv.krs.13051
de.mv.gem.13051041,gemeinde,de.mv.krs.13051
de.mv.gem.13051042,gemeinde,de.mv.krs.13051
de.mv.gem.13051047,gemeinde,de.mv.krs.13051
de.mv.gem.13051049,gemeinde,de.mv.krs.13051
de.mv.gem.13051052,gemeinde,de.mv.krs.13051
de.mv.gem.13051056,gemeinde,de.mv.krs.13051
de.mv.gem.13051057,gemeinde,de.mv.krs.13051
de.mv.gem.13051058,gemeinde,de.mv.krs.13051
de.mv.gem.13051059,gemeinde,de.mv.krs.13051
de.mv.gem.13051060,gemeinde,de.mv.krs.13051
de.mv.gem.13051062,gemeinde,de.mv.krs.13051
de.mv.gem.13051063,gemeinde,de.mv.krs.13051
de.mv.gem.13051065,gemeinde,de.mv.krs.13051
de.mv.gem.13051069,gemeinde,de.mv.krs.13051
de.mv.gem.13051070,gemeinde,de.mv.krs.13051
de.mv.gem.13051074,gemeinde,de.mv.krs.13051
de.mv.gem.13051081,gemeinde,de.mv.krs.13051
de.mv.gem.13051083,gemeinde,de.mv.krs.13051
de.mv.gem.13051249,gemeinde,de.mv.krs.13051
de.mv.gem.13051005,gemeinde,de.mv.krs.13051
de.mv.gem.13051008,gemeinde,de.mv.krs.13051
de.mv.gem.13051009,gemeinde,de.mv.krs.13051
de.mv.gem.13051011,gemeinde,de.mv.krs.13051
de.mv.gem.13051014,gemeinde,de.mv.krs.13051
de.mv.gem.13051015,gemeinde,de.mv.krs.13051
de.mv.gem.13051016,gemeinde,de.mv.krs.13051
de.mv.gem.13051017,gemeinde,de.mv.krs.13051
de.mv.gem.13051018,gemeinde,de.mv.krs.13051
de.mv.gem.13051019,gemeinde,de.mv.krs.13051
de.mv.gem.13051020,gemeinde,de.mv.krs.13051
de.mv.gem.13051021,gemeinde,de.mv.krs.13051
de.mv.gem.13051022,gemeinde,de.mv.krs.13051
de.mv.gem.13051023,gemeinde,de.mv.krs.13051
de.mv.gem.13051024,gemeinde,de.mv.krs.13051
de.mv.gem.13051025,gemeinde,de.mv.krs.13051
de.mv.gem.13051033,gemeinde,de.mv.krs.13051
de.mv.gem.13051034,gemeinde,de.mv.krs.13051
de.mv.gem.13051035,gemeinde,de.mv.krs.13051
de.mv.gem.13051037,gemeinde,de.mv.krs.13051
de.mv.gem.13051038,gemeinde,de.mv.krs.13051
de.mv.gem.13051040,gemeinde,de.mv.krs.13051
de.mv.gem.13051043,gemeinde,de.mv.krs.13051
de.mv.gem.13051044,gemeinde,de.mv.krs.13051
de.mv.gem.13051045,gemeinde,de.mv.krs.13051
de.mv.gem.13051046,gemeinde,de.mv.krs.13051
de.mv.gem.13051048,gemeinde,de.mv.krs.13051
de.mv.gem.13051050,gemeinde,de.mv.krs.13051
de.mv.gem.13051051,gemeinde,de.mv.krs.13051
de.mv.gem.13051053,gemeinde,de.mv.krs.13051
de.mv.gem.13051054,gemeinde,de.mv.krs.13051
de.mv.gem.13051055,gemeinde,de.mv.krs.13051
de.mv.gem.13051061,gemeinde,de.mv.krs.13051
de.mv.gem.13051064,gemeinde,de.mv.krs.13051
de.mv.gem.13051066,gemeinde,de.mv.krs.13051
de.mv.gem.13051067,gemeinde,de.mv.krs.13051
de.mv.gem.13051068,gemeinde,de.mv.krs.13051
de.mv.gem.13051071,gemeinde,de.mv.krs.13051
de.mv.gem.13051072,gemeinde,de.mv.krs.13051
de.mv.gem.13051073,gemeinde,de.mv.krs.13051
de.mv.gem.13051075,gemeinde,de.mv.krs.13051
de.mv.gem.13051076,gemeinde,de.mv.krs.13051
de.mv.gem.13051077,gemeinde,de.mv.krs.13051
de.mv.gem.13051078,gemeinde,de.mv.krs.13051
de.mv.gem.13051079,gemeinde,de.mv.krs.13051
de.mv.gem.13051080,gemeinde,de.mv.krs.13051
de.mv.gem.13051082,gemeinde,de.mv.krs.13051
de.mv.gem.13051084,gemeinde,de.mv.krs.13051
de.mv.gem.13051085,gemeinde,de.mv.krs.13051
de.mv.gem.13052001,gemeinde,de.mv.krs.13052
de.mv.gem.13052004,gemeinde,de.mv.krs.13052
de.mv.gem.13052006,gemeinde,de.mv.krs.13052
de.mv.gem.13052007,gemeinde,de.mv.krs.13052
de.mv.gem.13052008,gemeinde,de.mv.krs.13052
de.mv.gem.13052009,gemeinde,de.mv.krs.13052
de.mv.gem.13052012,gemeinde,de.mv.krs.13052
de.mv.gem.13052015,gemeinde,de.mv.krs.13052
de.mv.gem.13052016,gemeinde,de.mv.krs.13052
de.mv.gem.13052018,gemeinde,de.mv.krs.13052
de.mv.gem.13052020,gemeinde,de.mv.krs.13052
de.mv.gem.13052023,gemeinde,de.mv.krs.13052
de.mv.gem.13052024,gemeinde,de.mv.krs.13052
de.mv.gem.13052025,gemeinde,de.mv.krs.13052
de.mv.gem.13052026,gemeinde,de.mv.krs.13052
de.mv.gem.13052029,gemeinde,de.mv.krs.13052
de.mv.gem.13052030,gemeinde,de.mv.krs.13052
de.mv.gem.13052033,gemeinde,de.mv.krs.13052
de.mv.gem.13052035,gemeinde,de.mv.krs.13052
de.mv.gem.13052036,gemeinde,de.mv.krs.13052
de.mv.gem.13052037,gemeinde,de.mv.krs.13052
de.mv.gem.13052039,gemeinde,de.mv.krs.13052
de.mv.gem.13052041,gemeinde,de.mv.krs.13052
de.mv.gem.13052043,gemeinde,de.mv.krs.13052
de.mv.gem.13052046,gemeinde,de.mv.krs.13052
de.mv.gem.13052048,gemeinde,de.mv.krs.13052
de.mv.gem.13052049,gemeinde,de.mv.krs.13052
de.mv.gem.13052051,gemeinde,de.mv.krs.13052
de.mv.gem.13052052,gemeinde,de.mv.krs.13052
de.mv.gem.13052054,gemeinde,de.mv.krs.13052
de.mv.gem.13052056,gemeinde,de.mv.krs.13052
de.mv.gem.13052058,gemeinde,de.mv.krs.13052
de.mv.gem.13052060,gemeinde,de.mv.krs.13052
de.mv.gem.13052066,gemeinde,de.mv.krs.13052
de.mv.gem.13052067,gemeinde,de.mv.krs.13052
de.mv.gem.13052068,gemeinde,de.mv.krs.13052
de.mv.gem.13052069,gemeinde,de.mv.krs.13052
de.mv.gem.13052070,gemeinde,de.mv.krs.13052
de.mv.gem.13052071,gemeinde,de.mv.krs.13052
de.mv.gem.13052072,gemeinde,de.mv.krs.13052
de.mv.gem.13052073,gemeinde,de.mv.krs.13052
de.mv.gem.13052076,gemeinde,de.mv.krs.13052
de.mv.gem.13052077,gemeinde,de.mv.krs.13052
de.mv.gem.13052078,gemeinde,de.mv.krs.13052
de.mv.gem.13052080,gemeinde,de.mv.krs.13052
de.mv.gem.13052081,gemeinde,de.mv.krs.13052
de.mv.gem.13052082,gemeinde,de.mv.krs.13052
de.mv.gem.13052083,gemeinde,de.mv.krs.13052
de.mv.gem.13052085,gemeinde,de.mv.krs.13052
de.mv.gem.13052086,gemeinde,de.mv.krs.13052
de.mv.gem.13052089,gemeinde,de.mv.krs.13052
de.mv.gem.13052090,gemeinde,de.mv.krs.13052
de.mv.gem.13052249,gemeinde,de.mv.krs.13052
de.mv.gem.13052002,gemeinde,de.mv.krs.13052
de.mv.gem.13052003,gemeinde,de.mv.krs.13052
de.mv.gem.13052005,gemeinde,de.mv.krs.13052
de.mv.gem.13052010,gemeinde,de.mv.krs.13052
de.mv.gem.13052011,gemeinde,de.mv.krs.13052
de.mv.gem.13052013,gemeinde,de.mv.krs.13052
de.mv.gem.13052014,gemeinde,de.mv.krs.13052
de.mv.gem.13052017,gemeinde,de.mv.krs.13052
de.mv.gem.13052019,gemeinde,de.mv.krs.13052
de.mv.gem.13052021,gemeinde,de.mv.krs.13052
de.mv.gem.13052022,gemeinde,de.mv.krs.13052
de.mv.gem.13052027,gemeinde,de.mv.krs.13052
de.mv.gem.13052028,gemeinde,de.mv.krs.13052
de.mv.gem.13052031,gemeinde,de.mv.krs.13052
de.mv.gem.13052032,gemeinde,de.mv.krs.13052
de.mv.gem.13052034,gemeinde,de.mv.krs.13052
de.mv.gem.13052038,gemeinde,de.mv.krs.13052
de.mv.gem.13052040,gemeinde,de.mv.krs.13052
de.mv.gem.13052042,gemeinde,de.mv.krs.13052
de.mv.gem.13052044,gemeinde,de.mv.krs.13052
de.mv.gem.13052045,gemeinde,de.mv.krs.13052
de.mv.gem.13052047,gemeinde,de.mv.krs.13052
de.mv.gem.13052050,gemeinde,de.mv.krs.13052
de.mv.gem.13052053,gemeinde,de.mv.krs.13052
de.mv.gem.13052055,gemeinde,de.mv.krs.13052
de.mv.gem.13052057,gemeinde,de.mv.krs.13052
de.mv.gem.13052059,gemeinde,de.mv.krs.13052
de.mv.gem.13052061,gemeinde,de.mv.krs.13052
de.mv.gem.13052062,gemeinde,de.mv.krs.13052
de.mv.gem.13052063,gemeinde,de.mv.krs.13052
de.mv.gem.13052064,gemeinde,de.mv.krs.13052
de.mv.gem.13052065,gemeinde,de.mv.krs.13052
de.mv.gem.13052074,gemeinde,de.mv.krs.13052
de.mv.gem.13052075,gemeinde,de.mv.krs.13052
de.mv.gem.13052079,gemeinde,de.mv.krs.13052
de.mv.gem.13052084,gemeinde,de.mv.krs.13052
de.mv.gem.13052087,gemeinde,de.mv.krs.13052
de.mv.gem.13052088,gemeinde,de.mv.krs.13052
de.mv.gem.13052091,gemeinde,de.mv.krs.13052
de.mv.gem.13052092,gemeinde,de.mv.krs.13052
de.mv.gem.13053001,gemeinde,de.mv.krs.13053
de.mv.gem.13053002,gemeinde,de.mv.krs.13053
de.mv.gem.13053003,gemeinde,de.mv.krs.13053
de.mv.gem.13053005,gemeinde,de.mv.krs.13053
de.mv.gem.13053006,gemeinde,de.mv.krs.13053
de.mv.gem.13053008,gemeinde,de.mv.krs.13053
de.mv.gem.13053010,gemeinde,de.mv.krs.13053
de.mv.gem.13053011,gemeinde,de.mv.krs.13053
de.mv.gem.13053012,gemeinde,de.mv.krs.13053
de.mv.gem.13053014,gemeinde,de.mv.krs.13053
de.mv.gem.13053015,gemeinde,de.mv.krs.13053
de.mv.gem.13053016,gemeinde,de.mv.krs.13053
de.mv.gem.13053017,gemeinde,de.mv.krs.13053
de.mv.gem.13053018,gemeinde,de.mv.krs.13053
de.mv.gem.13053020,gemeinde,de.mv.krs.13053
de.mv.gem.13053021,gemeinde,de.mv.krs.13053
de.mv.gem.13053022,gemeinde,de.mv.krs.13053
de.mv.gem.13053024,gemeinde,de.mv.krs.13053
de.mv.gem.13053025,gemeinde,de.mv.krs.13053
de.mv.gem.13053026,gemeinde,de.mv.krs.13053
de.mv.gem.13053027,gemeinde,de.mv.krs.13053
de.mv.gem.13053028,gemeinde,de.mv.krs.13053
de.mv.gem.13053029,gemeinde,de.mv.krs.13053
de.mv.gem.13053032,gemeinde,de.mv.krs.13053
de.mv.gem.13053033,gemeinde,de.mv.krs.13053
de.mv.gem.13053034,gemeinde,de.mv.krs.13053
de.mv.gem.13053035,gemeinde,de.mv.krs.13053
de.mv.gem.13053036,gemeinde,de.mv.krs.13053
de.mv.gem.13053041,gemeinde,de.mv.krs.13053
de.mv.gem.13053042,gemeinde,de.mv.krs.13053
de.mv.gem.13053043,gemeinde,de.mv.krs.13053
de.mv.gem.13053044,gemeinde,de.mv.krs.13053
de.mv.gem.13053045,gemeinde,de.mv.krs.13053
de.mv.gem.13053047,gemeinde,de.mv.krs.13053
de.mv.gem.13053048,gemeinde,de.mv.krs.13053
de.mv.gem.13053049,gemeinde,de.mv.krs.13053
de.mv.gem.13053050,gemeinde,de.mv.krs.13053
de.mv.gem.13053051,gemeinde,de.mv.krs.13053
de.mv.gem.13053052,gemeinde,de.mv.krs.13053
de.mv.gem.13053053,gemeinde,de.mv.krs.13053
de.mv.gem.13053054,gemeinde,de.mv.krs.13053
de.mv.gem.13053056,gemeinde,de.mv.krs.13053
de.mv.gem.13053057,gemeinde,de.mv.krs.13053
de.mv.gem.13053058,gemeinde,de.mv.krs.13053
de.mv.gem.13053059,gemeinde,de.mv.krs.13053
de.mv.gem.13053060,gemeinde,de.mv.krs.13053
de.mv.gem.13053062,gemeinde,de.mv.krs.13053
de.mv.gem.13053063,gemeinde,de.mv.krs.13053
de.mv.gem.13053068,gemeinde,de.mv.krs.13053
de.mv.gem.13053069,gemeinde,de.mv.krs.13053
de.mv.gem.13053070,gemeinde,de.mv.krs.13053
de.mv.gem.13053071,gemeinde,de.mv.krs.13053
de.mv.gem.13053074,gemeinde,de.mv.krs.13053
de.mv.gem.13053075,gemeinde,de.mv.krs.13053
de.mv.gem.13053076,gemeinde,de.mv.krs.13053
de.mv.gem.13053079,gemeinde,de.mv.krs.13053
de.mv.gem.13053080,gemeinde,de.mv.krs.13053
de.mv.gem.13053084,gemeinde,de.mv.krs.13053
de.mv.gem.13053085,gemeinde,de.mv.krs.13053
de.mv.gem.13053087,gemeinde,de.mv.krs.13053
de.mv.gem.13053088,gemeinde,de.mv.krs.13053
de.mv.gem.13053089,gemeinde,de.mv.krs.13053
de.mv.gem.13053091,gemeinde,de.mv.krs.13053
de.mv.gem.13053092,gemeinde,de.mv.krs.13053
de.mv.gem.13053093,gemeinde,de.mv.krs.13053
de.mv.gem.13053095,gemeinde,de.mv.krs.13053
de.mv.gem.13053096,gemeinde,de.mv.krs.13053
de.mv.gem.13053097,gemeinde,de.mv.krs.13053
de.mv.gem.13053098,gemeinde,de.mv.krs.13053
de.mv.gem.13053249,gemeinde,de.mv.krs.13053
de.mv.gem.13053004,gemeinde,de.mv.krs.13053
de.mv.gem.13053007,gemeinde,de.mv.krs.13053
de.mv.gem.13053009,gemeinde,de.mv.krs.13053
de.mv.gem.13053013,gemeinde,de.mv.krs.13053
de.mv.gem.13053019,gemeinde,de.mv.krs.13053
de.mv.gem.13053023,gemeinde,de.mv.krs.13053
de.mv.gem.13053030,gemeinde,de.mv.krs.13053
de.mv.gem.13053031,gemeinde,de.mv.krs.13053
de.mv.gem.13053037,gemeinde,de.mv.krs.13053
de.mv.gem.13053038,gemeinde,de.mv.krs.13053
de.mv.gem.13053039,gemeinde,de.mv.krs.13053
de.mv.gem.13053040,gemeinde,de.mv.krs.13053
de.mv.gem.13053046,gemeinde,de.mv.krs.13053
de.mv.gem.13053055,gemeinde,de.mv.krs.13053
de.mv.gem.13053061,gemeinde,de.mv.krs.13053
de.mv.gem.13053064,gemeinde,de.mv.krs.13053
de.mv.gem.13053065,gemeinde,de.mv.krs.13053
de.mv.gem.13053066,gemeinde,de.mv.krs.13053
de.mv.gem.13053067,gemeinde,de.mv.krs.13053
de.mv.gem.13053072,gemeinde,de.mv.krs.13053
de.mv.gem.13053073,gemeinde,de.mv.krs.13053
de.mv.gem.13053077,gemeinde,de.mv.krs.13053
de.mv.gem.13053078,gemeinde,de.mv.krs.13053
de.mv.gem.13053081,gemeinde,de.mv.krs.13053
de.mv.gem.13053082,gemeinde,de.mv.krs.13053
de.mv.gem.13053083,gemeinde,de.mv.krs.13053
de.mv.gem.13053086,gemeinde,de.mv.krs.13053
de.mv.gem.13053090,gemeinde,de.mv.krs.13053
de.mv.gem.13053094,gemeinde,de.mv.krs.13053
de.mv.gem.13053099,gemeinde,de.mv.krs.13053
de.mv.gem.13053100,gemeinde,de.mv.krs.13053
de.mv.gem.13054005,gemeinde,de.mv.krs.13054
de.mv.gem.13054006,gemeinde,de.mv.krs.13054
de.mv.gem.13054008,gemeinde,de.mv.krs.13054
de.mv.gem.13054009,gemeinde,de.mv.krs.13054
de.mv.gem.13054013,gemeinde,de.mv.krs.13054
de.mv.gem.13054014,gemeinde,de.mv.krs.13054
de.mv.gem.13054019,gemeinde,de.mv.krs.13054
de.mv.gem.13054022,gemeinde,de.mv.krs.13054
de.mv.gem.13054024,gemeinde,de.mv.krs.13054
de.mv.gem.13054030,gemeinde,de.mv.krs.13054
de.mv.gem.13054032,gemeinde,de.mv.krs.13054
de.mv.gem.13054035,gemeinde,de.mv.krs.13054
de.mv.gem.13054036,gemeinde,de.mv.krs.13054
de.mv.gem.13054038,gemeinde,de.mv.krs.13054
de.mv.gem.13054039,gemeinde,de.mv.krs.13054
de.mv.gem.13054040,gemeinde,de.mv.krs.13054
de.mv.gem.13054044,gemeinde,de.mv.krs.13054
de.mv.gem.13054048,gemeinde,de.mv.krs.13054
de.mv.gem.13054049,gemeinde,de.mv.krs.13054
de.mv.gem.13054053,gemeinde,de.mv.krs.13054
de.mv.gem.13054055,gemeinde,de.mv.krs.13054
de.mv.gem.13054056,gemeinde,de.mv.krs.13054
de.mv.gem.13054062,gemeinde,de.mv.krs.13054
de.mv.gem.13054067,gemeinde,de.mv.krs.13054
de.mv.gem.13054070,gemeinde,de.mv.krs.13054
de.mv.gem.13054071,gemeinde,de.mv.krs.13054
de.mv.gem.13054072,gemeinde,de.mv.krs.13054
de.mv.gem.13054073,gemeinde,de.mv.krs.13054
de.mv.gem.13054078,gemeinde,de.mv.krs.13054
de.mv.gem.13054079,gemeinde,de.mv.krs.13054
de.mv.gem.13054080,gemeinde,de.mv.krs.13054
de.mv.gem.13054082,gemeinde,de.mv.krs.13054
de.mv.gem.13054083,gemeinde,de.mv.krs.13054
de.mv.gem.13054088,gemeinde,de.mv.krs.13054
de.mv.gem.13054093,gemeinde,de.mv.krs.13054
de.mv.gem.13054094,gemeinde,de.mv.krs.13054
de.mv.gem.13054096,gemeinde,de.mv.krs.13054
de.mv.gem.13054102,gemeinde,de.mv.krs.13054
de.mv.gem.13054103,gemeinde,de.mv.krs.13054
de.mv.gem.13054105,gemeinde,de.mv.krs.13054
de.mv.gem.13054108,gemeinde,de.mv.krs.13054
de.mv.gem.13054109,gemeinde,de.mv.krs.13054
de.mv.gem.13054110,gemeinde,de.mv.krs.13054
de.mv.gem.13054116,gemeinde,de.mv.krs.13054
de.mv.gem.13054120,gemeinde,de.mv.krs.13054
de.mv.gem.13054121,gemeinde,de.mv.krs.13054
de.mv.gem.13054249,gemeinde,de.mv.krs.13054
de.mv.gem.13054002,gemeinde,de.mv.krs.13054
de.mv.gem.13054004,gemeinde,de.mv.krs.13054
de.mv.gem.13054007,gemeinde,de.mv.krs.13054
de.mv.gem.13054011,gemeinde,de.mv.krs.13054
de.mv.gem.13054012,gemeinde,de.mv.krs.13054
de.mv.gem.13054016,gemeinde,de.mv.krs.13054
de.mv.gem.13054023,gemeinde,de.mv.krs.13054
de.mv.gem.13054025,gemeinde,de.mv.krs.13054
de.mv.gem.13054026,gemeinde,de.mv.krs.13054
de.mv.gem.13054027,gemeinde,de.mv.krs.13054
de.mv.gem.13054031,gemeinde,de.mv.krs.13054
de.mv.gem.13054041,gemeinde,de.mv.krs.13054
de.mv.gem.13054043,gemeinde,de.mv.krs.13054
de.mv.gem.13054045,gemeinde,de.mv.krs.13054
de.mv.gem.13054046,gemeinde,de.mv.krs.13054
de.mv.gem.13054047,gemeinde,de.mv.krs.13054
de.mv.gem.13054050,gemeinde,de.mv.krs.13054
de.mv.gem.13054052,gemeinde,de.mv.krs.13054
de.mv.gem.13054054,gemeinde,de.mv.krs.13054
de.mv.gem.13054057,gemeinde,de.mv.krs.13054
de.mv.gem.13054060,gemeinde,de.mv.krs.13054
de.mv.gem.13054063,gemeinde,de.mv.krs.13054
de.mv.gem.13054065,gemeinde,de.mv.krs.13054
de.mv.gem.13054068,gemeinde,de.mv.krs.13054
de.mv.gem.13054076,gemeinde,de.mv.krs.13054
de.mv.gem.13054084,gemeinde,de.mv.krs.13054
de.mv.gem.13054085,gemeinde,de.mv.krs.13054
de.mv.gem.13054086,gemeinde,de.mv.krs.13054
de.mv.gem.13054087,gemeinde,de.mv.krs.13054
de.mv.gem.13054090,gemeinde,de.mv.krs.13054
de.mv.gem.13054091,gemeinde,de.mv.krs.13054
de.mv.gem.13054092,gemeinde,de.mv.krs.13054
de.mv.gem.13054095,gemeinde,de.mv.krs.13054
de.mv.gem.13054097,gemeinde,de.mv.krs.13054
de.mv.gem.13054099,gemeinde,de.mv.krs.13054
de.mv.gem.13054100,gemeinde,de.mv.krs.13054
de.mv.gem.13054101,gemeinde,de.mv.krs.13054
de.mv.gem.13054104,gemeinde,de.mv.krs.13054
de.mv.gem.13054106,gemeinde,de.mv.krs.13054
de.mv.gem.13054107,gemeinde,de.mv.krs.13054
de.mv.gem.13054111,gemeinde,de.mv.krs.13054
de.mv.gem.13054113,gemeinde,de.mv.krs.13054
de.mv.gem.13054114,gemeinde,de.mv.krs.13054
de.mv.gem.13054117,gemeinde,de.mv.krs.13054
de.mv.gem.13054118,gemeinde,de.mv.krs.13054
de.mv.gem.13054123,gemeinde,de.mv.krs.13054
de.mv.gem.13054001,gemeinde,de.mv.krs.13054
de.mv.gem.13054003,gemeinde,de.mv.krs.13054
de.mv.gem.13054010,gemeinde,de.mv.krs.13054
de.mv.gem.13054015,gemeinde,de.mv.krs.13054
de.mv.gem.13054017,gemeinde,de.mv.krs.13054
de.mv.gem.13054018,gemeinde,de.mv.krs.13054
de.mv.gem.13054020,gemeinde,de.mv.krs.13054
de.mv.gem.13054021,gemeinde,de.mv.krs.13054
de.mv.gem.13054028,gemeinde,de.mv.krs.13054
de.mv.gem.13054029,gemeinde,de.mv.krs.13054
de.mv.gem.13054033,gemeinde,de.mv.krs.13054
de.mv.gem.13054034,gemeinde,de.mv.krs.13054
de.mv.gem.13054037,gemeinde,de.mv.krs.13054
de.mv.gem.13054042,gemeinde,de.mv.krs.13054
de.mv.gem.13054051,gemeinde,de.mv.krs.13054
de.mv.gem.13054058,gemeinde,de.mv.krs.13054
de.mv.gem.13054059,gemeinde,de.mv.krs.13054
de.mv.gem.13054061,gemeinde,de.mv.krs.13054
de.mv.gem.13054064,gemeinde,de.mv.krs.13054
de.mv.gem.13054066,gemeinde,de.mv.krs.13054
de.mv.gem.13054069,gemeinde,de.mv.krs.13054
de.mv.gem.13054074,gemeinde,de.mv.krs.13054
de.mv.gem.13054075,gemeinde,de.mv.krs.13054
de.mv.gem.13054077,gemeinde,de.mv.krs.13054
de.mv.gem.13054081,gemeinde,de.mv.krs.13054
de.mv.gem.13054089,gemeinde,de.mv.krs.13054
de.mv.gem.13054098,gemeinde,de.mv.krs.13054
de.mv.gem.13054112,gemeinde,de.mv.krs.13054
de.mv.gem.13054115,gemeinde,de.mv.krs.13054
de.mv.gem.13054119,gemeinde,de.mv.krs.13054
de.mv.gem.13054122,gemeinde,de.mv.krs.13054
de.mv.gem.13056001,gemeinde,de.mv.krs.13056
de.mv.gem.13056003,gemeinde,de.mv.krs.13056
de.mv.gem.13056004,gemeinde,de.mv.krs.13056
de.mv.gem.13056005,gemeinde,de.mv.krs.13056
de.mv.gem.13056007,gemeinde,de.mv.krs.13056
de.mv.gem.13056009,gemeinde,de.mv.krs.13056
de.mv.gem.13056010,gemeinde,de.mv.krs.13056
de.mv.gem.13056011,gemeinde,de.mv.krs.13056
de.mv.gem.13056012,gemeinde,de.mv.krs.13056
de.mv.gem.13056013,gemeinde,de.mv.krs.13056
de.mv.gem.13056014,gemeinde,de.mv.krs.13056
de.mv.gem.13056015,gemeinde,de.mv.krs.13056
de.mv.gem.13056017,gemeinde,de.mv.krs.13056
de.mv.gem.13056018,gemeinde,de.mv.krs.13056
de.mv.gem.13056019,gemeinde,de.mv.krs.13056
de.mv.gem.13056021,gemeinde,de.mv.krs.13056
de.mv.gem.13056022,gemeinde,de.mv.krs.13056
de.mv.gem.13056023,gemeinde,de.mv.krs.13056
de.mv.gem.13056024,gemeinde,de.mv.krs.13056
de.mv.gem.13056025,gemeinde,de.mv.krs.13056
de.mv.gem.13056026,gemeinde,de.mv.krs.13056
de.mv.gem.13056027,gemeinde,de.mv.krs.13056
de.mv.gem.13056028,gemeinde,de.mv.krs.13056
de.mv.gem.13056030,gemeinde,de.mv.krs.13056
de.mv.gem.13056031,gemeinde,de.mv.krs.13056
de.mv.gem.13056032,gemeinde,de.mv.krs.13056
de.mv.gem.13056034,gemeinde,de.mv.krs.13056
de.mv.gem.13056037,gemeinde,de.mv.krs.13056
de.mv.gem.13056038,gemeinde,de.mv.krs.13056
de.mv.gem.13056039,gemeinde,de.mv.krs.13056
de.mv.gem.13056040,gemeinde,de.mv.krs.13056
de.mv.gem.13056041,gemeinde,de.mv.krs.13056
de.mv.gem.13056044,gemeinde,de.mv.krs.13056
de.mv.gem.13056046,gemeinde,de.mv.krs.13056
de.mv.gem.13056049,gemeinde,de.mv.krs.13056
de.mv.gem.13056050,gemeinde,de.mv.krs.13056
de.mv.gem.13056051,gemeinde,de.mv.krs.13056
de.mv.gem.13056052,gemeinde,de.mv.krs.13056
de.mv.gem.13056057,gemeinde,de.mv.krs.13056
de.mv.gem.13056058,gemeinde,de.mv.krs.13056
de.mv.gem.13056059,gemeinde,de.mv.krs.13056
de.mv.gem.13056060,gemeinde,de.mv.krs.13056
de.mv.gem.13056062,gemeinde,de.mv.krs.13056
de.mv.gem.13056063,gemeinde,de.mv.krs.13056
de.mv.gem.13056064,gemeinde,de.mv.krs.13056
de.mv.gem.13056065,gemeinde,de.mv.krs.13056
de.mv.gem.13056066,gemeinde,de.mv.krs.13056
de.mv.gem.13056067,gemeinde,de.mv.krs.13056
de.mv.gem.13056068,gemeinde,de.mv.krs.13056
de.mv.gem.13056070,gemeinde,de.mv.krs.13056
de.mv.gem.13056071,gemeinde,de.mv.krs.13056
de.mv.gem.13056072,gemeinde,de.mv.krs.13056
de.mv.gem.13056073,gemeinde,de.mv.krs.13056
de.mv.gem.13056074,gemeinde,de.mv.krs.13056
de.mv.gem.13056075,gemeinde,de.mv.krs.13056
de.mv.gem.13056249,gemeinde,de.mv.krs.13056
de.mv.gem.13055004,gemeinde,de.mv.krs.13055
de.mv.gem.13055005,gemeinde,de.mv.krs.13055
de.mv.gem.13055011,gemeinde,de.mv.krs.13055
de.mv.gem.13055013,gemeinde,de.mv.krs.13055
de.mv.gem.13055014,gemeinde,de.mv.krs.13055
de.mv.gem.13055016,gemeinde,de.mv.krs.13055
de.mv.gem.13055017,gemeinde,de.mv.krs.13055
de.mv.gem.13055019,gemeinde,de.mv.krs.13055
de.mv.gem.13055023,gemeinde,de.mv.krs.13055
de.mv.gem.13055029,gemeinde,de.mv.krs.13055
de.mv.gem.13055032,gemeinde,de.mv.krs.13055
de.mv.gem.13055035,gemeinde,de.mv.krs.13055
de.mv.gem.13055037,gemeinde,de.mv.krs.13055
de.mv.gem.13055041,gemeinde,de.mv.krs.13055
de.mv.gem.13055042,gemeinde,de.mv.krs.13055
de.mv.gem.13055044,gemeinde,de.mv.krs.13055
de.mv.gem.13055045,gemeinde,de.mv.krs.13055
de.mv.gem.13055050,gemeinde,de.mv.krs.13055
de.mv.gem.13055055,gemeinde,de.mv.krs.13055
de.mv.gem.13055057,gemeinde,de.mv.krs.13055
de.mv.gem.13055058,gemeinde,de.mv.krs.13055
de.mv.gem.13055067,gemeinde,de.mv.krs.13055
de.mv.gem.13055070,gemeinde,de.mv.krs.13055
de.mv.gem.13055073,gemeinde,de.mv.krs.13055
de.mv.gem.13055074,gemeinde,de.mv.krs.13055
de.mv.gem.13055077,gemeinde,de.mv.krs.13055
de.mv.gem.13055080,gemeinde,de.mv.krs.13055
de.mv.gem.13055249,gemeinde,de.mv.krs.13055
de.mv.gem.13056008,gemeinde,de.mv.krs.13056
de.mv.gem.13056036,gemeinde,de.mv.krs.13056
de.mv.gem.13056045,gemeinde,de.mv.krs.13056
de.mv.gem.13056054,gemeinde,de.mv.krs.13056
de.mv.gem.13056056,gemeinde,de.mv.krs.13056
de.mv.gem.13056061,gemeinde,de.mv.krs.13056
de.mv.gem.13056069,gemeinde,de.mv.krs.13056
de.mv.gem.13055001,gemeinde,de.mv.krs.13055
de.mv.gem.13055002,gemeinde,de.mv.krs.13055
de.mv.gem.13055003,gemeinde,de.mv.krs.13055
de.mv.gem.13055006,gemeinde,de.mv.krs.13055
de.mv.gem.13055007,gemeinde,de.mv.krs.13055
de.mv.gem.13055008,gemeinde,de.mv.krs.13055
de.mv.gem.13055009,gemeinde,de.mv.krs.13055
de.mv.gem.13055010,gemeinde,de.mv.krs.13055
de.mv.gem.13055012,gemeinde,de.mv.krs.13055
de.mv.gem.13055015,gemeinde,de.mv.krs.13055
de.mv.gem.13055018,gemeinde,de.mv.krs.13055
de.mv.gem.13055020,gemeinde,de.mv.krs.13055
de.mv.gem.13055021,gemeinde,de.mv.krs.13055
de.mv.gem.13055022,gemeinde,de.mv.krs.13055
de.mv.gem.13055024,gemeinde,de.mv.krs.13055
de.mv.gem.13055025,gemeinde,de.mv.krs.13055
de.mv.gem.13055026,gemeinde,de.mv.krs.13055
de.mv.gem.13055027,gemeinde,de.mv.krs.13055
de.mv.gem.13055028,gemeinde,de.mv.krs.13055
de.mv.gem.13055030,gemeinde,de.mv.krs.13055
de.mv.gem.13055031,gemeinde,de.mv.krs.13055
de.mv.gem.13055033,gemeinde,de.mv.krs.13055
de.mv.gem.13055034,gemeinde,de.mv.krs.13055
de.mv.gem.13055036,gemeinde,de.mv.krs.13055
de.mv.gem.13055038,gemeinde,de.mv.krs.13055
de.mv.gem.13055039,gemeinde,de.mv.krs.13055
de.mv.gem.13055040,gemeinde,de.mv.krs.13055
de.mv.gem.13055043,gemeinde,de.mv.krs.13055
de.mv.gem.13055046,gemeinde,de.mv.krs.13055
de.mv.gem.13055047,gemeinde,de.mv.krs.13055
de.mv.gem.13055048,gemeinde,de.mv.krs.13055
de.mv.gem.13055049,gemeinde,de.mv.krs.13055
de.mv.gem.13055051,gemeinde,de.mv.krs.13055
de.mv.gem.13055052,gemeinde,de.mv.krs.13055
de.mv.gem.13055053,gemeinde,de.mv.krs.13055
de.mv.gem.13055054,gemeinde,de.mv.krs.13055
de.mv.gem.13055056,gemeinde,de.mv.krs.13055
de.mv.gem.13055059,gemeinde,de.mv.krs.13055
de.mv.gem.13055060,gemeinde,de.mv.krs.13055
de.mv.gem.13055061,gemeinde,de.mv.krs.13055
de.mv.gem.13055062,gemeinde,de.mv.krs.13055
de.mv.gem.13055063,gemeinde,de.mv.krs.13055
de.mv.gem.13055064,gemeinde,de.mv.krs.13055
de.mv.gem.13055065,gemeinde,de.mv.krs.13055
de.mv.gem.13055066,gemeinde,de.mv.krs.13055
de.mv.gem.13055068,gemeinde,de.mv.krs.13055
de.mv.gem.13055069,gemeinde,de.mv.krs.13055
de.mv.gem.13055071,gemeinde,de.mv.krs.13055
de.mv.gem.13055072,gemeinde,de.mv.krs.13055
de.mv.gem.13055075,gemeinde,de.mv.krs.13055
de.mv.gem.13055076,gemeinde,de.mv.krs.13055
de.mv.gem.13055078,gemeinde,de.mv.krs.13055
de.mv.gem.13055079,gemeinde,de.mv.krs.13055
de.mv.gem.13055081,gemeinde,de.mv.krs.13055
de.mv.gem.13056002,gemeinde,de.mv.krs.13056
de.mv.gem.13056006,gemeinde,de.mv.krs.13056
de.mv.gem.13056016,gemeinde,de.mv.krs.13056
de.mv.gem.13056020,gemeinde,de.mv.krs.13056
de.mv.gem.13056029,gemeinde,de.mv.krs.13056
de.mv.gem.13056033,gemeinde,de.mv.krs.13056
de.mv.gem.13056035,gemeinde,de.mv.krs.13056
de.mv.gem.13056042,gemeinde,de.mv.krs.13056
de.mv.gem.13056043,gemeinde,de.mv.krs.13056
de.mv.gem.13056047,gemeinde,de.mv.krs.13056
de.mv.gem.13056048,gemeinde,de.mv.krs.13056
de.mv.gem.13056053,gemeinde,de.mv.krs.13056
de.mv.gem.13056055,gemeinde,de.mv.krs.13056
de.mv.gem.13057001,gemeinde,de.mv.krs.13057
de.mv.gem.13057002,gemeinde,de.mv.krs.13057
de.mv.gem.13057003,gemeinde,de.mv.krs.13057
de.mv.gem.13057006,gemeinde,de.mv.krs.13057
de.mv.gem.13057007,gemeinde,de.mv.krs.13057
de.mv.gem.13057012,gemeinde,de.mv.krs.13057
de.mv.gem.13057013,gemeinde,de.mv.krs.13057
de.mv.gem.13057015,gemeinde,de.mv.krs.13057
de.mv.gem.13057016,gemeinde,de.mv.krs.13057
de.mv.gem.13057018,gemeinde,de.mv.krs.13057
de.mv.gem.13057019,gemeinde,de.mv.krs.13057
de.mv.gem.13057020,gemeinde,de.mv.krs.13057
de.mv.gem.13057022,gemeinde,de.mv.krs.13057
de.mv.gem.13057025,gemeinde,de.mv.krs.13057
de.mv.gem.13057026,gemeinde,de.mv.krs.13057
de.mv.gem.13057034,gemeinde,de.mv.krs.13057
de.mv.gem.13057044,gemeinde,de.mv.krs.13057
de.mv.gem.13057050,gemeinde,de.mv.krs.13057
de.mv.gem.13057053,gemeinde,de.mv.krs.13057
de.mv.gem.13057057,gemeinde,de.mv.krs.13057
de.mv.gem.13057068,gemeinde,de.mv.krs.13057
de.mv.gem.13057072,gemeinde,de.mv.krs.13057
de.mv.gem.13057074,gemeinde,de.mv.krs.13057
de.mv.gem.13057077,gemeinde,de.mv.krs.13057
de.mv.gem.13057078,gemeinde,de.mv.krs.13057
de.mv.gem.13057079,gemeinde,de.mv.krs.13057
de.mv.gem.13057086,gemeinde,de.mv.krs.13057
de.mv.gem.13057091,gemeinde,de.mv.krs.13057
de.mv.gem.13057094,gemeinde,de.mv.krs.13057
de.mv.gem.13057096,gemeinde,de.mv.krs.13057
de.mv.gem.13057249,gemeinde,de.mv.krs.13057
de.mv.gem.13057010,gemeinde,de.mv.krs.13057
de.mv.gem.13057011,gemeinde,de.mv.krs.13057
de.mv.gem.13057014,gemeinde,de.mv.krs.13057
de.mv.gem.13057017,gemeinde,de.mv.krs.13057
de.mv.gem.13057021,gemeinde,de.mv.krs.13057
de.mv.gem.13057024,gemeinde,de.mv.krs.13057
de.mv.gem.13057027,gemeinde,de.mv.krs.13057
de.mv.gem.13057028,gemeinde,de.mv.krs.13057
de.mv.gem.13057030,gemeinde,de.mv.krs.13057
de.mv.gem.13057031,gemeinde,de.mv.krs.13057
de.mv.gem.13057032,gemeinde,de.mv.krs.13057
de.mv.gem.13057033,gemeinde,de.mv.krs.13057
de.mv.gem.13057035,gemeinde,de.mv.krs.13057
de.mv.gem.13057036,gemeinde,de.mv.krs.13057
de.mv.gem.13057039,gemeinde,de.mv.krs.13057
de.mv.gem.13057040,gemeinde,de.mv.krs.13057
de.mv.gem.13057042,gemeinde,de.mv.krs.13057
de.mv.gem.13057046,gemeinde,de.mv.krs.13057
de.mv.gem.13057048,gemeinde,de.mv.krs.13057
de.mv.gem.13057058,gemeinde,de.mv.krs.13057
de.mv.gem.13057059,gemeinde,de.mv.krs.13057
de.mv.gem.13057061,gemeinde,de.mv.krs.13057
de.mv.gem.13057063,gemeinde,de.mv.krs.13057
de.mv.gem.13057065,gemeinde,de.mv.krs.13057
de.mv.gem.13057066,gemeinde,de.mv.krs.13057
de.mv.gem.13057071,gemeinde,de.mv.krs.13057
de.mv.gem.13057073,gemeinde,de.mv.krs.13057
de.mv.gem.13057075,gemeinde,de.mv.krs.13057
de.mv.gem.13057080,gemeinde,de.mv.krs.13057
de.mv.gem.13057081,gemeinde,de.mv.krs.13057
de.mv.gem.13057084,gemeinde,de.mv.krs.13057
de.mv.gem.13057085,gemeinde,de.mv.krs.13057
de.mv.gem.13057087,gemeinde,de.mv.krs.13057
de.mv.gem.13057088,gemeinde,de.mv.krs.13057
de.mv.gem.13057089,gemeinde,de.mv.krs.13057
de.mv.gem.13057092,gemeinde,de.mv.krs.13057
de.mv.gem.13057093,gemeinde,de.mv.krs.13057
de.mv.gem.13057095,gemeinde,de.mv.krs.13057
de.mv.gem.13005000,gemeinde,de.mv.krs.13005
de.mv.gem.13057005,gemeinde,de.mv.krs.13057
de.mv.gem.13057008,gemeinde,de.mv.krs.13057
de.mv.gem.13057009,gemeinde,de.mv.krs.13057
de.mv.gem.13057023,gemeinde,de.mv.krs.13057
de.mv.gem.13057029,gemeinde,de.mv.krs.13057
de.mv.gem.13057037,gemeinde,de.mv.krs.13057
de.mv.gem.13057038,gemeinde,de.mv.krs.13057
de.mv.gem.13057041,gemeinde,de.mv.krs.13057
de.mv.gem.13057043,gemeinde,de.mv.krs.13057
de.mv.gem.13057045,gemeinde,de.mv.krs.13057
de.mv.gem.13057047,gemeinde,de.mv.krs.13057
de.mv.gem.13057049,gemeinde,de.mv.krs.13057
de.mv.gem.13057051,gemeinde,de.mv.krs.13057
de.mv.gem.13057052,gemeinde,de.mv.krs.13057
de.mv.gem.13057054,gemeinde,de.mv.krs.13057
de.mv.gem.13057055,gemeinde,de.mv.krs.13057
de.mv.gem.13057056,gemeinde,de.mv.krs.13057
de.mv.gem.13057060,gemeinde,de.mv.krs.13057
de.mv.gem.13057062,gemeinde,de.mv.krs.13057
de.mv.gem.13057064,gemeinde,de.mv.krs.13057
de.mv.gem.13057067,gemeinde,de.mv.krs.13057
de.mv.gem.13057069,gemeinde,de.mv.krs.13057
de.mv.gem.13057070,gemeinde,de.mv.krs.13057
de.mv.gem.13057076,gemeinde,de.mv.krs.13057
de.mv.gem.13057082,gemeinde,de.mv.krs.13057
de.mv.gem.13057083,gemeinde,de.mv.krs.13057
de.mv.gem.13057090,gemeinde,de.mv.krs.13057
de.mv.gem.13058004,gemeinde,de.mv.krs.13058
de.mv.gem.13058008,gemeinde,de.mv.krs.13058
de.mv.gem.13058014,gemeinde,de.mv.krs.13058
de.mv.gem.13058015,gemeinde,de.mv.krs.13058
de.mv.gem.13058016,gemeinde,de.mv.krs.13058
de.mv.gem.13058017,gemeinde,de.mv.krs.13058
de.mv.gem.13058018,gemeinde,de.mv.krs.13058
de.mv.gem.13058019,gemeinde,de.mv.krs.13058
de.mv.gem.13058020,gemeinde,de.mv.krs.13058
de.mv.gem.13058021,gemeinde,de.mv.krs.13058
de.mv.gem.13058022,gemeinde,de.mv.krs.13058
de.mv.gem.13058023,gemeinde,de.mv.krs.13058
de.mv.gem.13058024,gemeinde,de.mv.krs.13058
de.mv.gem.13058026,gemeinde,de.mv.krs.13058
de.mv.gem.13058027,gemeinde,de.mv.krs.13058
de.mv.gem.13058028,gemeinde,de.mv.krs.13058
de.mv.gem.13058031,gemeinde,de.mv.krs.13058
de.mv.gem.13058032,gemeinde,de.mv.krs.13058
de.mv.gem.13058035,gemeinde,de.mv.krs.13058
de.mv.gem.13058038,gemeinde,de.mv.krs.13058
de.mv.gem.13058039,gemeinde,de.mv.krs.13058
de.mv.gem.13058040,gemeinde,de.mv.krs.13058
de.mv.gem.13058041,gemeinde,de.mv.krs.13058
de.mv.gem.13058043,gemeinde,de.mv.krs.13058
de.mv.gem.13058045,gemeinde,de.mv.krs.13058
de.mv.gem.13058046,gemeinde,de.mv.krs.13058
de.mv.gem.13058048,gemeinde,de.mv.krs.13058
de.mv.gem.13058052,gemeinde,de.mv.krs.13058
de.mv.gem.13058054,gemeinde,de.mv.krs.13058
de.mv.gem.13058055,gemeinde,de.mv.krs.13058
de.mv.gem.13058056,gemeinde,de.mv.krs.13058
de.mv.gem.13058058,gemeinde,de.mv.krs.13058
de.mv.gem.13058060,gemeinde,de.mv.krs.13058
de.mv.gem.13058061,gemeinde,de.mv.krs.13058
de.mv.gem.13058065,gemeinde,de.mv.krs.13058
de.mv.gem.13058066,gemeinde,de.mv.krs.13058
de.mv.gem.13058067,gemeinde,de.mv.krs.13058
de.mv.gem.13058068,gemeinde,de.mv.krs.13058
de.mv.gem.13058070,gemeinde,de.mv.krs.13058
de.mv.gem.13058071,gemeinde,de.mv.krs.13058
de.mv.gem.13058072,gemeinde,de.mv.krs.13058
de.mv.gem.13058075,gemeinde,de.mv.krs.13058
de.mv.gem.13058076,gemeinde,de.mv.krs.13058
de.mv.gem.13058077,gemeinde,de.mv.krs.13058
de.mv.gem.13058079,gemeinde,de.mv.krs.13058
de.mv.gem.13058081,gemeinde,de.mv.krs.13058
de.mv.gem.13058082,gemeinde,de.mv.krs.13058
de.mv.gem.13058083,gemeinde,de.mv.krs.13058
de.mv.gem.13058084,gemeinde,de.mv.krs.13058
de.mv.gem.13058085,gemeinde,de.mv.krs.13058
de.mv.gem.13058086,gemeinde,de.mv.krs.13058
de.mv.gem.13058087,gemeinde,de.mv.krs.13058
de.mv.gem.13058088,gemeinde,de.mv.krs.13058
de.mv.gem.13058089,gemeinde,de.mv.krs.13058
de.mv.gem.13058090,gemeinde,de.mv.krs.13058
de.mv.gem.13058091,gemeinde,de.mv.krs.13058
de.mv.gem.13058093,gemeinde,de.mv.krs.13058
de.mv.gem.13058094,gemeinde,de.mv.krs.13058
de.mv.gem.13058096,gemeinde,de.mv.krs.13058
de.mv.gem.13058097,gemeinde,de.mv.krs.13058
de.mv.gem.13058098,gemeinde,de.mv.krs.13058
de.mv.gem.13058099,gemeinde,de.mv.krs.13058
de.mv.gem.13058100,gemeinde,de.mv.krs.13058
de.mv.gem.13058101,gemeinde,de.mv.krs.13058
de.mv.gem.13058102,gemeinde,de.mv.krs.13058
de.mv.gem.13058104,gemeinde,de.mv.krs.13058
de.mv.gem.13058106,gemeinde,de.mv.krs.13058
de.mv.gem.13058107,gemeinde,de.mv.krs.13058
de.mv.gem.13058249,gemeinde,de.mv.krs.13058
de.mv.gem.13058001,gemeinde,de.mv.krs.13058
de.mv.gem.13058002,gemeinde,de.mv.krs.13058
de.mv.gem.13058003,gemeinde,de.mv.krs.13058
de.mv.gem.13058005,gemeinde,de.mv.krs.13058
de.mv.gem.13058006,gemeinde,de.mv.krs.13058
de.mv.gem.13058007,gemeinde,de.mv.krs.13058
de.mv.gem.13058009,gemeinde,de.mv.krs.13058
de.mv.gem.13058010,gemeinde,de.mv.krs.13058
de.mv.gem.13058011,gemeinde,de.mv.krs.13058
de.mv.gem.13058012,gemeinde,de.mv.krs.13058
de.mv.gem.13058013,gemeinde,de.mv.krs.13058
de.mv.gem.13058025,gemeinde,de.mv.krs.13058
de.mv.gem.13058029,gemeinde,de.mv.krs.13058
de.mv.gem.13058030,gemeinde,de.mv.krs.13058
de.mv.gem.13058033,gemeinde,de.mv.krs.13058
de.mv.gem.13058034,gemeinde,de.mv.krs.13058
de.mv.gem.13058036,gemeinde,de.mv.krs.13058
de.mv.gem.13058037,gemeinde,de.mv.krs.13058
de.mv.gem.13058042,gemeinde,de.mv.krs.13058
de.mv.gem.13058044,gemeinde,de.mv.krs.13058
de.mv.gem.13058047,gemeinde,de.mv.krs.13058
de.mv.gem.13058049,gemeinde,de.mv.krs.13058
de.mv.gem.13058050,gemeinde,de.mv.krs.13058
de.mv.gem.13058051,gemeinde,de.mv.krs.13058
de.mv.gem.13058053,gemeinde,de.mv.krs.13058
de.mv.gem.13058057,gemeinde,de.mv.krs.13058
de.mv.gem.13058059,gemeinde,de.mv.krs.13058
de.mv.gem.13058062,gemeinde,de.mv.krs.13058
de.mv.gem.13058063,gemeinde,de.mv.krs.13058
de.mv.gem.13058064,gemeinde,de.mv.krs.13058
de.mv.gem.13058069,gemeinde,de.mv.krs.13058
de.mv.gem.13058073,gemeinde,de.mv.krs.13058
de.mv.gem.13058074,gemeinde,de.mv.krs.13058
de.mv.gem.13058078,gemeinde,de.mv.krs.13058
de.mv.gem.13058080,gemeinde,de.mv.krs.13058
de.mv.gem.13058092,gemeinde,de.mv.krs.13058
de.mv.gem.13058095,gemeinde,de.mv.krs.13058
de.mv.gem.13058103,gemeinde,de.mv.krs.13058
de.mv.gem.13058105,gemeinde,de.mv.krs.13058
de.mv.gem.13058108,gemeinde,de.mv.krs.13058
de.mv.gem.13058109,gemeinde,de.mv.krs.13058
de.mv.gem.13058110,gemeinde,de.mv.krs.13058
de.mv.gem.13058111,gemeinde,de.mv.krs.13058
de.mv.gem.13059002,gemeinde,de.mv.krs.13059
de.mv.gem.13059003,gemeinde,de.mv.krs.13059
de.mv.gem.13059005,gemeinde,de.mv.krs.13059
de.mv.gem.13059006,gemeinde,de.mv.krs.13059
de.mv.gem.13059008,gemeinde,de.mv.krs.13059
de.mv.gem.13059009,gemeinde,de.mv.krs.13059
de.mv.gem.13059010,gemeinde,de.mv.krs.13059
de.mv.gem.13059013,gemeinde,de.mv.krs.13059
de.mv.gem.13059014,gemeinde,de.mv.krs.13059
de.mv.gem.13059015,gemeinde,de.mv.krs.13059
de.mv.gem.13059016,gemeinde,de.mv.krs.13059
de.mv.gem.13059018,gemeinde,de.mv.krs.13059
de.mv.gem.13059019,gemeinde,de.mv.krs.13059
de.mv.gem.13059020,gemeinde,de.mv.krs.13059
de.mv.gem.13059021,gemeinde,de.mv.krs.13059
de.mv.gem.13059023,gemeinde,de.mv.krs.13059
de.mv.gem.13059025,gemeinde,de.mv.krs.13059
de.mv.gem.13059026,gemeinde,de.mv.krs.13059
de.mv.gem.13059027,gemeinde,de.mv.krs.13059
de.mv.gem.13059028,gemeinde,de.mv.krs.13059
de.mv.gem.13059031,gemeinde,de.mv.krs.13059
de.mv.gem.13059033,gemeinde,de.mv.krs.13059
de.mv.gem.13059034,gemeinde,de.mv.krs.13059
de.mv.gem.13059035,gemeinde,de.mv.krs.13059
de.mv.gem.13059037,gemeinde,de.mv.krs.13059
de.mv.gem.13059041,gemeinde,de.mv.krs.13059
de.mv.gem.13059042,gemeinde,de.mv.krs.13059
de.mv.gem.13059045,gemeinde,de.mv.krs.13059
de.mv.gem.13059048,gemeinde,de.mv.krs.13059
de.mv.gem.13059049,gemeinde,de.mv.krs.13059
de.mv.gem.13059050,gemeinde,de.mv.krs.13059
de.mv.gem.13059051,gemeinde,de.mv.krs.13059
de.mv.gem.13059054,gemeinde,de.mv.krs.13059
de.mv.gem.13059056,gemeinde,de.mv.krs.13059
de.mv.gem.13059057,gemeinde,de.mv.krs.13059
de.mv.gem.13059058,gemeinde,de.mv.krs.13059
de.mv.gem.13059060,gemeinde,de.mv.krs.13059
de.mv.gem.13059062,gemeinde,de.mv.krs.13059
de.mv.gem.13059065,gemeinde,de.mv.krs.13059
de.mv.gem.13059066,gemeinde,de.mv.krs.13059
de.mv.gem.13059068,gemeinde,de.mv.krs.13059
de.mv.gem.13059070,gemeinde,de.mv.krs.13059
de.mv.gem.13059071,gemeinde,de.mv.krs.13059
de.mv.gem.13059072,gemeinde,de.mv.krs.13059
de.mv.gem.13059073,gemeinde,de.mv.krs.13059
de.mv.gem.13059074,gemeinde,de.mv.krs.13059
de.mv.gem.13059076,gemeinde,de.mv.krs.13059
de.mv.gem.13059077,gemeinde,de.mv.krs.13059
de.mv.gem.13059079,gemeinde,de.mv.krs.13059
de.mv.gem.13059080,gemeinde,de.mv.krs.13059
de.mv.gem.13059082,gemeinde,de.mv.krs.13059
de.mv.gem.13059083,gemeinde,de.mv.krs.13059
de.mv.gem.13059084,gemeinde,de.mv.krs.13059
de.mv.gem.13059086,gemeinde,de.mv.krs.13059
de.mv.gem.13059087,gemeinde,de.mv.krs.13059
de.mv.gem.13059089,gemeinde,de.mv.krs.13059
de.mv.gem.13059090,gemeinde,de.mv.krs.13059
de.mv.gem.13059091,gemeinde,de.mv.krs.13059
de.mv.gem.13059092,gemeinde,de.mv.krs.13059
de.mv.gem.13059093,gemeinde,de.mv.krs.13059
de.mv.gem.13059098,gemeinde,de.mv.krs.13059
de.mv.gem.13059099,gemeinde,de.mv.krs.13059
de.mv.gem.13059100,gemeinde,de.mv.krs.13059
de.mv.gem.13059102,gemeinde,de.mv.krs.13059
de.mv.gem.13059106,gemeinde,de.mv.krs.13059
de.mv.gem.13059108,gemeinde,de.mv.krs.13059
de.mv.gem.13059110,gemeinde,de.mv.krs.13059
de.mv.gem.13059249,gemeinde,de.mv.krs.13059
de.mv.gem.13059001,gemeinde,de.mv.krs.13059
de.mv.gem.13059004,gemeinde,de.mv.krs.13059
de.mv.gem.13059007,gemeinde,de.mv.krs.13059
de.mv.gem.13059011,gemeinde,de.mv.krs.13059
de.mv.gem.13059012,gemeinde,de.mv.krs.13059
de.mv.gem.13059017,gemeinde,de.mv.krs.13059
de.mv.gem.13059022,gemeinde,de.mv.krs.13059
de.mv.gem.13059024,gemeinde,de.mv.krs.13059
de.mv.gem.13059029,gemeinde,de.mv.krs.13059
de.mv.gem.13059030,gemeinde,de.mv.krs.13059
de.mv.gem.13059032,gemeinde,de.mv.krs.13059
de.mv.gem.13059036,gemeinde,de.mv.krs.13059
de.mv.gem.13059038,gemeinde,de.mv.krs.13059
de.mv.gem.13059039,gemeinde,de.mv.krs.13059
de.mv.gem.13059040,gemeinde,de.mv.krs.13059
de.mv.gem.13059043,gemeinde,de.mv.krs.13059
de.mv.gem.13059044,gemeinde,de.mv.krs.13059
de.mv.gem.13059046,gemeinde,de.mv.krs.13059
de.mv.gem.13059047,gemeinde,de.mv.krs.13059
de.mv.gem.13059052,gemeinde,de.mv.krs.13059
de.mv.gem.13059053,gemeinde,de.mv.krs.13059
de.mv.gem.13059055,gemeinde,de.mv.krs.13059
de.mv.gem.13059059,gemeinde,de.mv.krs.13059
de.mv.gem.13059061,gemeinde,de.mv.krs.13059
de.mv.gem.13059063,gemeinde,de.mv.krs.13059
de.mv.gem.13059064,gemeinde,de.mv.krs.13059
de.mv.gem.13059067,gemeinde,de.mv.krs.13059
de.mv.gem.13059069,gemeinde,de.mv.krs.13059
de.mv.gem.13059075,gemeinde,de.mv.krs.13059
de.mv.gem.13059078,gemeinde,de.mv.krs.13059
de.mv.gem.13059081,gemeinde,de.mv.krs.13059
de.mv.gem.13059085,gemeinde,de.mv.krs.13059
de.mv.gem.13059088,gemeinde,de.mv.krs.13059
de.mv.gem.13059094,gemeinde,de.mv.krs.13059
de.mv.gem.13059095,gemeinde,de.mv.krs.13059
de.mv.gem.13059096,gemeinde,de.mv.krs.13059
de.mv.gem.13059097,gemeinde,de.mv.krs.13059
de.mv.gem.13059101,gemeinde,de.mv.krs.13059
de.mv.gem.13059103,gemeinde,de.mv.krs.13059
de.mv.gem.13059104,gemeinde,de.mv.krs.13059
de.mv.gem.13059105,gemeinde,de.mv.krs.13059
de.mv.gem.13059107,gemeinde,de.mv.krs.13059
de.mv.gem.13059109,gemeinde,de.mv.krs.13059
de.mv.gem.13060002,gemeinde,de.mv.krs.13060
de.mv.gem.13060006,gemeinde,de.mv.krs.13060
de.mv.gem.13060019,gemeinde,de.mv.krs.13060
de.mv.gem.13060020,gemeinde,de.mv.krs.13060
de.mv.gem.13060021,gemeinde,de.mv.krs.13060
de.mv.gem.13060023,gemeinde,de.mv.krs.13060
de.mv.gem.13060028,gemeinde,de.mv.krs.13060
de.mv.gem.13060030,gemeinde,de.mv.krs.13060
de.mv.gem.13060033,gemeinde,de.mv.krs.13060
de.mv.gem.13060034,gemeinde,de.mv.krs.13060
de.mv.gem.13060036,gemeinde,de.mv.krs.13060
de.mv.gem.13060037,gemeinde,de.mv.krs.13060
de.mv.gem.13060038,gemeinde,de.mv.krs.13060
de.mv.gem.13060041,gemeinde,de.mv.krs.13060
de.mv.gem.13060042,gemeinde,de.mv.krs.13060
de.mv.gem.13060044,gemeinde,de.mv.krs.13060
de.mv.gem.13060049,gemeinde,de.mv.krs.13060
de.mv.gem.13060050,gemeinde,de.mv.krs.13060
de.mv.gem.13060051,gemeinde,de.mv.krs.13060
de.mv.gem.13060052,gemeinde,de.mv.krs.13060
de.mv.gem.13060056,gemeinde,de.mv.krs.13060
de.mv.gem.13060057,gemeinde,de.mv.krs.13060
de.mv.gem.13060061,gemeinde,de.mv.krs.13060
de.mv.gem.13060062,gemeinde,de.mv.krs.13060
de.mv.gem.13060066,gemeinde,de.mv.krs.13060
de.mv.gem.13060067,gemeinde,de.mv.krs.13060
de.mv.gem.13060071,gemeinde,de.mv.krs.13060
de.mv.gem.13060072,gemeinde,de.mv.krs.13060
de.mv.gem.13060074,gemeinde,de.mv.krs.13060
de.mv.gem.13060075,gemeinde,de.mv.krs.13060
de.mv.gem.13060076,gemeinde,de.mv.krs.13060
de.mv.gem.13060079,gemeinde,de.mv.krs.13060
de.mv.gem.13060081,gemeinde,de.mv.krs.13060
de.mv.gem.13060083,gemeinde,de.mv.krs.13060
de.mv.gem.13060086,gemeinde,de.mv.krs.13060
de.mv.gem.13060091,gemeinde,de.mv.krs.13060
de.mv.gem.13060249,gemeinde,de.mv.krs.13060
de.mv.gem.13060001,gemeinde,de.mv.krs.13060
de.mv.gem.13060003,gemeinde,de.mv.krs.13060
de.mv.gem.13060004,gemeinde,de.mv.krs.13060
de.mv.gem.13060005,gemeinde,de.mv.krs.13060
de.mv.gem.13060007,gemeinde,de.mv.krs.13060
de.mv.gem.13060008,gemeinde,de.mv.krs.13060
de.mv.gem.13060009,gemeinde,de.mv.krs.13060
de.mv.gem.13060010,gemeinde,de.mv.krs.13060
de.mv.gem.13060011,gemeinde,de.mv.krs.13060
de.mv.gem.13060012,gemeinde,de.mv.krs.13060
de.mv.gem.13060013,gemeinde,de.mv.krs.13060
de.mv.gem.13060014,gemeinde,de.mv.krs.13060
de.mv.gem.13060015,gemeinde,de.mv.krs.13060
de.mv.gem.13060016,gemeinde,de.mv.krs.13060
de.mv.gem.13060017,gemeinde,de.mv.krs.13060
de.mv.gem.13060018,gemeinde,de.mv.krs.13060
de.mv.gem.13060022,gemeinde,de.mv.krs.13060
de.mv.gem.13060024,gemeinde,de.mv.krs.13060
de.mv.gem.13060025,gemeinde,de.mv.krs.13060
de.mv.gem.13060026,gemeinde,de.mv.krs.13060
de.mv.gem.13060027,gemeinde,de.mv.krs.13060
de.mv.gem.13060029,gemeinde,de.mv.krs.13060
de.mv.gem.13060031,gemeinde,de.mv.krs.13060
de.mv.gem.13060032,gemeinde,de.mv.krs.13060
de.mv.gem.13060035,gemeinde,de.mv.krs.13060
de.mv.gem.13060039,gemeinde,de.mv.krs.13060
de.mv.gem.13060040,gemeinde,de.mv.krs.13060
de.mv.gem.13060043,gemeinde,de.mv.krs.13060
de.mv.gem.13060045,gemeinde,de.mv.krs.13060
de.mv.gem.13060046,gemeinde,de.mv.krs.13060
de.mv.gem.13060047,gemeinde,de.mv.krs.13060
de.mv.gem.13060048,gemeinde,de.mv.krs.13060
de.mv.gem.13060053,gemeinde,de.mv.krs.13060
de.mv.gem.13060054,gemeinde,de.mv.krs.13060
de.mv.gem.13060055,gemeinde,de.mv.krs.13060
de.mv.gem.13060058,gemeinde,de.mv.krs.13060
de.mv.gem.13060059,gemeinde,de.mv.krs.13060
de.mv.gem.13060060,gemeinde,de.mv.krs.13060
de.mv.gem.13060063,gemeinde,de.mv.krs.13060
de.mv.gem.13060064,gemeinde,de.mv.krs.13060
de.mv.gem.13060065,gemeinde,de.mv.krs.13060
de.mv.gem.13060068,gemeinde,de.mv.krs.13060
de.mv.gem.13060069,gemeinde,de.mv.krs.13060
de.mv.gem.13060070,gemeinde,de.mv.krs.13060
de.mv.gem.13060073,gemeinde,de.mv.krs.13060
de.mv.gem.13060077,gemeinde,de.mv.krs.13060
de.mv.gem.13060078,gemeinde,de.mv.krs.13060
de.mv.gem.13060080,gemeinde,de.mv.krs.13060
de.mv.gem.13060082,gemeinde,de.mv.krs.13060
de.mv.gem.13060084,gemeinde,de.mv.krs.13060
de.mv.gem.13060085,gemeinde,de.mv.krs.13060
de.mv.gem.13060087,gemeinde,de.mv.krs.13060
de.mv.gem.13060088,gemeinde,de.mv.krs.13060
de.mv.gem.13060089,gemeinde,de.mv.krs.13060
de.mv.gem.13060090,gemeinde,de.mv.krs.13060
de.mv.gem.13060092,gemeinde,de.mv.krs.13060
de.mv.gem.13061001,gemeinde,de.mv.krs.13061
de.mv.gem.13061004,gemeinde,de.mv.krs.13061
de.mv.gem.13061007,gemeinde,de.mv.krs.13061
de.mv.gem.13061009,gemeinde,de.mv.krs.13061
de.mv.gem.13061011,gemeinde,de.mv.krs.13061
de.mv.gem.13061012,gemeinde,de.mv.krs.13061
de.mv.gem.13061015,gemeinde,de.mv.krs.13061
de.mv.gem.13061016,gemeinde,de.mv.krs.13061
de.mv.gem.13061017,gemeinde,de.mv.krs.13061
de.mv.gem.13061018,gemeinde,de.mv.krs.13061
de.mv.gem.13061019,gemeinde,de.mv.krs.13061
de.mv.gem.13061021,gemeinde,de.mv.krs.13061
de.mv.gem.13061024,gemeinde,de.mv.krs.13061
de.mv.gem.13061025,gemeinde,de.mv.krs.13061
de.mv.gem.13061026,gemeinde,de.mv.krs.13061
de.mv.gem.13061027,gemeinde,de.mv.krs.13061
de.mv.gem.13061030,gemeinde,de.mv.krs.13061
de.mv.gem.13061031,gemeinde,de.mv.krs.13061
de.mv.gem.13061032,gemeinde,de.mv.krs.13061
de.mv.gem.13061034,gemeinde,de.mv.krs.13061
de.mv.gem.13061036,gemeinde,de.mv.krs.13061
de.mv.gem.13061037,gemeinde,de.mv.krs.13061
de.mv.gem.13061039,gemeinde,de.mv.krs.13061
de.mv.gem.13061041,gemeinde,de.mv.krs.13061
de.mv.gem.13061042,gemeinde,de.mv.krs.13061
de.mv.gem.13061044,gemeinde,de.mv.krs.13061
de.mv.gem.13061045,gemeinde,de.mv.krs.13061
de.mv.gem.13061249,gemeinde,de.mv.krs.13061
de.mv.gem.13061002,gemeinde,de.mv.krs.13061
de.mv.gem.13061003,gemeinde,de.mv.krs.13061
de.mv.gem.13061005,gemeinde,de.mv.krs.13061
de.mv.gem.13061006,gemeinde,de.mv.krs.13061
de.mv.gem.13061008,gemeinde,de.mv.krs.13061
de.mv.gem.13061010,gemeinde,de.mv.krs.13061
de.mv.gem.13061013,gemeinde,de.mv.krs.13061
de.mv.gem.13061014,gemeinde,de.mv.krs.13061
de.mv.gem.13061020,gemeinde,de.mv.krs.13061
de.mv.gem.13061022,gemeinde,de.mv.krs.13061
de.mv.gem.13061023,gemeinde,de.mv.krs.13061
de.mv.gem.13061028,gemeinde,de.mv.krs.13061
de.mv.gem.13061029,gemeinde,de.mv.krs.13061
de.mv.gem.13061033,gemeinde,de.mv.krs.13061
de.mv.gem.13061035,gemeinde,de.mv.krs.13061
de.mv.gem.13061038,gemeinde,de.mv.krs.13061
de.mv.gem.13061040,gemeinde,de.mv.krs.13061
de.mv.gem.13061043,gemeinde,de.mv.krs.13061
de.mv.gem.13062001,gemeinde,de.mv.krs.13062
de.mv.gem.13062002,gemeinde,de.mv.krs.13062
de.mv.gem.13062003,gemeinde,de.mv.krs.13062
de.mv.gem.13062012,gemeinde,de.mv.krs.13062
de.mv.gem.13062014,gemeinde,de.mv.krs.13062
de.mv.gem.13062017,gemeinde,de.mv.krs.13062
de.mv.gem.13062021,gemeinde,de.mv.krs.13062
de.mv.gem.13062022,gemeinde,de.mv.krs.13062
de.mv.gem.13062023,gemeinde,de.mv.krs.13062
de.mv.gem.13062024,gemeinde,de.mv.krs.13062
de.mv.gem.13062031,gemeinde,de.mv.krs.13062
de.mv.gem.13062032,gemeinde,de.mv.krs.13062
de.mv.gem.13062034,gemeinde,de.mv.krs.13062
de.mv.gem.13062036,gemeinde,de.mv.krs.13062
de.mv.gem.13062038,gemeinde,de.mv.krs.13062
de.mv.gem.13062048,gemeinde,de.mv.krs.13062
de.mv.gem.13062051,gemeinde,de.mv.krs.13062
de.mv.gem.13062057,gemeinde,de.mv.krs.13062
de.mv.gem.13062058,gemeinde,de.mv.krs.13062
de.mv.gem.13062059,gemeinde,de.mv.krs.13062
de.mv.gem.13062061,gemeinde,de.mv.krs.13062
de.mv.gem.13062062,gemeinde,de.mv.krs.13062
de.mv.gem.13062249,gemeinde,de.mv.krs.13062
de.mv.gem.13062004,gemeinde,de.mv.krs.13062
de.mv.gem.13062005,gemeinde,de.mv.krs.13062
de.mv.gem.13062006,gemeinde,de.mv.krs.13062
de.mv.gem.13062007,gemeinde,de.mv.krs.13062
de.mv.gem.13062008,gemeinde,de.mv.krs.13062
de.mv.gem.13062009,gemeinde,de.mv.krs.13062
de.mv.gem.13062010,gemeinde,de.mv.krs.13062
de.mv.gem.13062011,gemeinde,de.mv.krs.13062
de.mv.gem.13062013,gemeinde,de.mv.krs.13062
de.mv.gem.13062015,gemeinde,de.mv.krs.13062
de.mv.gem.13062016,gemeinde,de.mv.krs.13062
de.mv.gem.13062018,gemeinde,de.mv.krs.13062
de.mv.gem.13062019,gemeinde,de.mv.krs.13062
de.mv.gem.13062020,gemeinde,de.mv.krs.13062
de.mv.gem.13062025,gemeinde,de.mv.krs.13062
de.mv.gem.13062026,gemeinde,de.mv.krs.13062
de.mv.gem.13062027,gemeinde,de.mv.krs.13062
de.mv.gem.13062028,gemeinde,de.mv.krs.13062
de.mv.gem.13062029,gemeinde,de.mv.krs.13062
de.mv.gem.13062030,gemeinde,de.mv.krs.13062
de.mv.gem.13062033,gemeinde,de.mv.krs.13062
de.mv.gem.13062035,gemeinde,de.mv.krs.13062
de.mv.gem.13062037,gemeinde,de.mv.krs.13062
de.mv.gem.13062039,gemeinde,de.mv.krs.13062
de.mv.gem.13062040,gemeinde,de.mv.krs.13062
de.mv.gem.13062041,gemeinde,de.mv.krs.13062
de.mv.gem.13062042,gemeinde,de.mv.krs.13062
de.mv.gem.13062043,gemeinde,de.mv.krs.13062
de.mv.gem.13062044,gemeinde,de.mv.krs.13062
de.mv.gem.13062045,gemeinde,de.mv.krs.13062
de.mv.gem.13062046,gemeinde,de.mv.krs.13062
de.mv.gem.13062047,gemeinde,de.mv.krs.13062
de.mv.gem.13062049,gemeinde,de.mv.krs.13062
de.mv.gem.13062050,gemeinde,de.mv.krs.13062
de.mv.gem.13062052,gemeinde,de.mv.krs.13062
de.mv.gem.13062053,gemeinde,de.mv.krs.13062
de.mv.gem.13062054,gemeinde,de.mv.krs.13062
de.mv.gem.13062055,gemeinde,de.mv.krs.13062
de.mv.gem.13062056,gemeinde,de.mv.krs.13062
de.mv.gem.13062060,gemeinde,de.mv.krs.13062
de.mv.gem.13062063,gemeinde,de.mv.krs.13062
de.mv.gem.13062064,gemeinde,de.mv.krs.13062
de.mv.gem.13062065,gemeinde,de.mv.krs.13062
de.mv.wk.001.gem.13001000.wbz.001,wahlbezirk,de.mv.gem.13001000
de.mv.wk.001.gem.13001000.wbz.002,wahlbezirk,de.mv.gem.13001000
de.mv.wk.001.gem.13001000.wbz.003,wahlbezirk,de.mv.gem.13001000
de.mv.wk.001.gem.13001000.wbz.004,wahlbezirk,de.mv.gem.13001000
de.mv.wk.001.gem.13001000.wbz.005,wahlbezirk,de.mv.gem.13001000
de.mv.wk.001.gem.13001000.wbz.006,wahlbezirk,de.mv.gem.13001000
de.mv.wk.001.gem.13001000.wbz.007,wahlbezirk,de.mv.gem.13001000
de.mv.wk.001.gem.13001000.wbz.008,wahlbezirk,de.mv.gem.13001000
de.mv.wk.001.gem.13001000.wbz.009,wahlbezirk,de.mv.gem.13001000
de.mv.wk.001.gem.13001000.wbz.010,wahlbezirk,de.mv.gem.13001000
de.mv.wk.001.gem.13001000.wbz.011,wahlbezirk,de.mv.gem.13001000
de.mv.wk.001.gem.13001000.wbz.012,wahlbezirk,de.mv.gem.13001000
de.mv.wk.001.gem.13001000.wbz.013,wahlbezirk,de.mv.gem.13001000
de.mv.wk.001.gem.13001000.wbz.014,wahlbezirk,de.mv.gem.13001000
de.mv.wk.001.gem.13001000.wbz.015,wahlbezirk,de.mv.gem.13001000
de.mv.wk.001.gem.13001000.wbz.016,wahlbezirk,de.mv.gem.13001000
de.mv.wk.001.gem.13001000.wbz.017,wahlbezirk,de.mv.gem.13001000
de.mv.wk.001.gem.13001000.wbz.018,wahlbezirk,de.mv.gem.13001000
de.mv.wk.001.gem.13001000.wbz.019,wahlbezirk,de.mv.gem.13001000
de.mv.wk.001.gem.13001000.wbz.020,wahlbezirk,de.mv.gem.13001000
de.mv.wk.001.gem.13001000.wbz.021,wahlbezirk,de.mv.gem.13001000
de.mv.wk.001.gem.13001000.wbz.022,wahlbezirk,de.mv.gem.13001000
de.mv.wk.001.gem.13001000.wbz.023,wahlbezirk,de.mv.gem.13001000
de.mv.wk.001.gem.13001000.wbz.024,wahlbezirk,de.mv.gem.13001000
de.mv.wk.001.gem.13001000.wbz.025,wahlbezirk,de.mv.gem.13001000
de.mv.wk.001.gem.13001000.wbz.026,wahlbezirk,de.mv.gem.13001000
de.mv.wk.001.gem.13001000.wbz.027,wahlbezirk,de.mv.gem.13001000
de.mv.wk.001.gem.13001000.wbz.028,wahlbezirk,de.mv.gem.13001000
de.mv.wk.001.gem.13001000.wbz.029,wahlbezirk,de.mv.gem.13001000
de.mv.wk.001.gem.13001000.wbz.030,wahlbezirk,de.mv.gem.13001000
de.mv.wk.001.gem.13001000.wbz.031,wahlbezirk,de.mv.gem.13001000
de.mv.wk.001.gem.13001000.wbz.032,wahlbezirk,de.mv.gem.13001000
de.mv.wk.001.gem.13001000.wbz.033,wahlbezirk,de.mv.gem.13001000
de.mv.wk.001.gem.13001000.wbz.034,wahlbezirk,de.mv.gem.13001000
de.mv.wk.001.gem.13001000.wbz.035,wahlbezirk,de.mv.gem.13001000
de.mv.wk.001.gem.13001000.wbz.036,wahlbezirk,de.mv.gem.13001000
de.mv.wk.001.gem.13001000.wbz.037,wahlbezirk,de.mv.gem.13001000
de.mv.wk.001.gem.13001000.wbz.038,wahlbezirk,de.mv.gem.13001000
de.mv.wk.001.gem.13001000.wbz.039,wahlbezirk,de.mv.gem.13001000
de.mv.wk.001.gem.13001000.wbz.040,wahlbezirk,de.mv.gem.13001000
de.mv.wk.001.gem.13001000.wbz.041,wahlbezirk,de.mv.gem.13001000
de.mv.wk.001.gem.13001000.wbz.042,wahlbezirk,de.mv.gem.13001000
de.mv.wk.001.gem.13001000.wbz.043,wahlbezirk,de.mv.gem.13001000
de.mv.wk.001.gem.13001000.wbz.044,wahlbezirk,de.mv.gem.13001000
de.mv.wk.001.gem.13001000.wbz.045,wahlbezirk,de.mv.gem.13001000
de.mv.wk.001.gem.13001000.wbz.046,wahlbezirk,de.mv.gem.13001000
de.mv.wk.001.gem.13001000.wbz.047,wahlbezirk,de.mv.gem.13001000
de.mv.wk.001.gem.13001000.wbz.901,briefwahlbezirk,de.mv.gem.13001000
de.mv.wk.001.gem.13001000.wbz.902,briefwahlbezirk,de.mv.gem.13001000
de.mv.wk.001.gem.13001000.wbz.903,briefwahlbezirk,de.mv.gem.13001000
de.mv.wk.001.gem.13001000.wbz.904,briefwahlbezirk,de.mv.gem.13001000
de.mv.wk.001.gem.13001000.wbz.905,briefwahlbezirk,de.mv.gem.13001000
de.mv.wk.002.gem.13002000.wbz.001,wahlbezirk,de.mv.gem.13002000
de.mv.wk.002.gem.13002000.wbz.002,wahlbezirk,de.mv.gem.13002000
de.mv.wk.002.gem.13002000.wbz.003,wahlbezirk,de.mv.gem.13002000
de.mv.wk.002.gem.13002000.wbz.004,wahlbezirk,de.mv.gem.13002000
de.mv.wk.002.gem.13002000.wbz.005,wahlbezirk,de.mv.gem.13002000
de.mv.wk.002.gem.13002000.wbz.006,wahlbezirk,de.mv.gem.13002000
de.mv.wk.002.gem.13002000.wbz.007,wahlbezirk,de.mv.gem.13002000
de.mv.wk.002.gem.13002000.wbz.008,wahlbezirk,de.mv.gem.13002000
de.mv.wk.002.gem.13002000.wbz.009,wahlbezirk,de.mv.gem.13002000
de.mv.wk.002.gem.13002000.wbz.010,wahlbezirk,de.mv.gem.13002000
de.mv.wk.002.gem.13002000.wbz.011,wahlbezirk,de.mv.gem.13002000
de.mv.wk.002.gem.13002000.wbz.012,wahlbezirk,de.mv.gem.13002000
de.mv.wk.002.gem.13002000.wbz.013,wahlbezirk,de.mv.gem.13002000
de.mv.wk.002.gem.13002000.wbz.014,wahlbezirk,de.mv.gem.13002000
de.mv.wk.002.gem.13002000.wbz.015,wahlbezirk,de.mv.gem.13002000
de.mv.wk.002.gem.13002000.wbz.016,wahlbezirk,de.mv.gem.13002000
de.mv.wk.002.gem.13002000.wbz.017,wahlbezirk,de.mv.gem.13002000
de.mv.wk.002.gem.13002000.wbz.048,wahlbezirk,de.mv.gem.13002000
de.mv.wk.002.gem.13002000.wbz.049,wahlbezirk,de.mv.gem.13002000
de.mv.wk.002.gem.13002000.wbz.050,wahlbezirk,de.mv.gem.13002000
de.mv.wk.002.gem.13002000.wbz.051,wahlbezirk,de.mv.gem.13002000
de.mv.wk.002.gem.13002000.wbz.052,wahlbezirk,de.mv.gem.13002000
de.mv.wk.002.gem.13002000.wbz.053,wahlbezirk,de.mv.gem.13002000
de.mv.wk.002.gem.13002000.wbz.054,wahlbezirk,de.mv.gem.13002000
de.mv.wk.002.gem.13002000.wbz.055,wahlbezirk,de.mv.gem.13002000
de.mv.wk.002.gem.13002000.wbz.056,wahlbezirk,de.mv.gem.13002000
de.mv.wk.002.gem.13002000.wbz.057,wahlbezirk,de.mv.gem.13002000
de.mv.wk.002.gem.13002000.wbz.058,wahlbezirk,de.mv.gem.13002000
de.mv.wk.002.gem.13002000.wbz.059,wahlbezirk,de.mv.gem.13002000
de.mv.wk.002.gem.13002000.wbz.060,wahlbezirk,de.mv.gem.13002000
de.mv.wk.002.gem.13002000.wbz.921,briefwahlbezirk,de.mv.gem.13002000
de.mv.wk.002.gem.13002000.wbz.922,briefwahlbezirk,de.mv.gem.13002000
de.mv.wk.002.gem.13002000.wbz.923,briefwahlbezirk,de.mv.gem.13002000
de.mv.wk.002.gem.13002000.wbz.924,briefwahlbezirk,de.mv.gem.13002000
de.mv.wk.003.gem.13002000.wbz.018,wahlbezirk,de.mv.gem.13002000
de.mv.wk.003.gem.13002000.wbz.019,wahlbezirk,de.mv.gem.13002000
de.mv.wk.003.gem.13002000.wbz.020,wahlbezirk,de.mv.gem.13002000
de.mv.wk.003.gem.13002000.wbz.021,wahlbezirk,de.mv.gem.13002000
de.mv.wk.003.gem.13002000.wbz.022,wahlbezirk,de.mv.gem.13002000
de.mv.wk.003.gem.13002000.wbz.023,wahlbezirk,de.mv.gem.13002000
de.mv.wk.003.gem.13002000.wbz.024,wahlbezirk,de.mv.gem.13002000
de.mv.wk.003.gem.13002000.wbz.025,wahlbezirk,de.mv.gem.13002000
de.mv.wk.003.gem.13002000.wbz.026,wahlbezirk,de.mv.gem.13002000
de.mv.wk.003.gem.13002000.wbz.027,wahlbezirk,de.mv.gem.13002000
de.mv.wk.003.gem.13002000.wbz.028,wahlbezirk,de.mv.gem.13002000
de.mv.wk.003.gem.13002000.wbz.029,wahlbezirk,de.mv.gem.13002000
de.mv.wk.003.gem.13002000.wbz.030,wahlbezirk,de.mv.gem.13002000
de.mv.wk.003.gem.13002000.wbz.031,wahlbezirk,de.mv.gem.13002000
de.mv.wk.003.gem.13002000.wbz.032,wahlbezirk,de.mv.gem.13002000
de.mv.wk.003.gem.13002000.wbz.033,wahlbezirk,de.mv.gem.13002000
de.mv.wk.003.gem.13002000.wbz.034,wahlbezirk,de.mv.gem.13002000
de.mv.wk.003.gem.13002000.wbz.035,wahlbezirk,de.mv.gem.13002000
de.mv.wk.003.gem.13002000.wbz.036,wahlbezirk,de.mv.gem.13002000
de.mv.wk.003.gem.13002000.wbz.037,wahlbezirk,de.mv.gem.13002000
de.mv.wk.003.gem.13002000.wbz.038,wahlbezirk,de.mv.gem.13002000
de.mv.wk.003.gem.13002000.wbz.039,wahlbezirk,de.mv.gem.13002000
de.mv.wk.003.gem.13002000.wbz.040,wahlbezirk,de.mv.gem.13002000
de.mv.wk.003.gem.13002000.wbz.041,wahlbezirk,de.mv.gem.13002000
de.mv.wk.003.gem.13002000.wbz.042,wahlbezirk,de.mv.gem.13002000
de.mv.wk.003.gem.13002000.wbz.043,wahlbezirk,de.mv.gem.13002000
de.mv.wk.003.gem.13002000.wbz.044,wahlbezirk,de.mv.gem.13002000
de.mv.wk.003.gem.13002000.wbz.045,wahlbezirk,de.mv.gem.13002000
de.mv.wk.003.gem.13002000.wbz.046,wahlbezirk,de.mv.gem.13002000
de.mv.wk.003.gem.13002000.wbz.047,wahlbezirk,de.mv.gem.13002000
de.mv.wk.003.gem.13002000.wbz.931,briefwahlbezirk,de.mv.gem.13002000
de.mv.wk.003.gem.13002000.wbz.932,briefwahlbezirk,de.mv.gem.13002000
de.mv.wk.003.gem.13002000.wbz.933,briefwahlbezirk,de.mv.gem.13002000
de.mv.wk.003.gem.13002000.wbz.934,briefwahlbezirk,de.mv.gem.13002000
de.mv.wk.004.gem.13003000.wbz.001,wahlbezirk,de.mv.gem.13003000
de.mv.wk.004.gem.13003000.wbz.002,wahlbezirk,de.mv.gem.13003000
de.mv.wk.004.gem.13003000.wbz.003,wahlbezirk,de.mv.gem.13003000
de.mv.wk.004.gem.13003000.wbz.004,wahlbezirk,de.mv.gem.13003000
de.mv.wk.004.gem.13003000.wbz.005,wahlbezirk,de.mv.gem.13003000
de.mv.wk.004.gem.13003000.wbz.006,wahlbezirk,de.mv.gem.13003000
de.mv.wk.004.gem.13003000.wbz.007,wahlbezirk,de.mv.gem.13003000
de.mv.wk.004.gem.13003000.wbz.008,wahlbezirk,de.mv.gem.13003000
de.mv.wk.004.gem.13003000.wbz.009,wahlbezirk,de.mv.gem.13003000
de.mv.wk.004.gem.13003000.wbz.010,wahlbezirk,de.mv.gem.13003000
de.mv.wk.004.gem.13003000.wbz.011,wahlbezirk,de.mv.gem.13003000
de.mv.wk.004.gem.13003000.wbz.012,wahlbezirk,de.mv.gem.13003000
de.mv.wk.004.gem.13003000.wbz.013,wahlbezirk,de.mv.gem.13003000
de.mv.wk.004.gem.13003000.wbz.014,wahlbezirk,de.mv.gem.13003000
de.mv.wk.004.gem.13003000.wbz.015,wahlbezirk,de.mv.gem.13003000
de.mv.wk.004.gem.13003000.wbz.016,wahlbezirk,de.mv.gem.13003000
de.mv.wk.004.gem.13003000.wbz.017,wahlbezirk,de.mv.gem.13003000
de.mv.wk.004.gem.13003000.wbz.018,wahlbezirk,de.mv.gem.13003000
de.mv.wk.004.gem.13003000.wbz.019,wahlbezirk,de.mv.gem.13003000
de.mv.wk.004.gem.13003000.wbz.020,wahlbezirk,de.mv.gem.13003000
de.mv.wk.004.gem.13003000.wbz.021,wahlbezirk,de.mv.gem.13003000
de.mv.wk.004.gem.13003000.wbz.022,wahlbezirk,de.mv.gem.13003000
de.mv.wk.004.gem.13003000.wbz.023,wahlbezirk,de.mv.gem.13003000
de.mv.wk.004.gem.13003000.wbz.024,wahlbezirk,de.mv.gem.13003000
de.mv.wk.004.gem.13003000.wbz.025,wahlbezirk,de.mv.gem.13003000
de.mv.wk.004.gem.13003000.wbz.026,wahlbezirk,de.mv.gem.13003000
de.mv.wk.004.gem.13003000.wbz.027,wahlbezirk,de.mv.gem.13003000
de.mv.wk.004.gem.13003000.wbz.028,wahlbezirk,de.mv.gem.13003000
de.mv.wk.004.gem.13003000.wbz.029,wahlbezirk,de.mv.gem.13003000
de.mv.wk.004.gem.13003000.wbz.030,wahlbezirk,de.mv.gem.13003000
de.mv.wk.004.gem.13003000.wbz.031,wahlbezirk,de.mv.gem.13003000
de.mv.wk.004.gem.13003000.wbz.032,wahlbezirk,de.mv.gem.13003000
de.mv.wk.004.gem.13003000.wbz.033,wahlbezirk,de.mv.gem.13003000
de.mv.wk.004.gem.13003000.wbz.034,wahlbezirk,de.mv.gem.13003000
de.mv.wk.004.gem.13003000.wbz.062,wahlbezirk,de.mv.gem.13003000
de.mv.wk.004.gem.13003000.wbz.063,wahlbezirk,de.mv.gem.13003000
de.mv.wk.004.gem.13003000.wbz.064,wahlbezirk,de.mv.gem.13003000
de.mv.wk.004.gem.13003000.wbz.065,wahlbezirk,de.mv.gem.13003000
de.mv.wk.004.gem.13003000.wbz.066,wahlbezirk,de.mv.gem.13003000
de.mv.wk.004.gem.13003000.wbz.067,wahlbezirk,de.mv.gem.13003000
de.mv.wk.004.gem.13003000.wbz.068,wahlbezirk,de.mv.gem.13003000
de.mv.wk.004.gem.13003000.wbz.069,wahlbezirk,de.mv.gem.13003000
de.mv.wk.004.gem.13003000.wbz.901,briefwahlbezirk,de.mv.gem.13003000
de.mv.wk.004.gem.13003000.wbz.902,briefwahlbezirk,de.mv.gem.13003000
de.mv.wk.004.gem.13003000.wbz.903,briefwahlbezirk,de.mv.gem.13003000
de.mv.wk.005.gem.13003000.wbz.035,wahlbezirk,de.mv.gem.13003000
de.mv.wk.005.gem.13003000.wbz.036,wahlbezirk,de.mv.gem.13003000
de.mv.wk.005.gem.13003000.wbz.037,wahlbezirk,de.mv.gem.13003000
de.mv.wk.005.gem.13003000.wbz.038,wahlbezirk,de.mv.gem.13003000
de.mv.wk.005.gem.13003000.wbz.039,wahlbezirk,de.mv.gem.13003000
de.mv.wk.005.gem.13003000.wbz.040,wahlbezirk,de.mv.gem.13003000
de.mv.wk.005.gem.13003000.wbz.041,wahlbezirk,de.mv.gem.13003000
de.mv.wk.005.gem.13003000.wbz.042,wahlbezirk,de.mv.gem.13003000
de.mv.wk.005.gem.13003000.wbz.043,wahlbezirk,de.mv.gem.13003000
de.mv.wk.005.gem.13003000.wbz.044,wahlbezirk,de.mv.gem.13003000
de.mv.wk.005.gem.13003000.wbz.045,wahlbezirk,de.mv.gem.13003000
de.mv.wk.005.gem.13003000.wbz.046,wahlbezirk,de.mv.gem.13003000
de.mv.wk.005.gem.13003000.wbz.047,wahlbezirk,de.mv.gem.13003000
de.mv.wk.005.gem.13003000.wbz.048,wahlbezirk,de.mv.gem.13003000
de.mv.wk.005.gem.13003000.wbz.049,wahlbezirk,de.mv.gem.13003000
de.mv.wk.005.gem.13003000.wbz.050,wahlbezirk,de.mv.gem.13003000
de.mv.wk.005.gem.13003000.wbz.051,wahlbezirk,de.mv.gem.13003000
de.mv.wk.005.gem.13003000.wbz.052,wahlbezirk,de.mv.gem.13003000
de.mv.wk.005.gem.13003000.wbz.053,wahlbezirk,de.mv.gem.13003000
de.mv.wk.005.gem.13003000.wbz.054,wahlbezirk,de.mv.gem.13003000
de.mv.wk.005.gem.13003000.wbz.055,wahlbezirk,de.mv.gem.13003000
de.mv.wk.005.gem.13003000.wbz.056,wahlbezirk,de.mv.gem.13003000
de.mv.wk.005.gem.13003000.wbz.057,wahlbezirk,de.mv.gem.13003000
de.mv.wk.005.gem.13003000.wbz.058,wahlbezirk,de.mv.gem.13003000
de.mv.wk.005.gem.13003000.wbz.059,wahlbezirk,de.mv.gem.13003000
de.mv.wk.005.gem.13003000.wbz.060,wahlbezirk,de.mv.gem.13003000
de.mv.wk.005.gem.13003000.wbz.061,wahlbezirk,de.mv.gem.13003000
de.mv.wk.005.gem.13003000.wbz.070,wahlbezirk,de.mv.gem.13003000
de.mv.wk.005.gem.13003000.wbz.071,wahlbezirk,de.mv.gem.13003000
de.mv.wk.005.gem.13003000.wbz.072,wahlbezirk,de.mv.gem.13003000
de.mv.wk.005.gem.13003000.wbz.073,wahlbezirk,de.mv.gem.13003000
de.mv.wk.005.gem.13003000.wbz.074,wahlbezirk,de.mv.gem.13003000
de.mv.wk.005.gem.13003000.wbz.075,wahlbezirk,de.mv.gem.13003000
de.mv.wk.005.gem.13003000.wbz.076,wahlbezirk,de.mv.gem.13003000
de.mv.wk.005.gem.13003000.wbz.077,wahlbezirk,de.mv.gem.13003000
de.mv.wk.005.gem.13003000.wbz.904,briefwahlbezirk,de.mv.gem.13003000
de.mv.wk.005.gem.13003000.wbz.905,briefwahlbezirk,de.mv.gem.13003000
de.mv.wk.005.gem.13003000.wbz.906,briefwahlbezirk,de.mv.gem.13003000
de.mv.wk.006.gem.13003000.wbz.078,wahlbezirk,de.mv.gem.13003000
de.mv.wk.006.gem.13003000.wbz.079,wahlbezirk,de.mv.gem.13003000
de.mv.wk.006.gem.13003000.wbz.080,wahlbezirk,de.mv.gem.13003000
de.mv.wk.006.gem.13003000.wbz.081,wahlbezirk,de.mv.gem.13003000
de.mv.wk.006.gem.13003000.wbz.082,wahlbezirk,de.mv.gem.13003000
de.mv.wk.006.gem.13003000.wbz.083,wahlbezirk,de.mv.gem.13003000
de.mv.wk.006.gem.13003000.wbz.084,wahlbezirk,de.mv.gem.13003000
de.mv.wk.006.gem.13003000.wbz.085,wahlbezirk,de.mv.gem.13003000
de.mv.wk.006.gem.13003000.wbz.086,wahlbezirk,de.mv.gem.13003000
de.mv.wk.006.gem.13003000.wbz.087,wahlbezirk,de.mv.gem.13003000
de.mv.wk.006.gem.13003000.wbz.088,wahlbezirk,de.mv.gem.13003000
de.mv.wk.006.gem.13003000.wbz.089,wahlbezirk,de.mv.gem.13003000
de.mv.wk.006.gem.13003000.wbz.090,wahlbezirk,de.mv.gem.13003000
de.mv.wk.006.gem.13003000.wbz.091,wahlbezirk,de.mv.gem.13003000
de.mv.wk.006.gem.13003000.wbz.092,wahlbezirk,de.mv.gem.13003000
de.mv.wk.006.gem.13003000.wbz.093,wahlbezirk,de.mv.gem.13003000
de.mv.wk.006.gem.13003000.wbz.094,wahlbezirk,de.mv.gem.13003000
de.mv.wk.006.gem.13003000.wbz.095,wahlbezirk,de.mv.gem.13003000
de.mv.wk.006.gem.13003000.wbz.096,wahlbezirk,de.mv.gem.13003000
de.mv.wk.006.gem.13003000.wbz.097,wahlbezirk,de.mv.gem.13003000
de.mv.wk.006.gem.13003000.wbz.098,wahlbezirk,de.mv.gem.13003000
de.mv.wk.006.gem.13003000.wbz.099,wahlbezirk,de.mv.gem.13003000
de.mv.wk.006.gem.13003000.wbz.100,wahlbezirk,de.mv.gem.13003000
de.mv.wk.006.gem.13003000.wbz.101,wahlbezirk,de.mv.gem.13003000
de.mv.wk.006.gem.13003000.wbz.102,wahlbezirk,de.mv.gem.13003000
de.mv.wk.006.gem.13003000.wbz.103,wahlbezirk,de.mv.gem.13003000
de.mv.wk.006.gem.13003000.wbz.104,wahlbezirk,de.mv.gem.13003000
de.mv.wk.006.gem.13003000.wbz.105,wahlbezirk,de.mv.gem.13003000
de.mv.wk.006.gem.13003000.wbz.106,wahlbezirk,de.mv.gem.13003000
de.mv.wk.006.gem.13003000.wbz.107,wahlbezirk,de.mv.gem.13003000
de.mv.wk.006.gem.13003000.wbz.108,wahlbezirk,de.mv.gem.13003000
de.mv.wk.006.gem.13003000.wbz.109,wahlbezirk,de.mv.gem.13003000
de.mv.wk.006.gem.13003000.wbz.110,wahlbezirk,de.mv.gem.13003000
de.mv.wk.006.gem.13003000.wbz.111,wahlbezirk,de.mv.gem.13003000
de.mv.wk.006.gem.13003000.wbz.907,briefwahlbezirk,de.mv.gem.13003000
de.mv.wk.006.gem.13003000.wbz.908,briefwahlbezirk,de.mv.gem.13003000
de.mv.wk.006.gem.13003000.wbz.909,briefwahlbezirk,de.mv.gem.13003000
de.mv.wk.007.gem.13003000.wbz.112,wahlbezirk,de.mv.gem.13003000
de.mv.wk.007.gem.13003000.wbz.113,wahlbezirk,de.mv.gem.13003000
de.mv.wk.007.gem.13003000.wbz.114,wahlbezirk,de.mv.gem.13003000
de.mv.wk.007.gem.13003000.wbz.115,wahlbezirk,de.mv.gem.13003000
de.mv.wk.007.gem.13003000.wbz.116,wahlbezirk,de.mv.gem.13003000
de.mv.wk.007.gem.13003000.wbz.117,wahlbezirk,de.mv.gem.13003000
de.mv.wk.007.gem.13003000.wbz.118,wahlbezirk,de.mv.gem.13003000
de.mv.wk.007.gem.13003000.wbz.119,wahlbezirk,de.mv.gem.13003000
de.mv.wk.007.gem.13003000.wbz.120,wahlbezirk,de.mv.gem.13003000
de.mv.wk.007.gem.13003000.wbz.121,wahlbezirk,de.mv.gem.13003000
de.mv.wk.007.gem.13003000.wbz.122,wahlbezirk,de.mv.gem.13003000
de.mv.wk.007.gem.13003000.wbz.123,wahlbezirk,de.mv.gem.13003000
de.mv.wk.007.gem.13003000.wbz.124,wahlbezirk,de.mv.gem.13003000
de.mv.wk.007.gem.13003000.wbz.125,wahlbezirk,de.mv.gem.13003000
de.mv.wk.007.gem.13003000.wbz.126,wahlbezirk,de.mv.gem.13003000
de.mv.wk.007.gem.13003000.wbz.127,wahlbezirk,de.mv.gem.13003000
de.mv.wk.007.gem.13003000.wbz.128,wahlbezirk,de.mv.gem.13003000
de.mv.wk.007.gem.13003000.wbz.129,wahlbezirk,de.mv.gem.13003000
de.mv.wk.007.gem.13003000.wbz.130,wahlbezirk,de.mv.gem.13003000
de.mv.wk.007.gem.13003000.wbz.131,wahlbezirk,de.mv.gem.13003000
de.mv.wk.007.gem.13003000.wbz.132,wahlbezirk,de.mv.gem.13003000
de.mv.wk.007.gem.13003000.wbz.133,wahlbezirk,de.mv.gem.13003000
de.mv.wk.007.gem.13003000.wbz.134,wahlbezirk,de.mv.gem.13003000
de.mv.wk.007.gem.13003000.wbz.135,wahlbezirk,de.mv.gem.13003000
de.mv.wk.007.gem.13003000.wbz.136,wahlbezirk,de.mv.gem.13003000
de.mv.wk.007.gem.13003000.wbz.137,wahlbezirk,de.mv.gem.13003000
de.mv.wk.007.gem.13003000.wbz.138,wahlbezirk,de.mv.gem.13003000
de.mv.wk.007.gem.13003000.wbz.139,wahlbezirk,de.mv.gem.13003000
de.mv.wk.007.gem.13003000.wbz.140,wahlbezirk,de.mv.gem.13003000
de.mv.wk.007.gem.13003000.wbz.141,wahlbezirk,de.mv.gem.13003000
de.mv.wk.007.gem.13003000.wbz.142,wahlbezirk,de.mv.gem.13003000
de.mv.wk.007.gem.13003000.wbz.143,wahlbezirk,de.mv.gem.13003000
de.mv.wk.007.gem.13003000.wbz.144,wahlbezirk,de.mv.gem.13003000
de.mv.wk.007.gem.13003000.wbz.145,wahlbezirk,de.mv.gem.13003000
de.mv.wk.007.gem.13003000.wbz.146,wahlbezirk,de.mv.gem.13003000
de.mv.wk.007.gem.13003000.wbz.147,wahlbezirk,de.mv.gem.13003000
de.mv.wk.007.gem.13003000.wbz.148,wahlbezirk,de.mv.gem.13003000
de.mv.wk.007.gem.13003000.wbz.149,wahlbezirk,de.mv.gem.13003000
de.mv.wk.007.gem.13003000.wbz.150,wahlbezirk,de.mv.gem.13003000
de.mv.wk.007.gem.13003000.wbz.151,wahlbezirk,de.mv.gem.13003000
de.mv.wk.007.gem.13003000.wbz.152,wahlbezirk,de.mv.gem.13003000
de.mv.wk.007.gem.13003000.wbz.153,wahlbezirk,de.mv.gem.13003000
de.mv.wk.007.gem.13003000.wbz.154,wahlbezirk,de.mv.gem.13003000
de.mv.wk.007.gem.13003000.wbz.155,wahlbezirk,de.mv.gem.13003000
de.mv.wk.007.gem.13003000.wbz.910,briefwahlbezirk,de.mv.gem.13003000
de.mv.wk.007.gem.13003000.wbz.911,briefwahlbezirk,de.mv.gem.13003000
de.mv.wk.007.gem.13003000.wbz.912,briefwahlbezirk,de.mv.gem.13003000
de.mv.wk.008.gem.13004000.wbz.001,wahlbezirk,de.mv.gem.13004000
de.mv.wk.008.gem.13004000.wbz.002,wahlbezirk,de.mv.gem.13004000
de.mv.wk.008.gem.13004000.wbz.003,wahlbezirk,de.mv.gem.13004000
de.mv.wk.008.gem.13004000.wbz.004,wahlbezirk,de.mv.gem.13004000
de.mv.wk.008.gem.13004000.wbz.005,wahlbezirk,de.mv.gem.13004000
de.mv.wk.008.gem.13004000.wbz.006,wahlbezirk,de.mv.gem.13004000
de.mv.wk.008.gem.13004000.wbz.007,wahlbezirk,de.mv.gem.13004000
de.mv.wk.008.gem.13004000.wbz.008,wahlbezirk,de.mv.gem.13004000
de.mv.wk.008.gem.13004000.wbz.009,wahlbezirk,de.mv.gem.13004000
de.mv.wk.008.gem.13004000.wbz.010,wahlbezirk,de.mv.gem.13004000
de.mv.wk.008.gem.13004000.wbz.011,wahlbezirk,de.mv.gem.13004000
de.mv.wk.008.gem.13004000.wbz.012,wahlbezirk,de.mv.gem.13004000
de.mv.wk.008.gem.13004000.wbz.013,wahlbezirk,de.mv.gem.13004000
de.mv.wk.008.gem.13004000.wbz.014,wahlbezirk,de.mv.gem.13004000
de.mv.wk.008.gem.13004000.wbz.015,wahlbezirk,de.mv.gem.13004000
de.mv.wk.008.gem.13004000.wbz.016,wahlbezirk,de.mv.gem.13004000
de.mv.wk.008.gem.13004000.wbz.017,wahlbezirk,de.mv.gem.13004000
de.mv.wk.008.gem.13004000.wbz.018,wahlbezirk,de.mv.gem.13004000
de.mv.wk.008.gem.13004000.wbz.019,wahlbezirk,de.mv.gem.13004000
de.mv.wk.008.gem.13004000.wbz.020,wahlbezirk,de.mv.gem.13004000
de.mv.wk.008.gem.13004000.wbz.021,wahlbezirk,de.mv.gem.13004000
de.mv.wk.008.gem.13004000.wbz.022,wahlbezirk,de.mv.gem.13004000
de.mv.wk.008.gem.13004000.wbz.023,wahlbezirk,de.mv.gem.13004000
de.mv.wk.008.gem.13004000.wbz.024,wahlbezirk,de.mv.gem.13004000
de.mv.wk.008.gem.13004000.wbz.025,wahlbezirk,de.mv.gem.13004000
de.mv.wk.008.gem.13004000.wbz.026,wahlbezirk,de.mv.gem.13004000
de.mv.wk.008.gem.13004000.wbz.027,wahlbezirk,de.mv.gem.13004000
de.mv.wk.008.gem.13004000.wbz.028,wahlbezirk,de.mv.gem.13004000
de.mv.wk.008.gem.13004000.wbz.029,wahlbezirk,de.mv.gem.13004000
de.mv.wk.008.gem.13004000.wbz.030,wahlbezirk,de.mv.gem.13004000
de.mv.wk.008.gem.13004000.wbz.031,wahlbezirk,de.mv.gem.13004000
de.mv.wk.008.gem.13004000.wbz.032,wahlbezirk,de.mv.gem.13004000
de.mv.wk.008.gem.13004000.wbz.033,wahlbezirk,de.mv.gem.13004000
de.mv.wk.008.gem.13004000.wbz.034,wahlbezirk,de.mv.gem.13004000
de.mv.wk.008.gem.13004000.wbz.035,wahlbezirk,de.mv.gem.13004000
de.mv.wk.008.gem.13004000.wbz.036,wahlbezirk,de.mv.gem.13004000
de.mv.wk.008.gem.13004000.wbz.037,wahlbezirk,de.mv.gem.13004000
de.mv.wk.008.gem.13004000.wbz.038,wahlbezirk,de.mv.gem.13004000
de.mv.wk.008.gem.13004000.wbz.039,wahlbezirk,de.mv.gem.13004000
de.mv.wk.008.gem.13004000.wbz.040,wahlbezirk,de.mv.gem.13004000
de.mv.wk.008.gem.13004000.wbz.041,wahlbezirk,de.mv.gem.13004000
de.mv.wk.008.gem.13004000.wbz.042,wahlbezirk,de.mv.gem.13004000
de.mv.wk.008.gem.13004000.wbz.043,wahlbezirk,de.mv.gem.13004000
de.mv.wk.008.gem.13004000.wbz.044,wahlbezirk,de.mv.gem.13004000
de.mv.wk.008.gem.13004000.wbz.045,wahlbezirk,de.mv.gem.13004000
de.mv.wk.008.gem.13004000.wbz.046,wahlbezirk,de.mv.gem.13004000
de.mv.wk.008.gem.13004000.wbz.047,wahlbezirk,de.mv.gem.13004000
de.mv.wk.008.gem.13004000.wbz.048,wahlbezirk,de.mv.gem.13004000
de.mv.wk.008.gem.13004000.wbz.049,wahlbezirk,de.mv.gem.13004000
de.mv.wk.008.gem.13004000.wbz.050,wahlbezirk,de.mv.gem.13004000
de.mv.wk.008.gem.13004000.wbz.901,briefwahlbezirk,de.mv.gem.13004000
de.mv.wk.008.gem.13004000.wbz.902,briefwahlbezirk,de.mv.gem.13004000
de.mv.wk.009.gem.13004000.wbz.051,wahlbezirk,de.mv.gem.13004000
de.mv.wk.009.gem.13004000.wbz.052,wahlbezirk,de.mv.gem.13004000
de.mv.wk.009.gem.13004000.wbz.053,wahlbezirk,de.mv.gem.13004000
de.mv.wk.009.gem.13004000.wbz.054,wahlbezirk,de.mv.gem.13004000
de.mv.wk.009.gem.13004000.wbz.055,wahlbezirk,de.mv.gem.13004000
de.mv.wk.009.gem.13004000.wbz.056,wahlbezirk,de.mv.gem.13004000
de.mv.wk.009.gem.13004000.wbz.057,wahlbezirk,de.mv.gem.13004000
de.mv.wk.009.gem.13004000.wbz.058,wahlbezirk,de.mv.gem.13004000
de.mv.wk.009.gem.13004000.wbz.059,wahlbezirk,de.mv.gem.13004000
de.mv.wk.009.gem.13004000.wbz.060,wahlbezirk,de.mv.gem.13004000
de.mv.wk.009.gem.13004000.wbz.061,wahlbezirk,de.mv.gem.13004000
de.mv.wk.009.gem.13004000.wbz.062,wahlbezirk,de.mv.gem.13004000
de.mv.wk.009.gem.13004000.wbz.063,wahlbezirk,de.mv.gem.13004000
de.mv.wk.009.gem.13004000.wbz.064,wahlbezirk,de.mv.gem.13004000
de.mv.wk.009.gem.13004000.wbz.065,wahlbezirk,de.mv.gem.13004000
de.mv.wk.009.gem.13004000.wbz.066,wahlbezirk,de.mv.gem.13004000
de.mv.wk.009.gem.13004000.wbz.067,wahlbezirk,de.mv.gem.13004000
de.mv.wk.009.gem.13004000.wbz.068,wahlbezirk,de.mv.gem.13004000
de.mv.wk.009.gem.13004000.wbz.069,wahlbezirk,de.mv.gem.13004000
de.mv.wk.009.gem.13004000.wbz.070,wahlbezirk,de.mv.gem.13004000
de.mv.wk.009.gem.13004000.wbz.071,wahlbezirk,de.mv.gem.13004000
de.mv.wk.009.gem.13004000.wbz.072,wahlbezirk,de.mv.gem.13004000
de.mv.wk.009.gem.13004000.wbz.073,wahlbezirk,de.mv.gem.13004000
de.mv.wk.009.gem.13004000.wbz.074,wahlbezirk,de.mv.gem.13004000
de.mv.wk.009.gem.13004000.wbz.075,wahlbezirk,de.mv.gem.13004000
de.mv.wk.009.gem.13004000.wbz.076,wahlbezirk,de.mv.gem.13004000
de.mv.wk.009.gem.13004000.wbz.077,wahlbezirk,de.mv.gem.13004000
de.mv.wk.009.gem.13004000.wbz.078,wahlbezirk,de.mv.gem.13004000
de.mv.wk.009.gem.13004000.wbz.079,wahlbezirk,de.mv.gem.13004000
de.mv.wk.009.gem.13004000.wbz.080,wahlbezirk,de.mv.gem.13004000
de.mv.wk.009.gem.13004000.wbz.081,wahlbezirk,de.mv.gem.13004000
de.mv.wk.009.gem.13004000.wbz.082,wahlbezirk,de.mv.gem.13004000
de.mv.wk.009.gem.13004000.wbz.083,wahlbezirk,de.mv.gem.13004000
de.mv.wk.009.gem.13004000.wbz.084,wahlbezirk,de.mv.gem.13004000
de.mv.wk.009.gem.13004000.wbz.085,wahlbezirk,de.mv.gem.13004000
de.mv.wk.009.gem.13004000.wbz.086,wahlbezirk,de.mv.gem.13004000
de.mv.wk.009.gem.13004000.wbz.087,wahlbezirk,de.mv.gem.13004000
de.mv.wk.009.gem.13004000.wbz.088,wahlbezirk,de.mv.gem.13004000
de.mv.wk.009.gem.13004000.wbz.089,wahlbezirk,de.mv.gem.13004000
de.mv.wk.009.gem.13004000.wbz.090,wahlbezirk,de.mv.gem.13004000
de.mv.wk.009.gem.13004000.wbz.091,wahlbezirk,de.mv.gem.13004000
de.mv.wk.009.gem.13004000.wbz.092,wahlbezirk,de.mv.gem.13004000
de.mv.wk.009.gem.13004000.wbz.093,wahlbezirk,de.mv.gem.13004000
de.mv.wk.009.gem.13004000.wbz.094,wahlbezirk,de.mv.gem.13004000
de.mv.wk.009.gem.13004000.wbz.095,wahlbezirk,de.mv.gem.13004000
de.mv.wk.009.gem.13004000.wbz.096,wahlbezirk,de.mv.gem.13004000
de.mv.wk.009.gem.13004000.wbz.097,wahlbezirk,de.mv.gem.13004000
de.mv.wk.009.gem.13004000.wbz.098,wahlbezirk,de.mv.gem.13004000
de.mv.wk.009.gem.13004000.wbz.099,wahlbezirk,de.mv.gem.13004000
de.mv.wk.009.gem.13004000.wbz.100,wahlbezirk,de.mv.gem.13004000
de.mv.wk.009.gem.13004000.wbz.101,wahlbezirk,de.mv.gem.13004000
de.mv.wk.009.gem.13004000.wbz.102,wahlbezirk,de.mv.gem.13004000
de.mv.wk.009.gem.13004000.wbz.103,wahlbezirk,de.mv.gem.13004000
de.mv.wk.009.gem.13004000.wbz.104,wahlbezirk,de.mv.gem.13004000
de.mv.wk.009.gem.13004000.wbz.903,briefwahlbezirk,de.mv.gem.13004000
de.mv.wk.009.gem.13004000.wbz.904,briefwahlbezirk,de.mv.gem.13004000
de.mv.wk.010.gem.13006000.wbz.001,wahlbezirk,de.mv.gem.13006000
de.mv.wk.010.gem.13006000.wbz.002,wahlbezirk,de.mv.gem.13006000
de.mv.wk.010.gem.13006000.wbz.003,wahlbezirk,de.mv.gem.13006000
de.mv.wk.010.gem.13006000.wbz.004,wahlbezirk,de.mv.gem.13006000
de.mv.wk.010.gem.13006000.wbz.005,wahlbezirk,de.mv.gem.13006000
de.mv.wk.010.gem.13006000.wbz.006,wahlbezirk,de.mv.gem.13006000
de.mv.wk.010.gem.13006000.wbz.007,wahlbezirk,de.mv.gem.13006000
de.mv.wk.010.gem.13006000.wbz.008,wahlbezirk,de.mv.gem.13006000
de.mv.wk.010.gem.13006000.wbz.009,wahlbezirk,de.mv.gem.13006000
de.mv.wk.010.gem.13006000.wbz.010,wahlbezirk,de.mv.gem.13006000
de.mv.wk.010.gem.13006000.wbz.011,wahlbezirk,de.mv.gem.13006000
de.mv.wk.010.gem.13006000.wbz.012,wahlbezirk,de.mv.gem.13006000
de.mv.wk.010.gem.13006000.wbz.013,wahlbezirk,de.mv.gem.13006000
de.mv.wk.010.gem.13006000.wbz.014,wahlbezirk,de.mv.gem.13006000
de.mv.wk.010.gem.13006000.wbz.015,wahlbezirk,de.mv.gem.13006000
de.mv.wk.010.gem.13006000.wbz.016,wahlbezirk,de.mv.gem.13006000
de.mv.wk.010.gem.13006000.wbz.017,wahlbezirk,de.mv.gem.13006000
de.mv.wk.010.gem.13006000.wbz.018,wahlbezirk,de.mv.gem.13006000
de.mv.wk.010.gem.13006000.wbz.019,wahlbezirk,de.mv.gem.13006000
de.mv.wk.010.gem.13006000.wbz.020,wahlbezirk,de.mv.gem.13006000
de.mv.wk.010.gem.13006000.wbz.021,wahlbezirk,de.mv.gem.13006000
de.mv.wk.010.gem.13006000.wbz.022,wahlbezirk,de.mv.gem.13006000
de.mv.wk.010.gem.13006000.wbz.023,wahlbezirk,de.mv.gem.13006000
de.mv.wk.010.gem.13006000.wbz.024,wahlbezirk,de.mv.gem.13006000
de.mv.wk.010.gem.13006000.wbz.025,wahlbezirk,de.mv.gem.13006000
de.mv.wk.010.gem.13006000.wbz.026,wahlbezirk,de.mv.gem.13006000
de.mv.wk.010.gem.13006000.wbz.027,wahlbezirk,de.mv.gem.13006000
de.mv.wk.010.gem.13006000.wbz.028,wahlbezirk,de.mv.gem.13006000
de.mv.wk.010.gem.13006000.wbz.029,wahlbezirk,de.mv.gem.13006000
de.mv.wk.010.gem.13006000.wbz.030,wahlbezirk,de.mv.gem.13006000
de.mv.wk.010.gem.13006000.wbz.901,briefwahlbezirk,de.mv.gem.13006000
de.mv.wk.010.gem.13006000.wbz.902,briefwahlbezirk,de.mv.gem.13006000
de.mv.wk.011.gem.13051001.wbz.001,wahlbezirk,de.mv.gem.13051001
de.mv.wk.011.gem.13051002.wbz.001,wahlbezirk,de.mv.gem.13051002
de.mv.wk.011.gem.13051003.wbz.001,wahlbezirk,de.mv.gem.13051003
de.mv.wk.011.gem.13051004.wbz.001,wahlbezirk,de.mv.gem.13051004
de.mv.wk.011.gem.13051004.wbz.002,wahlbezirk,de.mv.gem.13051004
de.mv.wk.011.gem.13051004.wbz.003,wahlbezirk,de.mv.gem.13051004
de.mv.wk.011.gem.13051004.wbz.004,wahlbezirk,de.mv.gem.13051004
de.mv.wk.011.gem.13051004.wbz.005,wahlbezirk,de.mv.gem.13051004
de.mv.wk.011.gem.13051004.wbz.006,wahlbezirk,de.mv.gem.13051004
de.mv.wk.011.gem.13051004.wbz.007,wahlbezirk,de.mv.gem.13051004
de.mv.wk.011.gem.13051004.wbz.008,wahlbezirk,de.mv.gem.13051004
de.mv.wk.011.gem.13051004.wbz.009,wahlbezirk,de.mv.gem.13051004
de.mv.wk.011.gem.13051004.wbz.010,wahlbezirk,de.mv.gem.13051004
de.mv.wk.011.gem.13051004.wbz.011,wahlbezirk,de.mv.gem.13051004
de.mv.wk.011.gem.13051004.wbz.012,wahlbezirk,de.mv.gem.13051004
de.mv.wk.011.gem.13051004.wbz.013,wahlbezirk,de.mv.gem.13051004
de.mv.wk.011.gem.13051006.wbz.001,wahlbezirk,de.mv.gem.13051006
de.mv.wk.011.gem.13051007.wbz.001,wahlbezirk,de.mv.gem.13051007
de.mv.wk.011.gem.13051010.wbz.001,wahlbezirk,de.mv.gem.13051010
de.mv.wk.011.gem.13051012.wbz.001,wahlbezirk,de.mv.gem.13051012
de.mv.wk.011.gem.13051012.wbz.002,wahlbezirk,de.mv.gem.13051012
de.mv.wk.011.gem.13051013.wbz.001,wahlbezirk,de.mv.gem.13051013
de.mv.wk.011.gem.13051026.wbz.001,wahlbezirk,de.mv.gem.13051026
de.mv.wk.011.gem.13051027.wbz.001,wahlbezirk,de.mv.gem.13051027
de.mv.wk.011.gem.13051028.wbz.001,wahlbezirk,de.mv.gem.13051028
de.mv.wk.011.gem.13051029.wbz.001,wahlbezirk,de.mv.gem.13051029
de.mv.wk.011.gem.13051030.wbz.001,wahlbezirk,de.mv.gem.13051030
de.mv.wk.011.gem.13051031.wbz.001,wahlbezirk,de.mv.gem.13051031
de.mv.wk.011.gem.13051032.wbz.001,wahlbezirk,de.mv.gem.13051032
de.mv.wk.011.gem.13051036.wbz.001,wahlbezirk,de.mv.gem.13051036
de.mv.wk.011.gem.13051039.wbz.001,wahlbezirk,de.mv.gem.13051039
de.mv.wk.011.gem.13051041.wbz.001,wahlbezirk,de.mv.gem.13051041
de.mv.wk.011.gem.13051041.wbz.002,wahlbezirk,de.mv.gem.13051041
de.mv.wk.011.gem.13051041.wbz.003,wahlbezirk,de.mv.gem.13051041
de.mv.wk.011.gem.13051041.wbz.004,wahlbezirk,de.mv.gem.13051041
de.mv.wk.011.gem.13051041.wbz.005,wahlbezirk,de.mv.gem.13051041
de.mv.wk.011.gem.13051042.wbz.001,wahlbezirk,de.mv.gem.13051042
de.mv.wk.011.gem.13051042.wbz.002,wahlbezirk,de.mv.gem.13051042
de.mv.wk.011.gem.13051042.wbz.003,wahlbezirk,de.mv.gem.13051042
de.mv.wk.011.gem.13051042.wbz.004,wahlbezirk,de.mv.gem.13051042
de.mv.wk.011.gem.13051047.wbz.001,wahlbezirk,de.mv.gem.13051047
de.mv.wk.011.gem.13051047.wbz.002,wahlbezirk,de.mv.gem.13051047
de.mv.wk.011.gem.13051047.wbz.003,wahlbezirk,de.mv.gem.13051047
de.mv.wk.011.gem.13051047.wbz.004,wahlbezirk,de.mv.gem.13051047
de.mv.wk.011.gem.13051049.wbz.001,wahlbezirk,de.mv.gem.13051049
de.mv.wk.011.gem.13051052.wbz.001,wahlbezirk,de.mv.gem.13051052
de.mv.wk.011.gem.13051056.wbz.001,wahlbezirk,de.mv.gem.13051056
de.mv.wk.011.gem.13051057.wbz.001,wahlbezirk,de.mv.gem.13051057
de.mv.wk.011.gem.13051058.wbz.001,wahlbezirk,de.mv.gem.13051058
de.mv.wk.011.gem.13051059.wbz.001,wahlbezirk,de.mv.gem.13051059
de.mv.wk.011.gem.13051060.wbz.001,wahlbezirk,de.mv.gem.13051060
de.mv.wk.011.gem.13051062.wbz.001,wahlbezirk,de.mv.gem.13051062
de.mv.wk.011.gem.13051062.wbz.002,wahlbezirk,de.mv.gem.13051062
de.mv.wk.011.gem.13051063.wbz.001,wahlbezirk,de.mv.gem.13051063
de.mv.wk.011.gem.13051065.wbz.001,wahlbezirk,de.mv.gem.13051065
de.mv.wk.011.gem.13051069.wbz.001,wahlbezirk,de.mv.gem.13051069
de.mv.wk.011.gem.13051069.wbz.002,wahlbezirk,de.mv.gem.13051069
de.mv.wk.011.gem.13051070.wbz.001,wahlbezirk,de.mv.gem.13051070
de.mv.wk.011.gem.13051074.wbz.001,wahlbezirk,de.mv.gem.13051074
de.mv.wk.011.gem.13051081.wbz.001,wahlbezirk,de.mv.gem.13051081
de.mv.wk.011.gem.13051083.wbz.001,wahlbezirk,de.mv.gem.13051083
de.mv.wk.011.gem.13051249.wbz.901,briefwahlbezirk,de.mv.gem.13051249
de.mv.wk.012.gem.13051005.wbz.001,wahlbezirk,de.mv.gem.13051005
de.mv.wk.012.gem.13051008.wbz.001,wahlbezirk,de.mv.gem.13051008
de.mv.wk.012.gem.13051009.wbz.001,wahlbezirk,de.mv.gem.13051009
de.mv.wk.012.gem.13051011.wbz.001,wahlbezirk,de.mv.gem.13051011
de.mv.wk.012.gem.13051014.wbz.001,wahlbezirk,de.mv.gem.13051014
de.mv.wk.012.gem.13051015.wbz.001,wahlbezirk,de.mv.gem.13051015
de.mv.wk.012.gem.13051015.wbz.002,wahlbezirk,de.mv.gem.13051015
de.mv.wk.012.gem.13051016.wbz.001,wahlbezirk,de.mv.gem.13051016
de.mv.wk.012.gem.13051016.wbz.002,wahlbezirk,de.mv.gem.13051016
de.mv.wk.012.gem.13051017.wbz.001,wahlbezirk,de.mv.gem.13051017
de.mv.wk.012.gem.13051018.wbz.001,wahlbezirk,de.mv.gem.13051018
de.mv.wk.012.gem.13051018.wbz.002,wahlbezirk,de.mv.gem.13051018
de.mv.wk.012.gem.13051018.wbz.003,wahlbezirk,de.mv.gem.13051018
de.mv.wk.012.gem.13051019.wbz.001,wahlbezirk,de.mv.gem.13051019
de.mv.wk.012.gem.13051019.wbz.002,wahlbezirk,de.mv.gem.13051019
de.mv.wk.012.gem.13051020.wbz.001,wahlbezirk,de.mv.gem.13051020
de.mv.wk.012.gem.13051020.wbz.002,wahlbezirk,de.mv.gem.13051020
de.mv.wk.012.gem.13051021.wbz.001,wahlbezirk,de.mv.gem.13051021
de.mv.wk.012.gem.13051022.wbz.001,wahlbezirk,de.mv.gem.13051022
de.mv.wk.012.gem.13051022.wbz.002,wahlbezirk,de.mv.gem.13051022
de.mv.wk.012.gem.13051022.wbz.003,wahlbezirk,de.mv.gem.13051022
de.mv.wk.012.gem.13051022.wbz.004,wahlbezirk,de.mv.gem.13051022
de.mv.wk.012.gem.13051023.wbz.001,wahlbezirk,de.mv.gem.13051023
de.mv.wk.012.gem.13051024.wbz.001,wahlbezirk,de.mv.gem.13051024
de.mv.wk.012.gem.13051025.wbz.001,wahlbezirk,de.mv.gem.13051025
de.mv.wk.012.gem.13051033.wbz.001,wahlbezirk,de.mv.gem.13051033
de.mv.wk.012.gem.13051034.wbz.001,wahlbezirk,de.mv.gem.13051034
de.mv.wk.012.gem.13051035.wbz.001,wahlbezirk,de.mv.gem.13051035
de.mv.wk.012.gem.13051037.wbz.001,wahlbezirk,de.mv.gem.13051037
de.mv.wk.012.gem.13051038.wbz.001,wahlbezirk,de.mv.gem.13051038
de.mv.wk.012.gem.13051040.wbz.001,wahlbezirk,de.mv.gem.13051040
de.mv.wk.012.gem.13051040.wbz.002,wahlbezirk,de.mv.gem.13051040
de.mv.wk.012.gem.13051043.wbz.001,wahlbezirk,de.mv.gem.13051043
de.mv.wk.012.gem.13051044.wbz.001,wahlbezirk,de.mv.gem.13051044
de.mv.wk.012.gem.13051044.wbz.002,wahlbezirk,de.mv.gem.13051044
de.mv.wk.012.gem.13051045.wbz.001,wahlbezirk,de.mv.gem.13051045
de.mv.wk.012.gem.13051046.wbz.001,wahlbezirk,de.mv.gem.13051046
de.mv.wk.012.gem.13051048.wbz.001,wahlbezirk,de.mv.gem.13051048
de.mv.wk.012.gem.13051050.wbz.001,wahlbezirk,de.mv.gem.13051050
de.mv.wk.012.gem.13051051.wbz.001,wahlbezirk,de.mv.gem.13051051
de.mv.wk.012.gem.13051053.wbz.001,wahlbezirk,de.mv.gem.13051053
de.mv.wk.012.gem.13051054.wbz.001,wahlbezirk,de.mv.gem.13051054
de.mv.wk.012.gem.13051054.wbz.002,wahlbezirk,de.mv.gem.13051054
de.mv.wk.012.gem.13051055.wbz.001,wahlbezirk,de.mv.gem.13051055
de.mv.wk.012.gem.13051055.wbz.002,wahlbezirk,de.mv.gem.13051055
de.mv.wk.012.gem.13051061.wbz.001,wahlbezirk,de.mv.gem.13051061
de.mv.wk.012.gem.13051064.wbz.001,wahlbezirk,de.mv.gem.13051064
de.mv.wk.012.gem.13051066.wbz.001,wahlbezirk,de.mv.gem.13051066
de.mv.wk.012.gem.13051067.wbz.001,wahlbezirk,de.mv.gem.13051067
de.mv.wk.012.gem.13051068.wbz.001,wahlbezirk,de.mv.gem.13051068
de.mv.wk.012.gem.13051068.wbz.002,wahlbezirk,de.mv.gem.13051068
de.mv.wk.012.gem.13051071.wbz.001,wahlbezirk,de.mv.gem.13051071
de.mv.wk.012.gem.13051071.wbz.002,wahlbezirk,de.mv.gem.13051071
de.mv.wk.012.gem.13051071.wbz.003,wahlbezirk,de.mv.gem.13051071
de.mv.wk.012.gem.13051071.wbz.004,wahlbezirk,de.mv.gem.13051071
de.mv.wk.012.gem.13051072.wbz.001,wahlbezirk,de.mv.gem.13051072
de.mv.wk.012.gem.13051073.wbz.001,wahlbezirk,de.mv.gem.13051073
de.mv.wk.012.gem.13051075.wbz.001,wahlbezirk,de.mv.gem.13051075
de.mv.wk.012.gem.13051076.wbz.001,wahlbezirk,de.mv.gem.13051076
de.mv.wk.012.gem.13051077.wbz.001,wahlbezirk,de.mv.gem.13051077
de.mv.wk.012.gem.13051077.wbz.002,wahlbezirk,de.mv.gem.13051077
de.mv.wk.012.gem.13051077.wbz.003,wahlbezirk,de.mv.gem.13051077
de.mv.wk.012.gem.13051077.wbz.004,wahlbezirk,de.mv.gem.13051077
de.mv.wk.012.gem.13051078.wbz.001,wahlbezirk,de.mv.gem.13051078
de.mv.wk.012.gem.13051079.wbz.001,wahlbezirk,de.mv.gem.13051079
de.mv.wk.012.gem.13051080.wbz.001,wahlbezirk,de.mv.gem.13051080
de.mv.wk.012.gem.13051082.wbz.001,wahlbezirk,de.mv.gem.13051082
de.mv.wk.012.gem.13051084.wbz.001,wahlbezirk,de.mv.gem.13051084
de.mv.wk.012.gem.13051085.wbz.001,wahlbezirk,de.mv.gem.13051085
de.mv.wk.012.gem.13051249.wbz.902,briefwahlbezirk,de.mv.gem.13051249
de.mv.wk.013.gem.13052001.wbz.001,wahlbezirk,de.mv.gem.13052001
de.mv.wk.013.gem.13052004.wbz.001,wahlbezirk,de.mv.gem.13052004
de.mv.wk.013.gem.13052004.wbz.002,wahlbezirk,de.mv.gem.13052004
de.mv.wk.013.gem.13052004.wbz.003,wahlbezirk,de.mv.gem.13052004
de.mv.wk.013.gem.13052006.wbz.001,wahlbezirk,de.mv.gem.13052006
de.mv.wk.013.gem.13052007.wbz.001,wahlbezirk,de.mv.gem.13052007
de.mv.wk.013.gem.13052007.wbz.002,wahlbezirk,de.mv.gem.13052007
de.mv.wk.013.gem.13052007.wbz.003,wahlbezirk,de.mv.gem.13052007
de.mv.wk.013.gem.13052007.wbz.004,wahlbezirk,de.mv.gem.13052007
de.mv.wk.013.gem.13052008.wbz.001,wahlbezirk,de.mv.gem.13052008
de.mv.wk.013.gem.13052009.wbz.001,wahlbezirk,de.mv.gem.13052009
de.mv.wk.013.gem.13052009.wbz.002,wahlbezirk,de.mv.gem.13052009
de.mv.wk.013.gem.13052012.wbz.001,wahlbezirk,de.mv.gem.13052012
de.mv.wk.013.gem.13052015.wbz.001,wahlbezirk,de.mv.gem.13052015
de.mv.wk.013.gem.13052015.wbz.002,wahlbezirk,de.mv.gem.13052015
de.mv.wk.013.gem.13052016.wbz.001,wahlbezirk,de.mv.gem.13052016
de.mv.wk.013.gem.13052018.wbz.001,wahlbezirk,de.mv.gem.13052018
de.mv.wk.013.gem.13052018.wbz.002,wahlbezirk,de.mv.gem.13052018
de.mv.wk.013.gem.13052018.wbz.003,wahlbezirk,de.mv.gem.13052018
de.mv.wk.013.gem.13052018.wbz.004,wahlbezirk,de.mv.gem.13052018
de.mv.wk.013.gem.13052018.wbz.005,wahlbezirk,de.mv.gem.13052018
de.mv.wk.013.gem.13052018.wbz.006,wahlbezirk,de.mv.gem.13052018
de.mv.wk.013.gem.13052018.wbz.007,wahlbezirk,de.mv.gem.13052018
de.mv.wk.013.gem.13052018.wbz.008,wahlbezirk,de.mv.gem.13052018
de.mv.wk.013.gem.13052018.wbz.009,wahlbezirk,de.mv.gem.13052018
de.mv.wk.013.gem.13052018.wbz.010,wahlbezirk,de.mv.gem.13052018
de.mv.wk.013.gem.13052018.wbz.011,wahlbezirk,de.mv.gem.13052018
de.mv.wk.013.gem.13052018.wbz.012,wahlbezirk,de.mv.gem.13052018
de.mv.wk.013.gem.13052018.wbz.013,wahlbezirk,de.mv.gem.13052018
de.mv.wk.013.gem.13052020.wbz.001,wahlbezirk,de.mv.gem.13052020
de.mv.wk.013.gem.13052023.wbz.001,wahlbezirk,de.mv.gem.13052023
de.mv.wk.013.gem.13052024.wbz.001,wahlbezirk,de.mv.gem.13052024
de.mv.wk.013.gem.13052024.wbz.002,wahlbezirk,de.mv.gem.13052024
de.mv.wk.013.gem.13052025.wbz.001,wahlbezirk,de.mv.gem.13052025
de.mv.wk.013.gem.13052026.wbz.001,wahlbezirk,de.mv.gem.13052026
de.mv.wk.013.gem.13052029.wbz.001,wahlbezirk,de.mv.gem.13052029
de.mv.wk.013.gem.13052030.wbz.001,wahlbezirk,de.mv.gem.13052030
de.mv.wk.013.gem.13052033.wbz.001,wahlbezirk,de.mv.gem.13052033
de.mv.wk.013.gem.13052033.wbz.002,wahlbezirk,de.mv.gem.13052033
de.mv.wk.013.gem.13052033.wbz.003,wahlbezirk,de.mv.gem.13052033
de.mv.wk.013.gem.13052033.wbz.004,wahlbezirk,de.mv.gem.13052033
de.mv.wk.013.gem.13052035.wbz.001,wahlbezirk,de.mv.gem.13052035
de.mv.wk.013.gem.13052036.wbz.001,wahlbezirk,de.mv.gem.13052036
de.mv.wk.013.gem.13052037.wbz.001,wahlbezirk,de.mv.gem.13052037
de.mv.wk.013.gem.13052039.wbz.001,wahlbezirk,de.mv.gem.13052039
de.mv.wk.013.gem.13052039.wbz.002,wahlbezirk,de.mv.gem.13052039
de.mv.wk.013.gem.13052039.wbz.003,wahlbezirk,de.mv.gem.13052039
de.mv.wk.013.gem.13052039.wbz.004,wahlbezirk,de.mv.gem.13052039
de.mv.wk.013.gem.13052039.wbz.005,wahlbezirk,de.mv.gem.13052039
de.mv.wk.013.gem.13052039.wbz.006,wahlbezirk,de.mv.gem.13052039
de.mv.wk.013.gem.13052041.wbz.001,wahlbezirk,de.mv.gem.13052041
de.mv.wk.013.gem.13052043.wbz.001,wahlbezirk,de.mv.gem.13052043
de.mv.wk.013.gem.13052046.wbz.001,wahlbezirk,de.mv.gem.13052046
de.mv.wk.013.gem.13052048.wbz.001,wahlbezirk,de.mv.gem.13052048
de.mv.wk.013.gem.13052049.wbz.001,wahlbezirk,de.mv.gem.13052049
de.mv.wk.013.gem.13052049.wbz.002,wahlbezirk,de.mv.gem.13052049
de.mv.wk.013.gem.13052049.wbz.003,wahlbezirk,de.mv.gem.13052049
de.mv.wk.013.gem.13052049.wbz.004,wahlbezirk,de.mv.gem.13052049
de.mv.wk.013.gem.13052049.wbz.005,wahlbezirk,de.mv.gem.13052049
de.mv.wk.013.gem.13052049.wbz.006,wahlbezirk,de.mv.gem.13052049
de.mv.wk.013.gem.13052051.wbz.001,wahlbezirk,de.mv.gem.13052051
de.mv.wk.013.gem.13052052.wbz.001,wahlbezirk,de.mv.gem.13052052
de.mv.wk.013.gem.13052052.wbz.002,wahlbezirk,de.mv.gem.13052052
de.mv.wk.013.gem.13052052.wbz.003,wahlbezirk,de.mv.gem.13052052
de.mv.wk.013.gem.13052054.wbz.001,wahlbezirk,de.mv.gem.13052054
de.mv.wk.013.gem.13052054.wbz.002,wahlbezirk,de.mv.gem.13052054
de.mv.wk.013.gem.13052056.wbz.001,wahlbezirk,de.mv.gem.13052056
de.mv.wk.013.gem.13052058.wbz.001,wahlbezirk,de.mv.gem.13052058
de.mv.wk.013.gem.13052060.wbz.001,wahlbezirk,de.mv.gem.13052060
de.mv.wk.013.gem.13052060.wbz.002,wahlbezirk,de.mv.gem.13052060
de.mv.wk.013.gem.13052066.wbz.001,wahlbezirk,de.mv.gem.13052066
de.mv.wk.013.gem.13052067.wbz.001,wahlbezirk,de.mv.gem.13052067
de.mv.wk.013.gem.13052067.wbz.002,wahlbezirk,de.mv.gem.13052067
de.mv.wk.013.gem.13052067.wbz.003,wahlbezirk,de.mv.gem.13052067
de.mv.wk.013.gem.13052067.wbz.004,wahlbezirk,de.mv.gem.13052067
de.mv.wk.013.gem.13052068.wbz.001,wahlbezirk,de.mv.gem.13052068
de.mv.wk.013.gem.13052069.wbz.001,wahlbezirk,de.mv.gem.13052069
de.mv.wk.013.gem.13052070.wbz.001,wahlbezirk,de.mv.gem.13052070
de.mv.wk.013.gem.13052071.wbz.001,wahlbezirk,de.mv.gem.13052071
de.mv.wk.013.gem.13052072.wbz.001,wahlbezirk,de.mv.gem.13052072
de.mv.wk.013.gem.13052073.wbz.001,wahlbezirk,de.mv.gem.13052073
de.mv.wk.013.gem.13052076.wbz.001,wahlbezirk,de.mv.gem.13052076
de.mv.wk.013.gem.13052077.wbz.001,wahlbezirk,de.mv.gem.13052077
de.mv.wk.013.gem.13052078.wbz.001,wahlbezirk,de.mv.gem.13052078
de.mv.wk.013.gem.13052078.wbz.002,wahlbezirk,de.mv.gem.13052078
de.mv.wk.013.gem.13052080.wbz.001,wahlbezirk,de.mv.gem.13052080
de.mv.wk.013.gem.13052081.wbz.001,wahlbezirk,de.mv.gem.13052081
de.mv.wk.013.gem.13052082.wbz.001,wahlbezirk,de.mv.gem.13052082
de.mv.wk.013.gem.13052083.wbz.001,wahlbezirk,de.mv.gem.13052083
de.mv.wk.013.gem.13052085.wbz.001,wahlbezirk,de.mv.gem.13052085
de.mv.wk.013.gem.13052086.wbz.001,wahlbezirk,de.mv.gem.13052086
de.mv.wk.013.gem.13052086.wbz.002,wahlbezirk,de.mv.gem.13052086
de.mv.wk.013.gem.13052086.wbz.003,wahlbezirk,de.mv.gem.13052086
de.mv.wk.013.gem.13052089.wbz.001,wahlbezirk,de.mv.gem.13052089
de.mv.wk.013.gem.13052090.wbz.001,wahlbezirk,de.mv.gem.13052090
de.mv.wk.013.gem.13052249.wbz.901,briefwahlbezirk,de.mv.gem.13052249
de.mv.wk.014.gem.13052002.wbz.001,wahlbezirk,de.mv.gem.13052002
de.mv.wk.014.gem.13052003.wbz.001,wahlbezirk,de.mv.gem.13052003
de.mv.wk.014.gem.13052003.wbz.002,wahlbezirk,de.mv.gem.13052003
de.mv.wk.014.gem.13052003.wbz.003,wahlbezirk,de.mv.gem.13052003
de.mv.wk.014.gem.13052003.wbz.004,wahlbezirk,de.mv.gem.13052003
de.mv.wk.014.gem.13052003.wbz.005,wahlbezirk,de.mv.gem.13052003
de.mv.wk.014.gem.13052003.wbz.006,wahlbezirk,de.mv.gem.13052003
de.mv.wk.014.gem.13052003.wbz.007,wahlbezirk,de.mv.gem.13052003
de.mv.wk.014.gem.13052005.wbz.001,wahlbezirk,de.mv.gem.13052005
de.mv.wk.014.gem.13052010.wbz.001,wahlbezirk,de.mv.gem.13052010
de.mv.wk.014.gem.13052011.wbz.001,wahlbezirk,de.mv.gem.13052011
de.mv.wk.014.gem.13052013.wbz.001,wahlbezirk,de.mv.gem.13052013
de.mv.wk.014.gem.13052014.wbz.001,wahlbezirk,de.mv.gem.13052014
de.mv.wk.014.gem.13052017.wbz.001,wahlbezirk,de.mv.gem.13052017
de.mv.wk.014.gem.13052017.wbz.002,wahlbezirk,de.mv.gem.13052017
de.mv.wk.014.gem.13052017.wbz.003,wahlbezirk,de.mv.gem.13052017
de.mv.wk.014.gem.13052017.wbz.004,wahlbezirk,de.mv.gem.13052017
de.mv.wk.014.gem.13052019.wbz.001,wahlbezirk,de.mv.gem.13052019
de.mv.wk.014.gem.13052021.wbz.001,wahlbezirk,de.mv.gem.13052021
de.mv.wk.014.gem.13052022.wbz.001,wahlbezirk,de.mv.gem.13052022
de.mv.wk.014.gem.13052027.wbz.001,wahlbezirk,de.mv.gem.13052027
de.mv.wk.014.gem.13052028.wbz.001,wahlbezirk,de.mv.gem.13052028
de.mv.wk.014.gem.13052031.wbz.001,wahlbezirk,de.mv.gem.13052031
de.mv.wk.014.gem.13052032.wbz.001,wahlbezirk,de.mv.gem.13052032
de.mv.wk.014.gem.13052034.wbz.001,wahlbezirk,de.mv.gem.13052034
de.mv.wk.014.gem.13052038.wbz.001,wahlbezirk,de.mv.gem.13052038
de.mv.wk.014.gem.13052040.wbz.001,wahlbezirk,de.mv.gem.13052040
de.mv.wk.014.gem.13052042.wbz.001,wahlbezirk,de.mv.gem.13052042
de.mv.wk.014.gem.13052044.wbz.001,wahlbezirk,de.mv.gem.13052044
de.mv.wk.014.gem.13052045.wbz.001,wahlbezirk,de.mv.gem.13052045
de.mv.wk.014.gem.13052047.wbz.001,wahlbezirk,de.mv.gem.13052047
de.mv.wk.014.gem.13052050.wbz.001,wahlbezirk,de.mv.gem.13052050
de.mv.wk.014.gem.13052050.wbz.002,wahlbezirk,de.mv.gem.13052050
de.mv.wk.014.gem.13052050.wbz.003,wahlbezirk,de.mv.gem.13052050
de.mv.wk.014.gem.13052050.wbz.004,wahlbezirk,de.mv.gem.13052050
de.mv.wk.014.gem.13052050.wbz.005,wahlbezirk,de.mv.gem.13052050
de.mv.wk.014.gem.13052050.wbz.006,wahlbezirk,de.mv.gem.13052050
de.mv.wk.014.gem.13052050.wbz.007,wahlbezirk,de.mv.gem.13052050
de.mv.wk.014.gem.13052053.wbz.001,wahlbezirk,de.mv.gem.13052053
de.mv.wk.014.gem.13052055.wbz.001,wahlbezirk,de.mv.gem.13052055
de.mv.wk.014.gem.13052055.wbz.002,wahlbezirk,de.mv.gem.13052055
de.mv.wk.014.gem.13052055.wbz.003,wahlbezirk,de.mv.gem.13052055
de.mv.wk.014.gem.13052055.wbz.004,wahlbezirk,de.mv.gem.13052055
de.mv.wk.014.gem.13052055.wbz.005,wahlbezirk,de.mv.gem.13052055
de.mv.wk.014.gem.13052057.wbz.001,wahlbezirk,de.mv.gem.13052057
de.mv.wk.014.gem.13052059.wbz.001,wahlbezirk,de.mv.gem.13052059
de.mv.wk.014.gem.13052059.wbz.002,wahlbezirk,de.mv.gem.13052059
de.mv.wk.014.gem.13052061.wbz.001,wahlbezirk,de.mv.gem.13052061
de.mv.wk.014.gem.13052062.wbz.001,wahlbezirk,de.mv.gem.13052062
de.mv.wk.014.gem.13052063.wbz.001,wahlbezirk,de.mv.gem.13052063
de.mv.wk.014.gem.13052064.wbz.001,wahlbezirk,de.mv.gem.13052064
de.mv.wk.014.gem.13052065.wbz.001,wahlbezirk,de.mv.gem.13052065
de.mv.wk.014.gem.13052074.wbz.001,wahlbezirk,de.mv.gem.13052074
de.mv.wk.014.gem.13052074.wbz.002,wahlbezirk,de.mv.gem.13052074
de.mv.wk.014.gem.13052074.wbz.003,wahlbezirk,de.mv.gem.13052074
de.mv.wk.014.gem.13052074.wbz.004,wahlbezirk,de.mv.gem.13052074
de.mv.wk.014.gem.13052074.wbz.005,wahlbezirk,de.mv.gem.13052074
de.mv.wk.014.gem.13052074.wbz.006,wahlbezirk,de.mv.gem.13052074
de.mv.wk.014.gem.13052074.wbz.007,wahlbezirk,de.mv.gem.13052074
de.mv.wk.014.gem.13052074.wbz.008,wahlbezirk,de.mv.gem.13052074
de.mv.wk.014.gem.13052075.wbz.001,wahlbezirk,de.mv.gem.13052075
de.mv.wk.014.gem.13052075.wbz.002,wahlbezirk,de.mv.gem.13052075
de.mv.wk.014.gem.13052079.wbz.001,wahlbezirk,de.mv.gem.13052079
de.mv.wk.014.gem.13052084.wbz.001,wahlbezirk,de.mv.gem.13052084
de.mv.wk.014.gem.13052087.wbz.001,wahlbezirk,de.mv.gem.13052087
de.mv.wk.014.gem.13052087.wbz.002,wahlbezirk,de.mv.gem.13052087
de.mv.wk.014.gem.13052088.wbz.001,wahlbezirk,de.mv.gem.13052088
de.mv.wk.014.gem.13052091.wbz.001,wahlbezirk,de.mv.gem.13052091
de.mv.wk.014.gem.13052092.wbz.001,wahlbezirk,de.mv.gem.13052092
de.mv.wk.014.gem.13052249.wbz.902,briefwahlbezirk,de.mv.gem.13052249
de.mv.wk.015.gem.13053001.wbz.001,wahlbezirk,de.mv.gem.13053001
de.mv.wk.015.gem.13053002.wbz.001,wahlbezirk,de.mv.gem.13053002
de.mv.wk.015.gem.13053003.wbz.001,wahlbezirk,de.mv.gem.13053003
de.mv.wk.015.gem.13053005.wbz.001,wahlbezirk,de.mv.gem.13053005
de.mv.wk.015.gem.13053006.wbz.001,wahlbezirk,de.mv.gem.13053006
de.mv.wk.015.gem.13053008.wbz.001,wahlbezirk,de.mv.gem.13053008
de.mv.wk.015.gem.13053010.wbz.001,wahlbezirk,de.mv.gem.13053010
de.mv.wk.015.gem.13053011.wbz.001,wahlbezirk,de.mv.gem.13053011
de.mv.wk.015.gem.13053012.wbz.001,wahlbezirk,de.mv.gem.13053012
de.mv.wk.015.gem.13053014.wbz.001,wahlbezirk,de.mv.gem.13053014
de.mv.wk.015.gem.13053014.wbz.002,wahlbezirk,de.mv.gem.13053014
de.mv.wk.015.gem.13053015.wbz.001,wahlbezirk,de.mv.gem.13053015
de.mv.wk.015.gem.13053016.wbz.001,wahlbezirk,de.mv.gem.13053016
de.mv.wk.015.gem.13053017.wbz.001,wahlbezirk,de.mv.gem.13053017
de.mv.wk.015.gem.13053018.wbz.001,wahlbezirk,de.mv.gem.13053018
de.mv.wk.015.gem.13053018.wbz.002,wahlbezirk,de.mv.gem.13053018
de.mv.wk.015.gem.13053020.wbz.001,wahlbezirk,de.mv.gem.13053020
de.mv.wk.015.gem.13053021.wbz.001,wahlbezirk,de.mv.gem.13053021
de.mv.wk.015.gem.13053021.wbz.002,wahlbezirk,de.mv.gem.13053021
de.mv.wk.015.gem.13053022.wbz.001,wahlbezirk,de.mv.gem.13053022
de.mv.wk.015.gem.13053022.wbz.002,wahlbezirk,de.mv.gem.13053022
de.mv.wk.015.gem.13053022.wbz.003,wahlbezirk,de.mv.gem.13053022
de.mv.wk.015.gem.13053022.wbz.004,wahlbezirk,de.mv.gem.13053022
de.mv.wk.015.gem.13053024.wbz.001,wahlbezirk,de.mv.gem.13053024
de.mv.wk.015.gem.13053025.wbz.001,wahlbezirk,de.mv.gem.13053025
de.mv.wk.015.gem.13053026.wbz.001,wahlbezirk,de.mv.gem.13053026
de.mv.wk.015.gem.13053027.wbz.001,wahlbezirk,de.mv.gem.13053027
de.mv.wk.015.gem.13053028.wbz.001,wahlbezirk,de.mv.gem.13053028
de.mv.wk.015.gem.13053029.wbz.001,wahlbezirk,de.mv.gem.13053029
de.mv.wk.015.gem.13053032.wbz.001,wahlbezirk,de.mv.gem.13053032
de.mv.wk.015.gem.13053033.wbz.001,wahlbezirk,de.mv.gem.13053033
de.mv.wk.015.gem.13053034.wbz.001,wahlbezirk,de.mv.gem.13053034
de.mv.wk.015.gem.13053035.wbz.001,wahlbezirk,de.mv.gem.13053035
de.mv.wk.015.gem.13053036.wbz.001,wahlbezirk,de.mv.gem.13053036
de.mv.wk.015.gem.13053036.wbz.002,wahlbezirk,de.mv.gem.13053036
de.mv.wk.015.gem.13053041.wbz.001,wahlbezirk,de.mv.gem.13053041
de.mv.wk.015.gem.13053042.wbz.001,wahlbezirk,de.mv.gem.13053042
de.mv.wk.015.gem.13053043.wbz.001,wahlbezirk,de.mv.gem.13053043
de.mv.wk.015.gem.13053043.wbz.002,wahlbezirk,de.mv.gem.13053043
de.mv.wk.015.gem.13053043.wbz.003,wahlbezirk,de.mv.gem.13053043
de.mv.wk.015.gem.13053043.wbz.004,wahlbezirk,de.mv.gem.13053043
de.mv.wk.015.gem.13053043.wbz.005,wahlbezirk,de.mv.gem.13053043
de.mv.wk.015.gem.13053044.wbz.001,wahlbezirk,de.mv.gem.13053044
de.mv.wk.015.gem.13053045.wbz.001,wahlbezirk,de.mv.gem.13053045
de.mv.wk.015.gem.13053047.wbz.001,wahlbezirk,de.mv.gem.13053047
de.mv.wk.015.gem.13053047.wbz.002,wahlbezirk,de.mv.gem.13053047
de.mv.wk.015.gem.13053047.wbz.003,wahlbezirk,de.mv.gem.13053047
de.mv.wk.015.gem.13053047.wbz.004,wahlbezirk,de.mv.gem.13053047
de.mv.wk.015.gem.13053047.wbz.005,wahlbezirk,de.mv.gem.13053047
de.mv.wk.015.gem.13053047.wbz.006,wahlbezirk,de.mv.gem.13053047
de.mv.wk.015.gem.13053047.wbz.007,wahlbezirk,de.mv.gem.13053047
de.mv.wk.015.gem.13053048.wbz.001,wahlbezirk,de.mv.gem.13053048
de.mv.wk.015.gem.13053049.wbz.001,wahlbezirk,de.mv.gem.13053049
de.mv.wk.015.gem.13053050.wbz.001,wahlbezirk,de.mv.gem.13053050
de.mv.wk.015.gem.13053051.wbz.001,wahlbezirk,de.mv.gem.13053051
de.mv.wk.015.gem.13053052.wbz.001,wahlbezirk,de.mv.gem.13053052
de.mv.wk.015.gem.13053053.wbz.001,wahlbezirk,de.mv.gem.13053053
de.mv.wk.015.gem.13053054.wbz.001,wahlbezirk,de.mv.gem.13053054
de.mv.wk.015.gem.13053054.wbz.002,wahlbezirk,de.mv.gem.13053054
de.mv.wk.015.gem.13053056.wbz.001,wahlbezirk,de.mv.gem.13053056
de.mv.wk.015.gem.13053057.wbz.001,wahlbezirk,de.mv.gem.13053057
de.mv.wk.015.gem.13053057.wbz.002,wahlbezirk,de.mv.gem.13053057
de.mv.wk.015.gem.13053057.wbz.003,wahlbezirk,de.mv.gem.13053057
de.mv.wk.015.gem.13053058.wbz.001,wahlbezirk,de.mv.gem.13053058
de.mv.wk.015.gem.13053059.wbz.001,wahlbezirk,de.mv.gem.13053059
de.mv.wk.015.gem.13053060.wbz.001,wahlbezirk,de.mv.gem.13053060
de.mv.wk.015.gem.13053060.wbz.002,wahlbezirk,de.mv.gem.13053060
de.mv.wk.015.gem.13053060.wbz.003,wahlbezirk,de.mv.gem.13053060
de.mv.wk.015.gem.13053062.wbz.001,wahlbezirk,de.mv.gem.13053062
de.mv.wk.015.gem.13053062.wbz.002,wahlbezirk,de.mv.gem.13053062
de.mv.wk.015.gem.13053063.wbz.001,wahlbezirk,de.mv.gem.13053063
de.mv.wk.015.gem.13053068.wbz.001,wahlbezirk,de.mv.gem.13053068
de.mv.wk.015.gem.13053068.wbz.002,wahlbezirk,de.mv.gem.13053068
de.mv.wk.015.gem.13053068.wbz.003,wahlbezirk,de.mv.gem.13053068
de.mv.wk.015.gem.13053068.wbz.004,wahlbezirk,de.mv.gem.13053068
de.mv.wk.015.gem.13053069.wbz.001,wahlbezirk,de.mv.gem.13053069
de.mv.wk.015.gem.13053070.wbz.001,wahlbezirk,de.mv.gem.13053070
de.mv.wk.015.gem.13053071.wbz.001,wahlbezirk,de.mv.gem.13053071
de.mv.wk.015.gem.13053074.wbz.001,wahlbezirk,de.mv.gem.13053074
de.mv.wk.015.gem.13053075.wbz.001,wahlbezirk,de.mv.gem.13053075
de.mv.wk.015.gem.13053076.wbz.001,wahlbezirk,de.mv.gem.13053076
de.mv.wk.015.gem.13053079.wbz.001,wahlbezirk,de.mv.gem.13053079
de.mv.wk.015.gem.13053080.wbz.001,wahlbezirk,de.mv.gem.13053080
de.mv.wk.015.gem.13053084.wbz.001,wahlbezirk,de.mv.gem.13053084
de.mv.wk.015.gem.13053085.wbz.001,wahlbezirk,de.mv.gem.13053085
de.mv.wk.015.gem.13053087.wbz.001,wahlbezirk,de.mv.gem.13053087
de.mv.wk.015.gem.13053087.wbz.002,wahlbezirk,de.mv.gem.13053087
de.mv.wk.015.gem.13053087.wbz.003,wahlbezirk,de.mv.gem.13053087
de.mv.wk.015.gem.13053087.wbz.004,wahlbezirk,de.mv.gem.13053087
de.mv.wk.015.gem.13053087.wbz.005,wahlbezirk,de.mv.gem.13053087
de.mv.wk.015.gem.13053087.wbz.006,wahlbezirk,de.mv.gem.13053087
de.mv.wk.015.gem.13053087.wbz.007,wahlbezirk,de.mv.gem.13053087
de.mv.wk.015.gem.13053088.wbz.001,wahlbezirk,de.mv.gem.13053088
de.mv.wk.015.gem.13053089.wbz.001,wahlbezirk,de.mv.gem.13053089
de.mv.wk.015.gem.13053089.wbz.002,wahlbezirk,de.mv.gem.13053089
de.mv.wk.015.gem.13053089.wbz.003,wahlbezirk,de.mv.gem.13053089
de.mv.wk.015.gem.13053091.wbz.001,wahlbezirk,de.mv.gem.13053091
de.mv.wk.015.gem.13053092.wbz.001,wahlbezirk,de.mv.gem.13053092
de.mv.wk.015.gem.13053092.wbz.002,wahlbezirk,de.mv.gem.13053092
de.mv.wk.015.gem.13053092.wbz.003,wahlbezirk,de.mv.gem.13053092
de.mv.wk.015.gem.13053093.wbz.001,wahlbezirk,de.mv.gem.13053093
de.mv.wk.015.gem.13053095.wbz.001,wahlbezirk,de.mv.gem.13053095
de.mv.wk.015.gem.13053096.wbz.001,wahlbezirk,de.mv.gem.13053096
de.mv.wk.015.gem.13053097.wbz.001,wahlbezirk,de.mv.gem.13053097
de.mv.wk.015.gem.13053097.wbz.002,wahlbezirk,de.mv.gem.13053097
de.mv.wk.015.gem.13053098.wbz.001,wahlbezirk,de.mv.gem.13053098
de.mv.wk.015.gem.13053249.wbz.901,briefwahlbezirk,de.mv.gem.13053249
de.mv.wk.015.gem.13053249.wbz.902,briefwahlbezirk,de.mv.gem.13053249
de.mv.wk.016.gem.13053004.wbz.001,wahlbezirk,de.mv.gem.13053004
de.mv.wk.016.gem.13053007.wbz.001,wahlbezirk,de.mv.gem.13053007
de.mv.wk.016.gem.13053009.wbz.001,wahlbezirk,de.mv.gem.13053009
de.mv.wk.016.gem.13053013.wbz.001,wahlbezirk,de.mv.gem.13053013
de.mv.wk.016.gem.13053013.wbz.002,wahlbezirk,de.mv.gem.13053013
de.mv.wk.016.gem.13053013.wbz.003,wahlbezirk,de.mv.gem.13053013
de.mv.wk.016.gem.13053013.wbz.004,wahlbezirk,de.mv.gem.13053013
de.mv.wk.016.gem.13053013.wbz.005,wahlbezirk,de.mv.gem.13053013
de.mv.wk.016.gem.13053013.wbz.006,wahlbezirk,de.mv.gem.13053013
de.mv.wk.016.gem.13053013.wbz.007,wahlbezirk,de.mv.gem.13053013
de.mv.wk.016.gem.13053019.wbz.001,wahlbezirk,de.mv.gem.13053019
de.mv.wk.016.gem.13053023.wbz.001,wahlbezirk,de.mv.gem.13053023
de.mv.wk.016.gem.13053030.wbz.001,wahlbezirk,de.mv.gem.13053030
de.mv.wk.016.gem.13053030.wbz.002,wahlbezirk,de.mv.gem.13053030
de.mv.wk.016.gem.13053030.wbz.003,wahlbezirk,de.mv.gem.13053030
de.mv.wk.016.gem.13053031.wbz.001,wahlbezirk,de.mv.gem.13053031
de.mv.wk.016.gem.13053031.wbz.002,wahlbezirk,de.mv.gem.13053031
de.mv.wk.016.gem.13053031.wbz.003,wahlbezirk,de.mv.gem.13053031
de.mv.wk.016.gem.13053031.wbz.004,wahlbezirk,de.mv.gem.13053031
de.mv.wk.016.gem.13053031.wbz.005,wahlbezirk,de.mv.gem.13053031
de.mv.wk.016.gem.13053031.wbz.006,wahlbezirk,de.mv.gem.13053031
de.mv.wk.016.gem.13053031.wbz.007,wahlbezirk,de.mv.gem.13053031
de.mv.wk.016.gem.13053031.wbz.008,wahlbezirk,de.mv.gem.13053031
de.mv.wk.016.gem.13053031.wbz.009,wahlbezirk,de.mv.gem.13053031
de.mv.wk.016.gem.13053031.wbz.010,wahlbezirk,de.mv.gem.13053031
de.mv.wk.016.gem.13053031.wbz.011,wahlbezirk,de.mv.gem.13053031
de.mv.wk.016.gem.13053031.wbz.012,wahlbezirk,de.mv.gem.13053031
de.mv.wk.016.gem.13053031.wbz.013,wahlbezirk,de.mv.gem.13053031
de.mv.wk.016.gem.13053031.wbz.014,wahlbezirk,de.mv.gem.13053031
de.mv.wk.016.gem.13053031.wbz.015,wahlbezirk,de.mv.gem.13053031
de.mv.wk.016.gem.13053031.wbz.016,wahlbezirk,de.mv.gem.13053031
de.mv.wk.016.gem.13053031.wbz.017,wahlbezirk,de.mv.gem.13053031
de.mv.wk.016.gem.13053031.wbz.018,wahlbezirk,de.mv.gem.13053031
de.mv.wk.016.gem.13053031.wbz.019,wahlbezirk,de.mv.gem.13053031
de.mv.wk.016.gem.13053031.wbz.020,wahlbezirk,de.mv.gem.13053031
de.mv.wk.016.gem.13053031.wbz.021,wahlbezirk,de.mv.gem.13053031
de.mv.wk.016.gem.13053031.wbz.022,wahlbezirk,de.mv.gem.13053031
de.mv.wk.016.gem.13053031.wbz.023,wahlbezirk,de.mv.gem.13053031
de.mv.wk.016.gem.13053031.wbz.024,wahlbezirk,de.mv.gem.13053031
de.mv.wk.016.gem.13053031.wbz.025,wahlbezirk,de.mv.gem.13053031
de.mv.wk.016.gem.13053031.wbz.026,wahlbezirk,de.mv.gem.13053031
de.mv.wk.016.gem.13053031.wbz.027,wahlbezirk,de.mv.gem.13053031
de.mv.wk.016.gem.13053031.wbz.028,wahlbezirk,de.mv.gem.13053031
de.mv.wk.016.gem.13053031.wbz.029,wahlbezirk,de.mv.gem.13053031
de.mv.wk.016.gem.13053031.wbz.030,wahlbezirk,de.mv.gem.13053031
de.mv.wk.016.gem.13053031.wbz.031,wahlbezirk,de.mv.gem.13053031
de.mv.wk.016.gem.13053037.wbz.001,wahlbezirk,de.mv.gem.13053037
de.mv.wk.016.gem.13053038.wbz.001,wahlbezirk,de.mv.gem.13053038
de.mv.wk.016.gem.13053039.wbz.001,wahlbezirk,de.mv.gem.13053039
de.mv.wk.016.gem.13053040.wbz.001,wahlbezirk,de.mv.gem.13053040
de.mv.wk.016.gem.13053046.wbz.001,wahlbezirk,de.mv.gem.13053046
de.mv.wk.016.gem.13053055.wbz.001,wahlbezirk,de.mv.gem.13053055
de.mv.wk.016.gem.13053061.wbz.001,wahlbezirk,de.mv.gem.13053061
de.mv.wk.016.gem.13053064.wbz.001,wahlbezirk,de.mv.gem.13053064
de.mv.wk.016.gem.13053065.wbz.001,wahlbezirk,de.mv.gem.13053065
de.mv.wk.016.gem.13053066.wbz.001,wahlbezirk,de.mv.gem.13053066
de.mv.wk.016.gem.13053067.wbz.001,wahlbezirk,de.mv.gem.13053067
de.mv.wk.016.gem.13053072.wbz.001,wahlbezirk,de.mv.gem.13053072
de.mv.wk.016.gem.13053073.wbz.001,wahlbezirk,de.mv.gem.13053073
de.mv.wk.016.gem.13053077.wbz.001,wahlbezirk,de.mv.gem.13053077
de.mv.wk.016.gem.13053078.wbz.001,wahlbezirk,de.mv.gem.13053078
de.mv.wk.016.gem.13053081.wbz.001,wahlbezirk,de.mv.gem.13053081
de.mv.wk.016.gem.13053082.wbz.001,wahlbezirk,de.mv.gem.13053082
de.mv.wk.016.gem.13053083.wbz.001,wahlbezirk,de.mv.gem.13053083
de.mv.wk.016.gem.13053086.wbz.001,wahlbezirk,de.mv.gem.13053086
de.mv.wk.016.gem.13053090.wbz.001,wahlbezirk,de.mv.gem.13053090
de.mv.wk.016.gem.13053094.wbz.001,wahlbezirk,de.mv.gem.13053094
de.mv.wk.016.gem.13053099.wbz.001,wahlbezirk,de.mv.gem.13053099
de.mv.wk.016.gem.13053100.wbz.001,wahlbezirk,de.mv.gem.13053100
de.mv.wk.016.gem.13053249.wbz.903,briefwahlbezirk,de.mv.gem.13053249
de.mv.wk.016.gem.13053249.wbz.904,briefwahlbezirk,de.mv.gem.13053249
de.mv.wk.017.gem.13054005.wbz.001,wahlbezirk,de.mv.gem.13054005
de.mv.wk.017.gem.13054006.wbz.001,wahlbezirk,de.mv.gem.13054006
de.mv.wk.017.gem.13054008.wbz.001,wahlbezirk,de.mv.gem.13054008
de.mv.wk.017.gem.13054009.wbz.001,wahlbezirk,de.mv.gem.13054009
de.mv.wk.017.gem.13054013.wbz.001,wahlbezirk,de.mv.gem.13054013
de.mv.wk.017.gem.13054013.wbz.002,wahlbezirk,de.mv.gem.13054013
de.mv.wk.017.gem.13054013.wbz.003,wahlbezirk,de.mv.gem.13054013
de.mv.wk.017.gem.13054013.wbz.004,wahlbezirk,de.mv.gem.13054013
de.mv.wk.017.gem.13054013.wbz.005,wahlbezirk,de.mv.gem.13054013
de.mv.wk.017.gem.13054013.wbz.006,wahlbezirk,de.mv.gem.13054013
de.mv.wk.017.gem.13054013.wbz.007,wahlbezirk,de.mv.gem.13054013
de.mv.wk.017.gem.13054013.wbz.008,wahlbezirk,de.mv.gem.13054013
de.mv.wk.017.gem.13054013.wbz.009,wahlbezirk,de.mv.gem.13054013
de.mv.wk.017.gem.13054013.wbz.010,wahlbezirk,de.mv.gem.13054013
de.mv.wk.017.gem.13054013.wbz.011,wahlbezirk,de.mv.gem.13054013
de.mv.wk.017.gem.13054013.wbz.012,wahlbezirk,de.mv.gem.13054013
de.mv.wk.017.gem.13054013.wbz.013,wahlbezirk,de.mv.gem.13054013
de.mv.wk.017.gem.13054013.wbz.014,wahlbezirk,de.mv.gem.13054013
de.mv.wk.017.gem.13054013.wbz.015,wahlbezirk,de.mv.gem.13054013
de.mv.wk.017.gem.13054013.wbz.016,wahlbezirk,de.mv.gem.13054013
de.mv.wk.017.gem.13054014.wbz.001,wahlbezirk,de.mv.gem.13054014
de.mv.wk.017.gem.13054014.wbz.002,wahlbezirk,de.mv.gem.13054014
de.mv.wk.017.gem.13054019.wbz.001,wahlbezirk,de.mv.gem.13054019
de.mv.wk.017.gem.13054022.wbz.001,wahlbezirk,de.mv.gem.13054022
de.mv.wk.017.gem.13054022.wbz.002,wahlbezirk,de.mv.gem.13054022
de.mv.wk.017.gem.13054024.wbz.001,wahlbezirk,de.mv.gem.13054024
de.mv.wk.017.gem.13054024.wbz.002,wahlbezirk,de.mv.gem.13054024
de.mv.wk.017.gem.13054024.wbz.003,wahlbezirk,de.mv.gem.13054024
de.mv.wk.017.gem.13054024.wbz.004,wahlbezirk,de.mv.gem.13054024
de.mv.wk.017.gem.13054030.wbz.001,wahlbezirk,de.mv.gem.13054030
de.mv.wk.017.gem.13054032.wbz.001,wahlbezirk,de.mv.gem.13054032
de.mv.wk.017.gem.13054035.wbz.001,wahlbezirk,de.mv.gem.13054035
de.mv.wk.017.gem.13054036.wbz.001,wahlbezirk,de.mv.gem.13054036
de.mv.wk.017.gem.13054038.wbz.001,wahlbezirk,de.mv.gem.13054038
de.mv.wk.017.gem.13054039.wbz.001,wahlbezirk,de.mv.gem.13054039
de.mv.wk.017.gem.13054040.wbz.001,wahlbezirk,de.mv.gem.13054040
de.mv.wk.017.gem.13054044.wbz.001,wahlbezirk,de.mv.gem.13054044
de.mv.wk.017.gem.13054048.wbz.001,wahlbezirk,de.mv.gem.13054048
de.mv.wk.017.gem.13054049.wbz.001,wahlbezirk,de.mv.gem.13054049
de.mv.wk.017.gem.13054053.wbz.001,wahlbezirk,de.mv.gem.13054053
de.mv.wk.017.gem.13054055.wbz.001,wahlbezirk,de.mv.gem.13054055
de.mv.wk.017.gem.13054056.wbz.001,wahlbezirk,de.mv.gem.13054056
de.mv.wk.017.gem.13054062.wbz.001,wahlbezirk,de.mv.gem.13054062
de.mv.wk.017.gem.13054067.wbz.001,wahlbezirk,de.mv.gem.13054067
de.mv.wk.017.gem.13054067.wbz.002,wahlbezirk,de.mv.gem.13054067
de.mv.wk.017.gem.13054067.wbz.003,wahlbezirk,de.mv.gem.13054067
de.mv.wk.017.gem.13054070.wbz.001,wahlbezirk,de.mv.gem.13054070
de.mv.wk.017.gem.13054071.wbz.001,wahlbezirk,de.mv.gem.13054071
de.mv.wk.017.gem.13054072.wbz.001,wahlbezirk,de.mv.gem.13054072
de.mv.wk.017.gem.13054072.wbz.002,wahlbezirk,de.mv.gem.13054072
de.mv.wk.017.gem.13054072.wbz.003,wahlbezirk,de.mv.gem.13054072
de.mv.wk.017.gem.13054073.wbz.001,wahlbezirk,de.mv.gem.13054073
de.mv.wk.017.gem.13054073.wbz.002,wahlbezirk,de.mv.gem.13054073
de.mv.wk.017.gem.13054078.wbz.001,wahlbezirk,de.mv.gem.13054078
de.mv.wk.017.gem.13054079.wbz.001,wahlbezirk,de.mv.gem.13054079
de.mv.wk.017.gem.13054079.wbz.002,wahlbezirk,de.mv.gem.13054079
de.mv.wk.017.gem.13054080.wbz.001,wahlbezirk,de.mv.gem.13054080
de.mv.wk.017.gem.13054082.wbz.001,wahlbezirk,de.mv.gem.13054082
de.mv.wk.017.gem.13054083.wbz.001,wahlbezirk,de.mv.gem.13054083
de.mv.wk.017.gem.13054088.wbz.001,wahlbezirk,de.mv.gem.13054088
de.mv.wk.017.gem.13054093.wbz.001,wahlbezirk,de.mv.gem.13054093
de.mv.wk.017.gem.13054093.wbz.002,wahlbezirk,de.mv.gem.13054093
de.mv.wk.017.gem.13054094.wbz.001,wahlbezirk,de.mv.gem.13054094
de.mv.wk.017.gem.13054096.wbz.001,wahlbezirk,de.mv.gem.13054096
de.mv.wk.017.gem.13054102.wbz.001,wahlbezirk,de.mv.gem.13054102
de.mv.wk.017.gem.13054103.wbz.001,wahlbezirk,de.mv.gem.13054103
de.mv.wk.017.gem.13054105.wbz.001,wahlbezirk,de.mv.gem.13054105
de.mv.wk.017.gem.13054108.wbz.001,wahlbezirk,de.mv.gem.13054108
de.mv.wk.017.gem.13054109.wbz.001,wahlbezirk,de.mv.gem.13054109
de.mv.wk.017.gem.13054110.wbz.001,wahlbezirk,de.mv.gem.13054110
de.mv.wk.017.gem.13054110.wbz.002,wahlbezirk,de.mv.gem.13054110
de.mv.wk.017.gem.13054116.wbz.001,wahlbezirk,de.mv.gem.13054116
de.mv.wk.017.gem.13054120.wbz.001,wahlbezirk,de.mv.gem.13054120
de.mv.wk.017.gem.13054121.wbz.001,wahlbezirk,de.mv.gem.13054121
de.mv.wk.017.gem.13054121.wbz.002,wahlbezirk,de.mv.gem.13054121
de.mv.wk.017.gem.13054249.wbz.901,briefwahlbezirk,de.mv.gem.13054249
de.mv.wk.017.gem.13054249.wbz.902,briefwahlbezirk,de.mv.gem.13054249
de.mv.wk.018.gem.13054002.wbz.001,wahlbezirk,de.mv.gem.13054002
de.mv.wk.018.gem.13054004.wbz.001,wahlbezirk,de.mv.gem.13054004
de.mv.wk.018.gem.13054007.wbz.001,wahlbezirk,de.mv.gem.13054007
de.mv.wk.018.gem.13054011.wbz.001,wahlbezirk,de.mv.gem.13054011
de.mv.wk.018.gem.13054012.wbz.001,wahlbezirk,de.mv.gem.13054012
de.mv.wk.018.gem.13054012.wbz.002,wahlbezirk,de.mv.gem.13054012
de.mv.wk.018.gem.13054012.wbz.003,wahlbezirk,de.mv.gem.13054012
de.mv.wk.018.gem.13054016.wbz.001,wahlbezirk,de.mv.gem.13054016
de.mv.wk.018.gem.13054023.wbz.001,wahlbezirk,de.mv.gem.13054023
de.mv.wk.018.gem.13054025.wbz.001,wahlbezirk,de.mv.gem.13054025
de.mv.wk.018.gem.13054026.wbz.001,wahlbezirk,de.mv.gem.13054026
de.mv.wk.018.gem.13054027.wbz.001,wahlbezirk,de.mv.gem.13054027
de.mv.wk.018.gem.13054027.wbz.002,wahlbezirk,de.mv.gem.13054027
de.mv.wk.018.gem.13054031.wbz.001,wahlbezirk,de.mv.gem.13054031
de.mv.wk.018.gem.13054041.wbz.001,wahlbezirk,de.mv.gem.13054041
de.mv.wk.018.gem.13054043.wbz.001,wahlbezirk,de.mv.gem.13054043
de.mv.wk.018.gem.13054043.wbz.002,wahlbezirk,de.mv.gem.13054043
de.mv.wk.018.gem.13054043.wbz.003,wahlbezirk,de.mv.gem.13054043
de.mv.wk.018.gem.13054043.wbz.004,wahlbezirk,de.mv.gem.13054043
de.mv.wk.018.gem.13054043.wbz.005,wahlbezirk,de.mv.gem.13054043
de.mv.wk.018.gem.13054043.wbz.006,wahlbezirk,de.mv.gem.13054043
de.mv.wk.018.gem.13054043.wbz.007,wahlbezirk,de.mv.gem.13054043
de.mv.wk.018.gem.13054043.wbz.008,wahlbezirk,de.mv.gem.13054043
de.mv.wk.018.gem.13054043.wbz.009,wahlbezirk,de.mv.gem.13054043
de.mv.wk.018.gem.13054043.wbz.010,wahlbezirk,de.mv.gem.13054043
de.mv.wk.018.gem.13054043.wbz.011,wahlbezirk,de.mv.gem.13054043
de.mv.wk.018.gem.13054043.wbz.012,wahlbezirk,de.mv.gem.13054043
de.mv.wk.018.gem.13054043.wbz.013,wahlbezirk,de.mv.gem.13054043
de.mv.wk.018.gem.13054045.wbz.001,wahlbezirk,de.mv.gem.13054045
de.mv.wk.018.gem.13054045.wbz.002,wahlbezirk,de.mv.gem.13054045
de.mv.wk.018.gem.13054046.wbz.001,wahlbezirk,de.mv.gem.13054046
de.mv.wk.018.gem.13054047.wbz.001,wahlbezirk,de.mv.gem.13054047
de.mv.wk.018.gem.13054050.wbz.001,wahlbezirk,de.mv.gem.13054050
de.mv.wk.018.gem.13054052.wbz.001,wahlbezirk,de.mv.gem.13054052
de.mv.wk.018.gem.13054054.wbz.001,wahlbezirk,de.mv.gem.13054054
de.mv.wk.018.gem.13054054.wbz.002,wahlbezirk,de.mv.gem.13054054
de.mv.wk.018.gem.13054057.wbz.001,wahlbezirk,de.mv.gem.13054057
de.mv.wk.018.gem.13054057.wbz.002,wahlbezirk,de.mv.gem.13054057
de.mv.wk.018.gem.13054057.wbz.003,wahlbezirk,de.mv.gem.13054057
de.mv.wk.018.gem.13054060.wbz.001,wahlbezirk,de.mv.gem.13054060
de.mv.wk.018.gem.13054063.wbz.001,wahlbezirk,de.mv.gem.13054063
de.mv.wk.018.gem.13054065.wbz.001,wahlbezirk,de.mv.gem.13054065
de.mv.wk.018.gem.13054068.wbz.001,wahlbezirk,de.mv.gem.13054068
de.mv.wk.018.gem.13054076.wbz.001,wahlbezirk,de.mv.gem.13054076
de.mv.wk.018.gem.13054084.wbz.001,wahlbezirk,de.mv.gem.13054084
de.mv.wk.018.gem.13054085.wbz.001,wahlbezirk,de.mv.gem.13054085
de.mv.wk.018.gem.13054086.wbz.001,wahlbezirk,de.mv.gem.13054086
de.mv.wk.018.gem.13054087.wbz.001,wahlbezirk,de.mv.gem.13054087
de.mv.wk.018.gem.13054087.wbz.002,wahlbezirk,de.mv.gem.13054087
de.mv.wk.018.gem.13054090.wbz.001,wahlbezirk,de.mv.gem.13054090
de.mv.wk.018.gem.13054091.wbz.001,wahlbezirk,de.mv.gem.13054091
de.mv.wk.018.gem.13054091.wbz.002,wahlbezirk,de.mv.gem.13054091
de.mv.wk.018.gem.13054092.wbz.001,wahlbezirk,de.mv.gem.13054092
de.mv.wk.018.gem.13054095.wbz.001,wahlbezirk,de.mv.gem.13054095
de.mv.wk.018.gem.13054097.wbz.001,wahlbezirk,de.mv.gem.13054097
de.mv.wk.018.gem.13054099.wbz.001,wahlbezirk,de.mv.gem.13054099
de.mv.wk.018.gem.13054100.wbz.001,wahlbezirk,de.mv.gem.13054100
de.mv.wk.018.gem.13054101.wbz.001,wahlbezirk,de.mv.gem.13054101
de.mv.wk.018.gem.13054101.wbz.002,wahlbezirk,de.mv.gem.13054101
de.mv.wk.018.gem.13054101.wbz.003,wahlbezirk,de.mv.gem.13054101
de.mv.wk.018.gem.13054104.wbz.001,wahlbezirk,de.mv.gem.13054104
de.mv.wk.018.gem.13054106.wbz.001,wahlbezirk,de.mv.gem.13054106
de.mv.wk.018.gem.13054106.wbz.002,wahlbezirk,de.mv.gem.13054106
de.mv.wk.018.gem.13054107.wbz.001,wahlbezirk,de.mv.gem.13054107
de.mv.wk.018.gem.13054111.wbz.001,wahlbezirk,de.mv.gem.13054111
de.mv.wk.018.gem.13054113.wbz.001,wahlbezirk,de.mv.gem.13054113
de.mv.wk.018.gem.13054113.wbz.002,wahlbezirk,de.mv.gem.13054113
de.mv.wk.018.gem.13054114.wbz.001,wahlbezirk,de.mv.gem.13054114
de.mv.wk.018.gem.13054117.wbz.001,wahlbezirk,de.mv.gem.13054117
de.mv.wk.018.gem.13054117.wbz.002,wahlbezirk,de.mv.gem.13054117
de.mv.wk.018.gem.13054117.wbz.003,wahlbezirk,de.mv.gem.13054117
de.mv.wk.018.gem.13054117.wbz.004,wahlbezirk,de.mv.gem.13054117
de.mv.wk.018.gem.13054118.wbz.001,wahlbezirk,de.mv.gem.13054118
de.mv.wk.018.gem.13054123.wbz.001,wahlbezirk,de.mv.gem.13054123
de.mv.wk.018.gem.13054249.wbz.903,briefwahlbezirk,de.mv.gem.13054249
de.mv.wk.018.gem.13054249.wbz.904,briefwahlbezirk,de.mv.gem.13054249
de.mv.wk.019.gem.13054001.wbz.001,wahlbezirk,de.mv.gem.13054001
de.mv.wk.019.gem.13054001.wbz.002,wahlbezirk,de.mv.gem.13054001
de.mv.wk.019.gem.13054001.wbz.003,wahlbezirk,de.mv.gem.13054001
de.mv.wk.019.gem.13054001.wbz.004,wahlbezirk,de.mv.gem.13054001
de.mv.wk.019.gem.13054003.wbz.001,wahlbezirk,de.mv.gem.13054003
de.mv.wk.019.gem.13054010.wbz.001,wahlbezirk,de.mv.gem.13054010
de.mv.wk.019.gem.13054015.wbz.001,wahlbezirk,de.mv.gem.13054015
de.mv.wk.019.gem.13054017.wbz.001,wahlbezirk,de.mv.gem.13054017
de.mv.wk.019.gem.13054018.wbz.001,wahlbezirk,de.mv.gem.13054018
de.mv.wk.019.gem.13054018.wbz.002,wahlbezirk,de.mv.gem.13054018
de.mv.wk.019.gem.13054020.wbz.001,wahlbezirk,de.mv.gem.13054020
de.mv.wk.019.gem.13054021.wbz.001,wahlbezirk,de.mv.gem.13054021
de.mv.wk.019.gem.13054028.wbz.001,wahlbezirk,de.mv.gem.13054028
de.mv.wk.019.gem.13054028.wbz.002,wahlbezirk,de.mv.gem.13054028
de.mv.wk.019.gem.13054028.wbz.003,wahlbezirk,de.mv.gem.13054028
de.mv.wk.019.gem.13054029.wbz.001,wahlbezirk,de.mv.gem.13054029
de.mv.wk.019.gem.13054033.wbz.001,wahlbezirk,de.mv.gem.13054033
de.mv.wk.019.gem.13054034.wbz.001,wahlbezirk,de.mv.gem.13054034
de.mv.wk.019.gem.13054037.wbz.001,wahlbezirk,de.mv.gem.13054037
de.mv.wk.019.gem.13054037.wbz.002,wahlbezirk,de.mv.gem.13054037
de.mv.wk.019.gem.13054037.wbz.003,wahlbezirk,de.mv.gem.13054037
de.mv.wk.019.gem.13054037.wbz.004,wahlbezirk,de.mv.gem.13054037
de.mv.wk.019.gem.13054037.wbz.005,wahlbezirk,de.mv.gem.13054037
de.mv.wk.019.gem.13054037.wbz.006,wahlbezirk,de.mv.gem.13054037
de.mv.wk.019.gem.13054042.wbz.001,wahlbezirk,de.mv.gem.13054042
de.mv.wk.019.gem.13054051.wbz.001,wahlbezirk,de.mv.gem.13054051
de.mv.wk.019.gem.13054058.wbz.001,wahlbezirk,de.mv.gem.13054058
de.mv.wk.019.gem.13054059.wbz.001,wahlbezirk,de.mv.gem.13054059
de.mv.wk.019.gem.13054061.wbz.001,wahlbezirk,de.mv.gem.13054061
de.mv.wk.019.gem.13054064.wbz.001,wahlbezirk,de.mv.gem.13054064
de.mv.wk.019.gem.13054066.wbz.001,wahlbezirk,de.mv.gem.13054066
de.mv.wk.019.gem.13054066.wbz.002,wahlbezirk,de.mv.gem.13054066
de.mv.wk.019.gem.13054069.wbz.001,wahlbezirk,de.mv.gem.13054069
de.mv.wk.019.gem.13054069.wbz.002,wahlbezirk,de.mv.gem.13054069
de.mv.wk.019.gem.13054069.wbz.003,wahlbezirk,de.mv.gem.13054069
de.mv.wk.019.gem.13054069.wbz.004,wahlbezirk,de.mv.gem.13054069
de.mv.wk.019.gem.13054069.wbz.005,wahlbezirk,de.mv.gem.13054069
de.mv.wk.019.gem.13054069.wbz.006,wahlbezirk,de.mv.gem.13054069
de.mv.wk.019.gem.13054069.wbz.007,wahlbezirk,de.mv.gem.13054069
de.mv.wk.019.gem.13054069.wbz.008,wahlbezirk,de.mv.gem.13054069
de.mv.wk.019.gem.13054069.wbz.009,wahlbezirk,de.mv.gem.13054069
de.mv.wk.019.gem.13054069.wbz.010,wahlbezirk,de.mv.gem.13054069
de.mv.wk.019.gem.13054069.wbz.011,wahlbezirk,de.mv.gem.13054069
de.mv.wk.019.gem.13054069.wbz.012,wahlbezirk,de.mv.gem.13054069
de.mv.wk.019.gem.13054074.wbz.001,wahlbezirk,de.mv.gem.13054074
de.mv.wk.019.gem.13054074.wbz.002,wahlbezirk,de.mv.gem.13054074
de.mv.wk.019.gem.13054075.wbz.001,wahlbezirk,de.mv.gem.13054075
de.mv.wk.019.gem.13054077.wbz.001,wahlbezirk,de.mv.gem.13054077
de.mv.wk.019.gem.13054081.wbz.001,wahlbezirk,de.mv.gem.13054081
de.mv.wk.019.gem.13054081.wbz.002,wahlbezirk,de.mv.gem.13054081
de.mv.wk.019.gem.13054081.wbz.003,wahlbezirk,de.mv.gem.13054081
de.mv.wk.019.gem.13054081.wbz.004,wahlbezirk,de.mv.gem.13054081
de.mv.wk.019.gem.13054081.wbz.005,wahlbezirk,de.mv.gem.13054081
de.mv.wk.019.gem.13054081.wbz.006,wahlbezirk,de.mv.gem.13054081
de.mv.wk.019.gem.13054089.wbz.001,wahlbezirk,de.mv.gem.13054089
de.mv.wk.019.gem.13054089.wbz.002,wahlbezirk,de.mv.gem.13054089
de.mv.wk.019.gem.13054098.wbz.001,wahlbezirk,de.mv.gem.13054098
de.mv.wk.019.gem.13054098.wbz.002,wahlbezirk,de.mv.gem.13054098
de.mv.wk.019.gem.13054112.wbz.001,wahlbezirk,de.mv.gem.13054112
de.mv.wk.019.gem.13054115.wbz.001,wahlbezirk,de.mv.gem.13054115
de.mv.wk.019.gem.13054119.wbz.001,wahlbezirk,de.mv.gem.13054119
de.mv.wk.019.gem.13054122.wbz.001,wahlbezirk,de.mv.gem.13054122
de.mv.wk.019.gem.13054122.wbz.002,wahlbezirk,de.mv.gem.13054122
de.mv.wk.019.gem.13054249.wbz.905,briefwahlbezirk,de.mv.gem.13054249
de.mv.wk.019.gem.13054249.wbz.906,briefwahlbezirk,de.mv.gem.13054249
de.mv.wk.020.gem.13056001.wbz.001,wahlbezirk,de.mv.gem.13056001
de.mv.wk.020.gem.13056003.wbz.001,wahlbezirk,de.mv.gem.13056003
de.mv.wk.020.gem.13056004.wbz.001,wahlbezirk,de.mv.gem.13056004
de.mv.wk.020.gem.13056005.wbz.001,wahlbezirk,de.mv.gem.13056005
de.mv.wk.020.gem.13056007.wbz.001,wahlbezirk,de.mv.gem.13056007
de.mv.wk.020.gem.13056009.wbz.001,wahlbezirk,de.mv.gem.13056009
de.mv.wk.020.gem.13056010.wbz.001,wahlbezirk,de.mv.gem.13056010
de.mv.wk.020.gem.13056011.wbz.001,wahlbezirk,de.mv.gem.13056011
de.mv.wk.020.gem.13056012.wbz.001,wahlbezirk,de.mv.gem.13056012
de.mv.wk.020.gem.13056013.wbz.001,wahlbezirk,de.mv.gem.13056013
de.mv.wk.020.gem.13056014.wbz.001,wahlbezirk,de.mv.gem.13056014
de.mv.wk.020.gem.13056015.wbz.001,wahlbezirk,de.mv.gem.13056015
de.mv.wk.020.gem.13056017.wbz.001,wahlbezirk,de.mv.gem.13056017
de.mv.wk.020.gem.13056018.wbz.001,wahlbezirk,de.mv.gem.13056018
de.mv.wk.020.gem.13056019.wbz.001,wahlbezirk,de.mv.gem.13056019
de.mv.wk.020.gem.13056021.wbz.001,wahlbezirk,de.mv.gem.13056021
de.mv.wk.020.gem.13056022.wbz.001,wahlbezirk,de.mv.gem.13056022
de.mv.wk.020.gem.13056023.wbz.001,wahlbezirk,de.mv.gem.13056023
de.mv.wk.020.gem.13056024.wbz.001,wahlbezirk,de.mv.gem.13056024
de.mv.wk.020.gem.13056025.wbz.001,wahlbezirk,de.mv.gem.13056025
de.mv.wk.020.gem.13056026.wbz.001,wahlbezirk,de.mv.gem.13056026
de.mv.wk.020.gem.13056027.wbz.001,wahlbezirk,de.mv.gem.13056027
de.mv.wk.020.gem.13056028.wbz.001,wahlbezirk,de.mv.gem.13056028
de.mv.wk.020.gem.13056030.wbz.001,wahlbezirk,de.mv.gem.13056030
de.mv.wk.020.gem.13056031.wbz.001,wahlbezirk,de.mv.gem.13056031
de.mv.wk.020.gem.13056032.wbz.001,wahlbezirk,de.mv.gem.13056032
de.mv.wk.020.gem.13056034.wbz.001,wahlbezirk,de.mv.gem.13056034
de.mv.wk.020.gem.13056037.wbz.001,wahlbezirk,de.mv.gem.13056037
de.mv.wk.020.gem.13056038.wbz.001,wahlbezirk,de.mv.gem.13056038
de.mv.wk.020.gem.13056039.wbz.001,wahlbezirk,de.mv.gem.13056039
de.mv.wk.020.gem.13056040.wbz.001,wahlbezirk,de.mv.gem.13056040
de.mv.wk.020.gem.13056041.wbz.001,wahlbezirk,de.mv.gem.13056041
de.mv.wk.020.gem.13056041.wbz.002,wahlbezirk,de.mv.gem.13056041
de.mv.wk.020.gem.13056041.wbz.003,wahlbezirk,de.mv.gem.13056041
de.mv.wk.020.gem.13056041.wbz.004,wahlbezirk,de.mv.gem.13056041
de.mv.wk.020.gem.13056041.wbz.005,wahlbezirk,de.mv.gem.13056041
de.mv.wk.020.gem.13056041.wbz.006,wahlbezirk,de.mv.gem.13056041
de.mv.wk.020.gem.13056044.wbz.001,wahlbezirk,de.mv.gem.13056044
de.mv.wk.020.gem.13056046.wbz.001,wahlbezirk,de.mv.gem.13056046
de.mv.wk.020.gem.13056049.wbz.001,wahlbezirk,de.mv.gem.13056049
de.mv.wk.020.gem.13056050.wbz.001,wahlbezirk,de.mv.gem.13056050
de.mv.wk.020.gem.13056051.wbz.001,wahlbezirk,de.mv.gem.13056051
de.mv.wk.020.gem.13056052.wbz.001,wahlbezirk,de.mv.gem.13056052
de.mv.wk.020.gem.13056057.wbz.001,wahlbezirk,de.mv.gem.13056057
de.mv.wk.020.gem.13056057.wbz.002,wahlbezirk,de.mv.gem.13056057
de.mv.wk.020.gem.13056057.wbz.003,wahlbezirk,de.mv.gem.13056057
de.mv.wk.020.gem.13056057.wbz.004,wahlbezirk,de.mv.gem.13056057
de.mv.wk.020.gem.13056058.wbz.001,wahlbezirk,de.mv.gem.13056058
de.mv.wk.020.gem.13056059.wbz.001,wahlbezirk,de.mv.gem.13056059
de.mv.wk.020.gem.13056060.wbz.001,wahlbezirk,de.mv.gem.13056060
de.mv.wk.020.gem.13056062.wbz.001,wahlbezirk,de.mv.gem.13056062
de.mv.wk.020.gem.13056062.wbz.002,wahlbezirk,de.mv.gem.13056062
de.mv.wk.020.gem.13056063.wbz.001,wahlbezirk,de.mv.gem.13056063
de.mv.wk.020.gem.13056064.wbz.001,wahlbezirk,de.mv.gem.13056064
de.mv.wk.020.gem.13056065.wbz.001,wahlbezirk,de.mv.gem.13056065
de.mv.wk.020.gem.13056066.wbz.001,wahlbezirk,de.mv.gem.13056066
de.mv.wk.020.gem.13056067.wbz.001,wahlbezirk,de.mv.gem.13056067
de.mv.wk.020.gem.13056068.wbz.001,wahlbezirk,de.mv.gem.13056068
de.mv.wk.020.gem.13056070.wbz.001,wahlbezirk,de.mv.gem.13056070
de.mv.wk.020.gem.13056071.wbz.001,wahlbezirk,de.mv.gem.13056071
de.mv.wk.020.gem.13056072.wbz.001,wahlbezirk,de.mv.gem.13056072
de.mv.wk.020.gem.13056072.wbz.002,wahlbezirk,de.mv.gem.13056072
de.mv.wk.020.gem.13056072.wbz.003,wahlbezirk,de.mv.gem.13056072
de.mv.wk.020.gem.13056072.wbz.004,wahlbezirk,de.mv.gem.13056072
de.mv.wk.020.gem.13056072.wbz.005,wahlbezirk,de.mv.gem.13056072
de.mv.wk.020.gem.13056072.wbz.006,wahlbezirk,de.mv.gem.13056072
de.mv.wk.020.gem.13056072.wbz.007,wahlbezirk,de.mv.gem.13056072
de.mv.wk.020.gem.13056072.wbz.008,wahlbezirk,de.mv.gem.13056072
de.mv.wk.020.gem.13056072.wbz.009,wahlbezirk,de.mv.gem.13056072
de.mv.wk.020.gem.13056072.wbz.010,wahlbezirk,de.mv.gem.13056072
de.mv.wk.020.gem.13056072.wbz.011,wahlbezirk,de.mv.gem.13056072
de.mv.wk.020.gem.13056072.wbz.012,wahlbezirk,de.mv.gem.13056072
de.mv.wk.020.gem.13056072.wbz.013,wahlbezirk,de.mv.gem.13056072
de.mv.wk.020.gem.13056072.wbz.014,wahlbezirk,de.mv.gem.13056072
de.mv.wk.020.gem.13056072.wbz.015,wahlbezirk,de.mv.gem.13056072
de.mv.wk.020.gem.13056072.wbz.016,wahlbezirk,de.mv.gem.13056072
de.mv.wk.020.gem.13056072.wbz.017,wahlbezirk,de.mv.gem.13056072
de.mv.wk.020.gem.13056072.wbz.018,wahlbezirk,de.mv.gem.13056072
de.mv.wk.020.gem.13056073.wbz.001,wahlbezirk,de.mv.gem.13056073
de.mv.wk.020.gem.13056074.wbz.001,wahlbezirk,de.mv.gem.13056074
de.mv.wk.020.gem.13056075.wbz.001,wahlbezirk,de.mv.gem.13056075
de.mv.wk.020.gem.13056249.wbz.901,briefwahlbezirk,de.mv.gem.13056249
de.mv.wk.021.gem.13055004.wbz.001,wahlbezirk,de.mv.gem.13055004
de.mv.wk.021.gem.13055004.wbz.002,wahlbezirk,de.mv.gem.13055004
de.mv.wk.021.gem.13055005.wbz.001,wahlbezirk,de.mv.gem.13055005
de.mv.wk.021.gem.13055011.wbz.001,wahlbezirk,de.mv.gem.13055011
de.mv.wk.021.gem.13055011.wbz.002,wahlbezirk,de.mv.gem.13055011
de.mv.wk.021.gem.13055013.wbz.001,wahlbezirk,de.mv.gem.13055013
de.mv.wk.021.gem.13055013.wbz.002,wahlbezirk,de.mv.gem.13055013
de.mv.wk.021.gem.13055014.wbz.001,wahlbezirk,de.mv.gem.13055014
de.mv.wk.021.gem.13055016.wbz.001,wahlbezirk,de.mv.gem.13055016
de.mv.wk.021.gem.13055017.wbz.001,wahlbezirk,de.mv.gem.13055017
de.mv.wk.021.gem.13055017.wbz.002,wahlbezirk,de.mv.gem.13055017
de.mv.wk.021.gem.13055019.wbz.001,wahlbezirk,de.mv.gem.13055019
de.mv.wk.021.gem.13055019.wbz.002,wahlbezirk,de.mv.gem.13055019
de.mv.wk.021.gem.13055019.wbz.003,wahlbezirk,de.mv.gem.13055019
de.mv.wk.021.gem.13055019.wbz.004,wahlbezirk,de.mv.gem.13055019
de.mv.wk.021.gem.13055019.wbz.005,wahlbezirk,de.mv.gem.13055019
de.mv.wk.021.gem.13055019.wbz.006,wahlbezirk,de.mv.gem.13055019
de.mv.wk.021.gem.13055023.wbz.001,wahlbezirk,de.mv.gem.13055023
de.mv.wk.021.gem.13055029.wbz.001,wahlbezirk,de.mv.gem.13055029
de.mv.wk.021.gem.13055029.wbz.002,wahlbezirk,de.mv.gem.13055029
de.mv.wk.021.gem.13055032.wbz.001,wahlbezirk,de.mv.gem.13055032
de.mv.wk.021.gem.13055035.wbz.001,wahlbezirk,de.mv.gem.13055035
de.mv.wk.021.gem.13055037.wbz.001,wahlbezirk,de.mv.gem.13055037
de.mv.wk.021.gem.13055037.wbz.002,wahlbezirk,de.mv.gem.13055037
de.mv.wk.021.gem.13055041.wbz.001,wahlbezirk,de.mv.gem.13055041
de.mv.wk.021.gem.13055042.wbz.001,wahlbezirk,de.mv.gem.13055042
de.mv.wk.021.gem.13055044.wbz.001,wahlbezirk,de.mv.gem.13055044
de.mv.wk.021.gem.13055044.wbz.002,wahlbezirk,de.mv.gem.13055044
de.mv.wk.021.gem.13055044.wbz.003,wahlbezirk,de.mv.gem.13055044
de.mv.wk.021.gem.13055044.wbz.004,wahlbezirk,de.mv.gem.13055044
de.mv.wk.021.gem.13055045.wbz.001,wahlbezirk,de.mv.gem.13055045
de.mv.wk.021.gem.13055045.wbz.002,wahlbezirk,de.mv.gem.13055045
de.mv.wk.021.gem.13055050.wbz.001,wahlbezirk,de.mv.gem.13055050
de.mv.wk.021.gem.13055050.wbz.002,wahlbezirk,de.mv.gem.13055050
de.mv.wk.021.gem.13055050.wbz.003,wahlbezirk,de.mv.gem.13055050
de.mv.wk.021.gem.13055050.wbz.004,wahlbezirk,de.mv.gem.13055050
de.mv.wk.021.gem.13055050.wbz.005,wahlbezirk,de.mv.gem.13055050
de.mv.wk.021.gem.13055050.wbz.006,wahlbezirk,de.mv.gem.13055050
de.mv.wk.021.gem.13055050.wbz.007,wahlbezirk,de.mv.gem.13055050
de.mv.wk.021.gem.13055050.wbz.008,wahlbezirk,de.mv.gem.13055050
de.mv.wk.021.gem.13055050.wbz.009,wahlbezirk,de.mv.gem.13055050
de.mv.wk.021.gem.13055050.wbz.010,wahlbezirk,de.mv.gem.13055050
de.mv.wk.021.gem.13055050.wbz.011,wahlbezirk,de.mv.gem.13055050
de.mv.wk.021.gem.13055050.wbz.012,wahlbezirk,de.mv.gem.13055050
de.mv.wk.021.gem.13055050.wbz.013,wahlbezirk,de.mv.gem.13055050
de.mv.wk.021.gem.13055050.wbz.014,wahlbezirk,de.mv.gem.13055050
de.mv.wk.021.gem.13055050.wbz.015,wahlbezirk,de.mv.gem.13055050
de.mv.wk.021.gem.13055050.wbz.016,wahlbezirk,de.mv.gem.13055050
de.mv.wk.021.gem.13055050.wbz.017,wahlbezirk,de.mv.gem.13055050
de.mv.wk.021.gem.13055050.wbz.018,wahlbezirk,de.mv.gem.13055050
de.mv.wk.021.gem.13055050.wbz.019,wahlbezirk,de.mv.gem.13055050
de.mv.wk.021.gem.13055050.wbz.020,wahlbezirk,de.mv.gem.13055050
de.mv.wk.021.gem.13055050.wbz.021,wahlbezirk,de.mv.gem.13055050
de.mv.wk.021.gem.13055055.wbz.001,wahlbezirk,de.mv.gem.13055055
de.mv.wk.021.gem.13055057.wbz.001,wahlbezirk,de.mv.gem.13055057
de.mv.wk.021.gem.13055058.wbz.001,wahlbezirk,de.mv.gem.13055058
de.mv.wk.021.gem.13055067.wbz.001,wahlbezirk,de.mv.gem.13055067
de.mv.wk.021.gem.13055070.wbz.001,wahlbezirk,de.mv.gem.13055070
de.mv.wk.021.gem.13055073.wbz.001,wahlbezirk,de.mv.gem.13055073
de.mv.wk.021.gem.13055074.wbz.001,wahlbezirk,de.mv.gem.13055074
de.mv.wk.021.gem.13055074.wbz.002,wahlbezirk,de.mv.gem.13055074
de.mv.wk.021.gem.13055077.wbz.001,wahlbezirk,de.mv.gem.13055077
de.mv.wk.021.gem.13055080.wbz.001,wahlbezirk,de.mv.gem.13055080
de.mv.wk.021.gem.13055080.wbz.002,wahlbezirk,de.mv.gem.13055080
de.mv.wk.021.gem.13055249.wbz.901,briefwahlbezirk,de.mv.gem.13055249
de.mv.wk.021.gem.13055249.wbz.902,briefwahlbezirk,de.mv.gem.13055249
de.mv.wk.021.gem.13056008.wbz.001,wahlbezirk,de.mv.gem.13056008
de.mv.wk.021.gem.13056036.wbz.001,wahlbezirk,de.mv.gem.13056036
de.mv.wk.021.gem.13056036.wbz.002,wahlbezirk,de.mv.gem.13056036
de.mv.wk.021.gem.13056045.wbz.001,wahlbezirk,de.mv.gem.13056045
de.mv.wk.021.gem.13056054.wbz.001,wahlbezirk,de.mv.gem.13056054
de.mv.wk.021.gem.13056056.wbz.001,wahlbezirk,de.mv.gem.13056056
de.mv.wk.021.gem.13056056.wbz.002,wahlbezirk,de.mv.gem.13056056
de.mv.wk.021.gem.13056056.wbz.003,wahlbezirk,de.mv.gem.13056056
de.mv.wk.021.gem.13056061.wbz.001,wahlbezirk,de.mv.gem.13056061
de.mv.wk.021.gem.13056061.wbz.002,wahlbezirk,de.mv.gem.13056061
de.mv.wk.021.gem.13056069.wbz.001,wahlbezirk,de.mv.gem.13056069
de.mv.wk.022.gem.13055001.wbz.001,wahlbezirk,de.mv.gem.13055001
de.mv.wk.022.gem.13055002.wbz.001,wahlbezirk,de.mv.gem.13055002
de.mv.wk.022.gem.13055003.wbz.001,wahlbezirk,de.mv.gem.13055003
de.mv.wk.022.gem.13055006.wbz.001,wahlbezirk,de.mv.gem.13055006
de.mv.wk.022.gem.13055007.wbz.001,wahlbezirk,de.mv.gem.13055007
de.mv.wk.022.gem.13055008.wbz.001,wahlbezirk,de.mv.gem.13055008
de.mv.wk.022.gem.13055008.wbz.002,wahlbezirk,de.mv.gem.13055008
de.mv.wk.022.gem.13055008.wbz.003,wahlbezirk,de.mv.gem.13055008
de.mv.wk.022.gem.13055008.wbz.004,wahlbezirk,de.mv.gem.13055008
de.mv.wk.022.gem.13055009.wbz.001,wahlbezirk,de.mv.gem.13055009
de.mv.wk.022.gem.13055009.wbz.002,wahlbezirk,de.mv.gem.13055009
de.mv.wk.022.gem.13055009.wbz.003,wahlbezirk,de.mv.gem.13055009
de.mv.wk.022.gem.13055009.wbz.004,wahlbezirk,de.mv.gem.13055009
de.mv.wk.022.gem.13055010.wbz.001,wahlbezirk,de.mv.gem.13055010
de.mv.wk.022.gem.13055012.wbz.001,wahlbezirk,de.mv.gem.13055012
de.mv.wk.022.gem.13055015.wbz.001,wahlbezirk,de.mv.gem.13055015
de.mv.wk.022.gem.13055018.wbz.001,wahlbezirk,de.mv.gem.13055018
de.mv.wk.022.gem.13055020.wbz.001,wahlbezirk,de.mv.gem.13055020
de.mv.wk.022.gem.13055020.wbz.002,wahlbezirk,de.mv.gem.13055020
de.mv.wk.022.gem.13055020.wbz.003,wahlbezirk,de.mv.gem.13055020
de.mv.wk.022.gem.13055020.wbz.004,wahlbezirk,de.mv.gem.13055020
de.mv.wk.022.gem.13055020.wbz.005,wahlbezirk,de.mv.gem.13055020
de.mv.wk.022.gem.13055020.wbz.006,wahlbezirk,de.mv.gem.13055020
de.mv.wk.022.gem.13055021.wbz.001,wahlbezirk,de.mv.gem.13055021
de.mv.wk.022.gem.13055022.wbz.001,wahlbezirk,de.mv.gem.13055022
de.mv.wk.022.gem.13055024.wbz.001,wahlbezirk,de.mv.gem.13055024
de.mv.wk.022.gem.13055025.wbz.001,wahlbezirk,de.mv.gem.13055025
de.mv.wk.022.gem.13055026.wbz.001,wahlbezirk,de.mv.gem.13055026
de.mv.wk.022.gem.13055027.wbz.001,wahlbezirk,de.mv.gem.13055027
de.mv.wk.022.gem.13055027.wbz.002,wahlbezirk,de.mv.gem.13055027
de.mv.wk.022.gem.13055027.wbz.003,wahlbezirk,de.mv.gem.13055027
de.mv.wk.022.gem.13055027.wbz.004,wahlbezirk,de.mv.gem.13055027
de.mv.wk.022.gem.13055027.wbz.005,wahlbezirk,de.mv.gem.13055027
de.mv.wk.022.gem.13055028.wbz.001,wahlbezirk,de.mv.gem.13055028
de.mv.wk.022.gem.13055030.wbz.001,wahlbezirk,de.mv.gem.13055030
de.mv.wk.022.gem.13055031.wbz.001,wahlbezirk,de.mv.gem.13055031
de.mv.wk.022.gem.13055033.wbz.001,wahlbezirk,de.mv.gem.13055033
de.mv.wk.022.gem.13055034.wbz.001,wahlbezirk,de.mv.gem.13055034
de.mv.wk.022.gem.13055036.wbz.001,wahlbezirk,de.mv.gem.13055036
de.mv.wk.022.gem.13055036.wbz.002,wahlbezirk,de.mv.gem.13055036
de.mv.wk.022.gem.13055036.wbz.003,wahlbezirk,de.mv.gem.13055036
de.mv.wk.022.gem.13055038.wbz.001,wahlbezirk,de.mv.gem.13055038
de.mv.wk.022.gem.13055039.wbz.001,wahlbezirk,de.mv.gem.13055039
de.mv.wk.022.gem.13055040.wbz.001,wahlbezirk,de.mv.gem.13055040
de.mv.wk.022.gem.13055040.wbz.002,wahlbezirk,de.mv.gem.13055040
de.mv.wk.022.gem.13055043.wbz.001,wahlbezirk,de.mv.gem.13055043
de.mv.wk.022.gem.13055046.wbz.001,wahlbezirk,de.mv.gem.13055046
de.mv.wk.022.gem.13055047.wbz.001,wahlbezirk,de.mv.gem.13055047
de.mv.wk.022.gem.13055048.wbz.001,wahlbezirk,de.mv.gem.13055048
de.mv.wk.022.gem.13055049.wbz.001,wahlbezirk,de.mv.gem.13055049
de.mv.wk.022.gem.13055049.wbz.002,wahlbezirk,de.mv.gem.13055049
de.mv.wk.022.gem.13055051.wbz.001,wahlbezirk,de.mv.gem.13055051
de.mv.wk.022.gem.13055052.wbz.001,wahlbezirk,de.mv.gem.13055052
de.mv.wk.022.gem.13055053.wbz.001,wahlbezirk,de.mv.gem.13055053
de.mv.wk.022.gem.13055054.wbz.001,wahlbezirk,de.mv.gem.13055054
de.mv.wk.022.gem.13055056.wbz.001,wahlbezirk,de.mv.gem.13055056
de.mv.wk.022.gem.13055059.wbz.001,wahlbezirk,de.mv.gem.13055059
de.mv.wk.022.gem.13055060.wbz.001,wahlbezirk,de.mv.gem.13055060
de.mv.wk.022.gem.13055061.wbz.001,wahlbezirk,de.mv.gem.13055061
de.mv.wk.022.gem.13055062.wbz.001,wahlbezirk,de.mv.gem.13055062
de.mv.wk.022.gem.13055063.wbz.001,wahlbezirk,de.mv.gem.13055063
de.mv.wk.022.gem.13055064.wbz.001,wahlbezirk,de.mv.gem.13055064
de.mv.wk.022.gem.13055065.wbz.001,wahlbezirk,de.mv.gem.13055065
de.mv.wk.022.gem.13055066.wbz.001,wahlbezirk,de.mv.gem.13055066
de.mv.wk.022.gem.13055066.wbz.002,wahlbezirk,de.mv.gem.13055066
de.mv.wk.022.gem.13055068.wbz.001,wahlbezirk,de.mv.gem.13055068
de.mv.wk.022.gem.13055069.wbz.001,wahlbezirk,de.mv.gem.13055069
de.mv.wk.022.gem.13055071.wbz.001,wahlbezirk,de.mv.gem.13055071
de.mv.wk.022.gem.13055072.wbz.001,wahlbezirk,de.mv.gem.13055072
de.mv.wk.022.gem.13055075.wbz.001,wahlbezirk,de.mv.gem.13055075
de.mv.wk.022.gem.13055076.wbz.001,wahlbezirk,de.mv.gem.13055076
de.mv.wk.022.gem.13055078.wbz.001,wahlbezirk,de.mv.gem.13055078
de.mv.wk.022.gem.13055078.wbz.002,wahlbezirk,de.mv.gem.13055078
de.mv.wk.022.gem.13055078.wbz.003,wahlbezirk,de.mv.gem.13055078
de.mv.wk.022.gem.13055079.wbz.001,wahlbezirk,de.mv.gem.13055079
de.mv.wk.022.gem.13055081.wbz.001,wahlbezirk,de.mv.gem.13055081
de.mv.wk.022.gem.13055249.wbz.903,briefwahlbezirk,de.mv.gem.13055249
de.mv.wk.022.gem.13055249.wbz.904,briefwahlbezirk,de.mv.gem.13055249
de.mv.wk.022.gem.13056002.wbz.001,wahlbezirk,de.mv.gem.13056002
de.mv.wk.022.gem.13056006.wbz.001,wahlbezirk,de.mv.gem.13056006
de.mv.wk.022.gem.13056016.wbz.001,wahlbezirk,de.mv.gem.13056016
de.mv.wk.022.gem.13056020.wbz.001,wahlbezirk,de.mv.gem.13056020
de.mv.wk.022.gem.13056029.wbz.001,wahlbezirk,de.mv.gem.13056029
de.mv.wk.022.gem.13056033.wbz.001,wahlbezirk,de.mv.gem.13056033
de.mv.wk.022.gem.13056035.wbz.001,wahlbezirk,de.mv.gem.13056035
de.mv.wk.022.gem.13056042.wbz.001,wahlbezirk,de.mv.gem.13056042
de.mv.wk.022.gem.13056043.wbz.001,wahlbezirk,de.mv.gem.13056043
de.mv.wk.022.gem.13056047.wbz.001,wahlbezirk,de.mv.gem.13056047
de.mv.wk.022.gem.13056047.wbz.002,wahlbezirk,de.mv.gem.13056047
de.mv.wk.022.gem.13056047.wbz.003,wahlbezirk,de.mv.gem.13056047
de.mv.wk.022.gem.13056047.wbz.004,wahlbezirk,de.mv.gem.13056047
de.mv.wk.022.gem.13056048.wbz.001,wahlbezirk,de.mv.gem.13056048
de.mv.wk.022.gem.13056053.wbz.001,wahlbezirk,de.mv.gem.13056053
de.mv.wk.022.gem.13056053.wbz.002,wahlbezirk,de.mv.gem.13056053
de.mv.wk.022.gem.13056055.wbz.001,wahlbezirk,de.mv.gem.13056055
de.mv.wk.023.gem.13057001.wbz.001,wahlbezirk,de.mv.gem.13057001
de.mv.wk.023.gem.13057002.wbz.001,wahlbezirk,de.mv.gem.13057002
de.mv.wk.023.gem.13057003.wbz.001,wahlbezirk,de.mv.gem.13057003
de.mv.wk.023.gem.13057006.wbz.001,wahlbezirk,de.mv.gem.13057006
de.mv.wk.023.gem.13057006.wbz.002,wahlbezirk,de.mv.gem.13057006
de.mv.wk.023.gem.13057007.wbz.001,wahlbezirk,de.mv.gem.13057007
de.mv.wk.023.gem.13057012.wbz.001,wahlbezirk,de.mv.gem.13057012
de.mv.wk.023.gem.13057013.wbz.001,wahlbezirk,de.mv.gem.13057013
de.mv.wk.023.gem.13057015.wbz.001,wahlbezirk,de.mv.gem.13057015
de.mv.wk.023.gem.13057016.wbz.001,wahlbezirk,de.mv.gem.13057016
de.mv.wk.023.gem.13057018.wbz.001,wahlbezirk,de.mv.gem.13057018
de.mv.wk.023.gem.13057019.wbz.001,wahlbezirk,de.mv.gem.13057019
de.mv.wk.023.gem.13057019.wbz.002,wahlbezirk,de.mv.gem.13057019
de.mv.wk.023.gem.13057019.wbz.003,wahlbezirk,de.mv.gem.13057019
de.mv.wk.023.gem.13057020.wbz.001,wahlbezirk,de.mv.gem.13057020
de.mv.wk.023.gem.13057022.wbz.001,wahlbezirk,de.mv.gem.13057022
de.mv.wk.023.gem.13057022.wbz.002,wahlbezirk,de.mv.gem.13057022
de.mv.wk.023.gem.13057025.wbz.001,wahlbezirk,de.mv.gem.13057025
de.mv.wk.023.gem.13057026.wbz.001,wahlbezirk,de.mv.gem.13057026
de.mv.wk.023.gem.13057034.wbz.001,wahlbezirk,de.mv.gem.13057034
de.mv.wk.023.gem.13057044.wbz.001,wahlbezirk,de.mv.gem.13057044
de.mv.wk.023.gem.13057050.wbz.001,wahlbezirk,de.mv.gem.13057050
de.mv.wk.023.gem.13057053.wbz.001,wahlbezirk,de.mv.gem.13057053
de.mv.wk.023.gem.13057057.wbz.001,wahlbezirk,de.mv.gem.13057057
de.mv.wk.023.gem.13057057.wbz.002,wahlbezirk,de.mv.gem.13057057
de.mv.wk.023.gem.13057068.wbz.001,wahlbezirk,de.mv.gem.13057068
de.mv.wk.023.gem.13057068.wbz.002,wahlbezirk,de.mv.gem.13057068
de.mv.wk.023.gem.13057072.wbz.001,wahlbezirk,de.mv.gem.13057072
de.mv.wk.023.gem.13057074.wbz.001,wahlbezirk,de.mv.gem.13057074
de.mv.wk.023.gem.13057074.wbz.002,wahlbezirk,de.mv.gem.13057074
de.mv.wk.023.gem.13057074.wbz.003,wahlbezirk,de.mv.gem.13057074
de.mv.wk.023.gem.13057074.wbz.004,wahlbezirk,de.mv.gem.13057074
de.mv.wk.023.gem.13057074.wbz.005,wahlbezirk,de.mv.gem.13057074
de.mv.wk.023.gem.13057074.wbz.006,wahlbezirk,de.mv.gem.13057074
de.mv.wk.023.gem.13057074.wbz.007,wahlbezirk,de.mv.gem.13057074
de.mv.wk.023.gem.13057074.wbz.008,wahlbezirk,de.mv.gem.13057074
de.mv.wk.023.gem.13057074.wbz.009,wahlbezirk,de.mv.gem.13057074
de.mv.wk.023.gem.13057074.wbz.010,wahlbezirk,de.mv.gem.13057074
de.mv.wk.023.gem.13057074.wbz.011,wahlbezirk,de.mv.gem.13057074
de.mv.wk.023.gem.13057074.wbz.012,wahlbezirk,de.mv.gem.13057074
de.mv.wk.023.gem.13057074.wbz.013,wahlbezirk,de.mv.gem.13057074
de.mv.wk.023.gem.13057074.wbz.014,wahlbezirk,de.mv.gem.13057074
de.mv.wk.023.gem.13057074.wbz.015,wahlbezirk,de.mv.gem.13057074
de.mv.wk.023.gem.13057074.wbz.016,wahlbezirk,de.mv.gem.13057074
de.mv.wk.023.gem.13057074.wbz.017,wahlbezirk,de.mv.gem.13057074
de.mv.wk.023.gem.13057077.wbz.001,wahlbezirk,de.mv.gem.13057077
de.mv.wk.023.gem.13057078.wbz.001,wahlbezirk,de.mv.gem.13057078
de.mv.wk.023.gem.13057079.wbz.001,wahlbezirk,de.mv.gem.13057079
de.mv.wk.023.gem.13057086.wbz.001,wahlbezirk,de.mv.gem.13057086
de.mv.wk.023.gem.13057086.wbz.002,wahlbezirk,de.mv.gem.13057086
de.mv.wk.023.gem.13057091.wbz.001,wahlbezirk,de.mv.gem.13057091
de.mv.wk.023.gem.13057094.wbz.001,wahlbezirk,de.mv.gem.13057094
de.mv.wk.023.gem.13057096.wbz.001,wahlbezirk,de.mv.gem.13057096
de.mv.wk.023.gem.13057096.wbz.002,wahlbezirk,de.mv.gem.13057096
de.mv.wk.023.gem.13057249.wbz.901,briefwahlbezirk,de.mv.gem.13057249
de.mv.wk.024.gem.13057010.wbz.001,wahlbezirk,de.mv.gem.13057010
de.mv.wk.024.gem.13057011.wbz.001,wahlbezirk,de.mv.gem.13057011
de.mv.wk.024.gem.13057014.wbz.001,wahlbezirk,de.mv.gem.13057014
de.mv.wk.024.gem.13057017.wbz.001,wahlbezirk,de.mv.gem.13057017
de.mv.wk.024.gem.13057021.wbz.001,wahlbezirk,de.mv.gem.13057021
de.mv.wk.024.gem.13057024.wbz.001,wahlbezirk,de.mv.gem.13057024
de.mv.wk.024.gem.13057027.wbz.001,wahlbezirk,de.mv.gem.13057027
de.mv.wk.024.gem.13057028.wbz.001,wahlbezirk,de.mv.gem.13057028
de.mv.wk.024.gem.13057028.wbz.002,wahlbezirk,de.mv.gem.13057028
de.mv.wk.024.gem.13057030.wbz.001,wahlbezirk,de.mv.gem.13057030
de.mv.wk.024.gem.13057031.wbz.001,wahlbezirk,de.mv.gem.13057031
de.mv.wk.024.gem.13057032.wbz.001,wahlbezirk,de.mv.gem.13057032
de.mv.wk.024.gem.13057033.wbz.001,wahlbezirk,de.mv.gem.13057033
de.mv.wk.024.gem.13057035.wbz.001,wahlbezirk,de.mv.gem.13057035
de.mv.wk.024.gem.13057036.wbz.001,wahlbezirk,de.mv.gem.13057036
de.mv.wk.024.gem.13057036.wbz.002,wahlbezirk,de.mv.gem.13057036
de.mv.wk.024.gem.13057036.wbz.003,wahlbezirk,de.mv.gem.13057036
de.mv.wk.024.gem.13057036.wbz.004,wahlbezirk,de.mv.gem.13057036
de.mv.wk.024.gem.13057036.wbz.005,wahlbezirk,de.mv.gem.13057036
de.mv.wk.024.gem.13057036.wbz.006,wahlbezirk,de.mv.gem.13057036
de.mv.wk.024.gem.13057036.wbz.007,wahlbezirk,de.mv.gem.13057036
de.mv.wk.024.gem.13057036.wbz.008,wahlbezirk,de.mv.gem.13057036
de.mv.wk.024.gem.13057036.wbz.009,wahlbezirk,de.mv.gem.13057036
de.mv.wk.024.gem.13057036.wbz.010,wahlbezirk,de.mv.gem.13057036
de.mv.wk.024.gem.13057036.wbz.011,wahlbezirk,de.mv.gem.13057036
de.mv.wk.024.gem.13057036.wbz.012,wahlbezirk,de.mv.gem.13057036
de.mv.wk.024.gem.13057036.wbz.013,wahlbezirk,de.mv.gem.13057036
de.mv.wk.024.gem.13057039.wbz.001,wahlbezirk,de.mv.gem.13057039
de.mv.wk.024.gem.13057040.wbz.001,wahlbezirk,de.mv.gem.13057040
de.mv.wk.024.gem.13057042.wbz.001,wahlbezirk,de.mv.gem.13057042
de.mv.wk.024.gem.13057046.wbz.001,wahlbezirk,de.mv.gem.13057046
de.mv.wk.024.gem.13057048.wbz.001,wahlbezirk,de.mv.gem.13057048
de.mv.wk.024.gem.13057058.wbz.001,wahlbezirk,de.mv.gem.13057058
de.mv.wk.024.gem.13057059.wbz.001,wahlbezirk,de.mv.gem.13057059
de.mv.wk.024.gem.13057061.wbz.001,wahlbezirk,de.mv.gem.13057061
de.mv.wk.024.gem.13057063.wbz.001,wahlbezirk,de.mv.gem.13057063
de.mv.wk.024.gem.13057065.wbz.001,wahlbezirk,de.mv.gem.13057065
de.mv.wk.024.gem.13057066.wbz.001,wahlbezirk,de.mv.gem.13057066
de.mv.wk.024.gem.13057071.wbz.001,wahlbezirk,de.mv.gem.13057071
de.mv.wk.024.gem.13057071.wbz.002,wahlbezirk,de.mv.gem.13057071
de.mv.wk.024.gem.13057073.wbz.001,wahlbezirk,de.mv.gem.13057073
de.mv.wk.024.gem.13057075.wbz.001,wahlbezirk,de.mv.gem.13057075
de.mv.wk.024.gem.13057075.wbz.002,wahlbezirk,de.mv.gem.13057075
de.mv.wk.024.gem.13057080.wbz.001,wahlbezirk,de.mv.gem.13057080
de.mv.wk.024.gem.13057080.wbz.002,wahlbezirk,de.mv.gem.13057080
de.mv.wk.024.gem.13057080.wbz.003,wahlbezirk,de.mv.gem.13057080
de.mv.wk.024.gem.13057081.wbz.001,wahlbezirk,de.mv.gem.13057081
de.mv.wk.024.gem.13057084.wbz.001,wahlbezirk,de.mv.gem.13057084
de.mv.wk.024.gem.13057085.wbz.001,wahlbezirk,de.mv.gem.13057085
de.mv.wk.024.gem.13057085.wbz.002,wahlbezirk,de.mv.gem.13057085
de.mv.wk.024.gem.13057085.wbz.003,wahlbezirk,de.mv.gem.13057085
de.mv.wk.024.gem.13057085.wbz.004,wahlbezirk,de.mv.gem.13057085
de.mv.wk.024.gem.13057087.wbz.001,wahlbezirk,de.mv.gem.13057087
de.mv.wk.024.gem.13057087.wbz.002,wahlbezirk,de.mv.gem.13057087
de.mv.wk.024.gem.13057087.wbz.003,wahlbezirk,de.mv.gem.13057087
de.mv.wk.024.gem.13057087.wbz.004,wahlbezirk,de.mv.gem.13057087
de.mv.wk.024.gem.13057088.wbz.001,wahlbezirk,de.mv.gem.13057088
de.mv.wk.024.gem.13057089.wbz.001,wahlbezirk,de.mv.gem.13057089
de.mv.wk.024.gem.13057092.wbz.001,wahlbezirk,de.mv.gem.13057092
de.mv.wk.024.gem.13057093.wbz.001,wahlbezirk,de.mv.gem.13057093
de.mv.wk.024.gem.13057095.wbz.001,wahlbezirk,de.mv.gem.13057095
de.mv.wk.024.gem.13057249.wbz.902,briefwahlbezirk,de.mv.gem.13057249
de.mv.wk.025.gem.13005000.wbz.009,wahlbezirk,de.mv.gem.13005000
de.mv.wk.025.gem.13005000.wbz.010,wahlbezirk,de.mv.gem.13005000
de.mv.wk.025.gem.13005000.wbz.011,wahlbezirk,de.mv.gem.13005000
de.mv.wk.025.gem.13005000.wbz.012,wahlbezirk,de.mv.gem.13005000
de.mv.wk.025.gem.13005000.wbz.013,wahlbezirk,de.mv.gem.13005000
de.mv.wk.025.gem.13005000.wbz.014,wahlbezirk,de.mv.gem.13005000
de.mv.wk.025.gem.13005000.wbz.015,wahlbezirk,de.mv.gem.13005000
de.mv.wk.025.gem.13005000.wbz.016,wahlbezirk,de.mv.gem.13005000
de.mv.wk.025.gem.13005000.wbz.017,wahlbezirk,de.mv.gem.13005000
de.mv.wk.025.gem.13005000.wbz.018,wahlbezirk,de.mv.gem.13005000
de.mv.wk.025.gem.13005000.wbz.019,wahlbezirk,de.mv.gem.13005000
de.mv.wk.025.gem.13005000.wbz.020,wahlbezirk,de.mv.gem.13005000
de.mv.wk.025.gem.13005000.wbz.021,wahlbezirk,de.mv.gem.13005000
de.mv.wk.025.gem.13005000.wbz.022,wahlbezirk,de.mv.gem.13005000
de.mv.wk.025.gem.13005000.wbz.023,wahlbezirk,de.mv.gem.13005000
de.mv.wk.025.gem.13005000.wbz.024,wahlbezirk,de.mv.gem.13005000
de.mv.wk.025.gem.13005000.wbz.025,wahlbezirk,de.mv.gem.13005000
de.mv.wk.025.gem.13005000.wbz.026,wahlbezirk,de.mv.gem.13005000
de.mv.wk.025.gem.13057005.wbz.001,wahlbezirk,de.mv.gem.13057005
de.mv.wk.025.gem.13057008.wbz.001,wahlbezirk,de.mv.gem.13057008
de.mv.wk.025.gem.13057009.wbz.001,wahlbezirk,de.mv.gem.13057009
de.mv.wk.025.gem.13057009.wbz.002,wahlbezirk,de.mv.gem.13057009
de.mv.wk.025.gem.13057009.wbz.003,wahlbezirk,de.mv.gem.13057009
de.mv.wk.025.gem.13057009.wbz.004,wahlbezirk,de.mv.gem.13057009
de.mv.wk.025.gem.13057009.wbz.005,wahlbezirk,de.mv.gem.13057009
de.mv.wk.025.gem.13057009.wbz.006,wahlbezirk,de.mv.gem.13057009
de.mv.wk.025.gem.13057009.wbz.007,wahlbezirk,de.mv.gem.13057009
de.mv.wk.025.gem.13057009.wbz.008,wahlbezirk,de.mv.gem.13057009
de.mv.wk.025.gem.13057023.wbz.001,wahlbezirk,de.mv.gem.13057023
de.mv.wk.025.gem.13057029.wbz.001,wahlbezirk,de.mv.gem.13057029
de.mv.wk.025.gem.13057037.wbz.001,wahlbezirk,de.mv.gem.13057037
de.mv.wk.025.gem.13057037.wbz.002,wahlbezirk,de.mv.gem.13057037
de.mv.wk.025.gem.13057038.wbz.001,wahlbezirk,de.mv.gem.13057038
de.mv.wk.025.gem.13057041.wbz.001,wahlbezirk,de.mv.gem.13057041
de.mv.wk.025.gem.13057043.wbz.001,wahlbezirk,de.mv.gem.13057043
de.mv.wk.025.gem.13057045.wbz.001,wahlbezirk,de.mv.gem.13057045
de.mv.wk.025.gem.13057047.wbz.001,wahlbezirk,de.mv.gem.13057047
de.mv.wk.025.gem.13057049.wbz.001,wahlbezirk,de.mv.gem.13057049
de.mv.wk.025.gem.13057051.wbz.001,wahlbezirk,de.mv.gem.13057051
de.mv.wk.025.gem.13057052.wbz.001,wahlbezirk,de.mv.gem.13057052
de.mv.wk.025.gem.13057054.wbz.001,wahlbezirk,de.mv.gem.13057054
de.mv.wk.025.gem.13057055.wbz.001,wahlbezirk,de.mv.gem.13057055
de.mv.wk.025.gem.13057056.wbz.001,wahlbezirk,de.mv.gem.13057056
de.mv.wk.025.gem.13057060.wbz.001,wahlbezirk,de.mv.gem.13057060
de.mv.wk.025.gem.13057060.wbz.002,wahlbezirk,de.mv.gem.13057060
de.mv.wk.025.gem.13057062.wbz.001,wahlbezirk,de.mv.gem.13057062
de.mv.wk.025.gem.13057062.wbz.002,wahlbezirk,de.mv.gem.13057062
de.mv.wk.025.gem.13057062.wbz.003,wahlbezirk,de.mv.gem.13057062
de.mv.wk.025.gem.13057062.wbz.004,wahlbezirk,de.mv.gem.13057062
de.mv.wk.025.gem.13057064.wbz.001,wahlbezirk,de.mv.gem.13057064
de.mv.wk.025.gem.13057067.wbz.001,wahlbezirk,de.mv.gem.13057067
de.mv.wk.025.gem.13057069.wbz.001,wahlbezirk,de.mv.gem.13057069
de.mv.wk.025.gem.13057070.wbz.001,wahlbezirk,de.mv.gem.13057070
de.mv.wk.025.gem.13057070.wbz.002,wahlbezirk,de.mv.gem.13057070
de.mv.wk.025.gem.13057076.wbz.001,wahlbezirk,de.mv.gem.13057076
de.mv.wk.025.gem.13057082.wbz.001,wahlbezirk,de.mv.gem.13057082
de.mv.wk.025.gem.13057082.wbz.002,wahlbezirk,de.mv.gem.13057082
de.mv.wk.025.gem.13057083.wbz.001,wahlbezirk,de.mv.gem.13057083
de.mv.wk.025.gem.13057083.wbz.002,wahlbezirk,de.mv.gem.13057083
de.mv.wk.025.gem.13057083.wbz.003,wahlbezirk,de.mv.gem.13057083
de.mv.wk.025.gem.13057090.wbz.001,wahlbezirk,de.mv.gem.13057090
de.mv.wk.025.gem.13057249.wbz.903,briefwahlbezirk,de.mv.gem.13057249
de.mv.wk.026.gem.13005000.wbz.001,wahlbezirk,de.mv.gem.13005000
de.mv.wk.026.gem.13005000.wbz.002,wahlbezirk,de.mv.gem.13005000
de.mv.wk.026.gem.13005000.wbz.003,wahlbezirk,de.mv.gem.13005000
de.mv.wk.026.gem.13005000.wbz.004,wahlbezirk,de.mv.gem.13005000
de.mv.wk.026.gem.13005000.wbz.005,wahlbezirk,de.mv.gem.13005000
de.mv.wk.026.gem.13005000.wbz.006,wahlbezirk,de.mv.gem.13005000
de.mv.wk.026.gem.13005000.wbz.007,wahlbezirk,de.mv.gem.13005000
de.mv.wk.026.gem.13005000.wbz.008,wahlbezirk,de.mv.gem.13005000
de.mv.wk.026.gem.13005000.wbz.027,wahlbezirk,de.mv.gem.13005000
de.mv.wk.026.gem.13005000.wbz.028,wahlbezirk,de.mv.gem.13005000
de.mv.wk.026.gem.13005000.wbz.029,wahlbezirk,de.mv.gem.13005000
de.mv.wk.026.gem.13005000.wbz.030,wahlbezirk,de.mv.gem.13005000
de.mv.wk.026.gem.13005000.wbz.031,wahlbezirk,de.mv.gem.13005000
de.mv.wk.026.gem.13005000.wbz.032,wahlbezirk,de.mv.gem.13005000
de.mv.wk.026.gem.13005000.wbz.033,wahlbezirk,de.mv.gem.13005000
de.mv.wk.026.gem.13005000.wbz.034,wahlbezirk,de.mv.gem.13005000
de.mv.wk.026.gem.13005000.wbz.035,wahlbezirk,de.mv.gem.13005000
de.mv.wk.026.gem.13005000.wbz.036,wahlbezirk,de.mv.gem.13005000
de.mv.wk.026.gem.13005000.wbz.037,wahlbezirk,de.mv.gem.13005000
de.mv.wk.026.gem.13005000.wbz.038,wahlbezirk,de.mv.gem.13005000
de.mv.wk.026.gem.13005000.wbz.039,wahlbezirk,de.mv.gem.13005000
de.mv.wk.026.gem.13005000.wbz.040,wahlbezirk,de.mv.gem.13005000
de.mv.wk.026.gem.13005000.wbz.041,wahlbezirk,de.mv.gem.13005000
de.mv.wk.026.gem.13005000.wbz.042,wahlbezirk,de.mv.gem.13005000
de.mv.wk.026.gem.13005000.wbz.043,wahlbezirk,de.mv.gem.13005000
de.mv.wk.026.gem.13005000.wbz.044,wahlbezirk,de.mv.gem.13005000
de.mv.wk.026.gem.13005000.wbz.045,wahlbezirk,de.mv.gem.13005000
de.mv.wk.026.gem.13005000.wbz.046,wahlbezirk,de.mv.gem.13005000
de.mv.wk.026.gem.13005000.wbz.047,wahlbezirk,de.mv.gem.13005000
de.mv.wk.026.gem.13005000.wbz.048,wahlbezirk,de.mv.gem.13005000
de.mv.wk.026.gem.13005000.wbz.049,wahlbezirk,de.mv.gem.13005000
de.mv.wk.026.gem.13005000.wbz.050,wahlbezirk,de.mv.gem.13005000
de.mv.wk.026.gem.13005000.wbz.051,wahlbezirk,de.mv.gem.13005000
de.mv.wk.026.gem.13005000.wbz.052,wahlbezirk,de.mv.gem.13005000
de.mv.wk.026.gem.13005000.wbz.901,briefwahlbezirk,de.mv.gem.13005000
de.mv.wk.026.gem.13005000.wbz.902,briefwahlbezirk,de.mv.gem.13005000
de.mv.wk.026.gem.13005000.wbz.903,briefwahlbezirk,de.mv.gem.13005000
de.mv.wk.026.gem.13005000.wbz.904,briefwahlbezirk,de.mv.gem.13005000
de.mv.wk.027.gem.13058004.wbz.001,wahlbezirk,de.mv.gem.13058004
de.mv.wk.027.gem.13058008.wbz.001,wahlbezirk,de.mv.gem.13058008
de.mv.wk.027.gem.13058014.wbz.001,wahlbezirk,de.mv.gem.13058014
de.mv.wk.027.gem.13058014.wbz.002,wahlbezirk,de.mv.gem.13058014
de.mv.wk.027.gem.13058014.wbz.003,wahlbezirk,de.mv.gem.13058014
de.mv.wk.027.gem.13058014.wbz.004,wahlbezirk,de.mv.gem.13058014
de.mv.wk.027.gem.13058015.wbz.001,wahlbezirk,de.mv.gem.13058015
de.mv.wk.027.gem.13058015.wbz.002,wahlbezirk,de.mv.gem.13058015
de.mv.wk.027.gem.13058016.wbz.001,wahlbezirk,de.mv.gem.13058016
de.mv.wk.027.gem.13058017.wbz.001,wahlbezirk,de.mv.gem.13058017
de.mv.wk.027.gem.13058018.wbz.001,wahlbezirk,de.mv.gem.13058018
de.mv.wk.027.gem.13058019.wbz.001,wahlbezirk,de.mv.gem.13058019
de.mv.wk.027.gem.13058020.wbz.001,wahlbezirk,de.mv.gem.13058020
de.mv.wk.027.gem.13058020.wbz.002,wahlbezirk,de.mv.gem.13058020
de.mv.wk.027.gem.13058021.wbz.001,wahlbezirk,de.mv.gem.13058021
de.mv.wk.027.gem.13058022.wbz.001,wahlbezirk,de.mv.gem.13058022
de.mv.wk.027.gem.13058022.wbz.002,wahlbezirk,de.mv.gem.13058022
de.mv.wk.027.gem.13058022.wbz.003,wahlbezirk,de.mv.gem.13058022
de.mv.wk.027.gem.13058023.wbz.001,wahlbezirk,de.mv.gem.13058023
de.mv.wk.027.gem.13058024.wbz.001,wahlbezirk,de.mv.gem.13058024
de.mv.wk.027.gem.13058026.wbz.001,wahlbezirk,de.mv.gem.13058026
de.mv.wk.027.gem.13058027.wbz.001,wahlbezirk,de.mv.gem.13058027
de.mv.wk.027.gem.13058027.wbz.002,wahlbezirk,de.mv.gem.13058027
de.mv.wk.027.gem.13058027.wbz.003,wahlbezirk,de.mv.gem.13058027
de.mv.wk.027.gem.13058028.wbz.001,wahlbezirk,de.mv.gem.13058028
de.mv.wk.027.gem.13058028.wbz.002,wahlbezirk,de.mv.gem.13058028
de.mv.wk.027.gem.13058028.wbz.003,wahlbezirk,de.mv.gem.13058028
de.mv.wk.027.gem.13058028.wbz.004,wahlbezirk,de.mv.gem.13058028
de.mv.wk.027.gem.13058031.wbz.001,wahlbezirk,de.mv.gem.13058031
de.mv.wk.027.gem.13058032.wbz.001,wahlbezirk,de.mv.gem.13058032
de.mv.wk.027.gem.13058035.wbz.001,wahlbezirk,de.mv.gem.13058035
de.mv.wk.027.gem.13058038.wbz.001,wahlbezirk,de.mv.gem.13058038
de.mv.wk.027.gem.13058039.wbz.001,wahlbezirk,de.mv.gem.13058039
de.mv.wk.027.gem.13058040.wbz.001,wahlbezirk,de.mv.gem.13058040
de.mv.wk.027.gem.13058041.wbz.001,wahlbezirk,de.mv.gem.13058041
de.mv.wk.027.gem.13058043.wbz.001,wahlbezirk,de.mv.gem.13058043
de.mv.wk.027.gem.13058045.wbz.001,wahlbezirk,de.mv.gem.13058045
de.mv.wk.027.gem.13058046.wbz.001,wahlbezirk,de.mv.gem.13058046
de.mv.wk.027.gem.13058048.wbz.001,wahlbezirk,de.mv.gem.13058048
de.mv.wk.027.gem.13058052.wbz.001,wahlbezirk,de.mv.gem.13058052
de.mv.wk.027.gem.13058054.wbz.001,wahlbezirk,de.mv.gem.13058054
de.mv.wk.027.gem.13058054.wbz.002,wahlbezirk,de.mv.gem.13058054
de.mv.wk.027.gem.13058055.wbz.001,wahlbezirk,de.mv.gem.13058055
de.mv.wk.027.gem.13058056.wbz.001,wahlbezirk,de.mv.gem.13058056
de.mv.wk.027.gem.13058058.wbz.001,wahlbezirk,de.mv.gem.13058058
de.mv.wk.027.gem.13058060.wbz.001,wahlbezirk,de.mv.gem.13058060
de.mv.wk.027.gem.13058061.wbz.001,wahlbezirk,de.mv.gem.13058061
de.mv.wk.027.gem.13058065.wbz.001,wahlbezirk,de.mv.gem.13058065
de.mv.wk.027.gem.13058065.wbz.002,wahlbezirk,de.mv.gem.13058065
de.mv.wk.027.gem.13058066.wbz.001,wahlbezirk,de.mv.gem.13058066
de.mv.wk.027.gem.13058067.wbz.001,wahlbezirk,de.mv.gem.13058067
de.mv.wk.027.gem.13058068.wbz.001,wahlbezirk,de.mv.gem.13058068
de.mv.wk.027.gem.13058070.wbz.001,wahlbezirk,de.mv.gem.13058070
de.mv.wk.027.gem.13058071.wbz.001,wahlbezirk,de.mv.gem.13058071
de.mv.wk.027.gem.13058072.wbz.001,wahlbezirk,de.mv.gem.13058072
de.mv.wk.027.gem.13058075.wbz.001,wahlbezirk,de.mv.gem.13058075
de.mv.wk.027.gem.13058076.wbz.001,wahlbezirk,de.mv.gem.13058076
de.mv.wk.027.gem.13058077.wbz.001,wahlbezirk,de.mv.gem.13058077
de.mv.wk.027.gem.13058079.wbz.001,wahlbezirk,de.mv.gem.13058079
de.mv.wk.027.gem.13058081.wbz.001,wahlbezirk,de.mv.gem.13058081
de.mv.wk.027.gem.13058082.wbz.001,wahlbezirk,de.mv.gem.13058082
de.mv.wk.027.gem.13058083.wbz.001,wahlbezirk,de.mv.gem.13058083
de.mv.wk.027.gem.13058084.wbz.001,wahlbezirk,de.mv.gem.13058084
de.mv.wk.027.gem.13058084.wbz.002,wahlbezirk,de.mv.gem.13058084
de.mv.wk.027.gem.13058085.wbz.001,wahlbezirk,de.mv.gem.13058085
de.mv.wk.027.gem.13058086.wbz.001,wahlbezirk,de.mv.gem.13058086
de.mv.wk.027.gem.13058087.wbz.001,wahlbezirk,de.mv.gem.13058087
de.mv.wk.027.gem.13058088.wbz.001,wahlbezirk,de.mv.gem.13058088
de.mv.wk.027.gem.13058089.wbz.001,wahlbezirk,de.mv.gem.13058089
de.mv.wk.027.gem.13058090.wbz.001,wahlbezirk,de.mv.gem.13058090
de.mv.wk.027.gem.13058091.wbz.001,wahlbezirk,de.mv.gem.13058091
de.mv.wk.027.gem.13058093.wbz.001,wahlbezirk,de.mv.gem.13058093
de.mv.wk.027.gem.13058094.wbz.001,wahlbezirk,de.mv.gem.13058094
de.mv.wk.027.gem.13058094.wbz.002,wahlbezirk,de.mv.gem.13058094
de.mv.wk.027.gem.13058094.wbz.003,wahlbezirk,de.mv.gem.13058094
de.mv.wk.027.gem.13058096.wbz.001,wahlbezirk,de.mv.gem.13058096
de.mv.wk.027.gem.13058097.wbz.001,wahlbezirk,de.mv.gem.13058097
de.mv.wk.027.gem.13058098.wbz.001,wahlbezirk,de.mv.gem.13058098
de.mv.wk.027.gem.13058099.wbz.001,wahlbezirk,de.mv.gem.13058099
de.mv.wk.027.gem.13058100.wbz.001,wahlbezirk,de.mv.gem.13058100
de.mv.wk.027.gem.13058101.wbz.001,wahlbezirk,de.mv.gem.13058101
de.mv.wk.027.gem.13058102.wbz.001,wahlbezirk,de.mv.gem.13058102
de.mv.wk.027.gem.13058104.wbz.001,wahlbezirk,de.mv.gem.13058104
de.mv.wk.027.gem.13058106.wbz.001,wahlbezirk,de.mv.gem.13058106
de.mv.wk.027.gem.13058107.wbz.001,wahlbezirk,de.mv.gem.13058107
de.mv.wk.027.gem.13058249.wbz.901,briefwahlbezirk,de.mv.gem.13058249
de.mv.wk.027.gem.13058249.wbz.902,briefwahlbezirk,de.mv.gem.13058249
de.mv.wk.028.gem.13058001.wbz.001,wahlbezirk,de.mv.gem.13058001
de.mv.wk.028.gem.13058002.wbz.001,wahlbezirk,de.mv.gem.13058002
de.mv.wk.028.gem.13058003.wbz.001,wahlbezirk,de.mv.gem.13058003
de.mv.wk.028.gem.13058003.wbz.002,wahlbezirk,de.mv.gem.13058003
de.mv.wk.028.gem.13058005.wbz.001,wahlbezirk,de.mv.gem.13058005
de.mv.wk.028.gem.13058006.wbz.001,wahlbezirk,de.mv.gem.13058006
de.mv.wk.028.gem.13058007.wbz.001,wahlbezirk,de.mv.gem.13058007
de.mv.wk.028.gem.13058009.wbz.001,wahlbezirk,de.mv.gem.13058009
de.mv.wk.028.gem.13058010.wbz.001,wahlbezirk,de.mv.gem.13058010
de.mv.wk.028.gem.13058011.wbz.001,wahlbezirk,de.mv.gem.13058011
de.mv.wk.028.gem.13058012.wbz.001,wahlbezirk,de.mv.gem.13058012
de.mv.wk.028.gem.13058013.wbz.001,wahlbezirk,de.mv.gem.13058013
de.mv.wk.028.gem.13058025.wbz.001,wahlbezirk,de.mv.gem.13058025
de.mv.wk.028.gem.13058025.wbz.002,wahlbezirk,de.mv.gem.13058025
de.mv.wk.028.gem.13058029.wbz.001,wahlbezirk,de.mv.gem.13058029
de.mv.wk.028.gem.13058030.wbz.001,wahlbezirk,de.mv.gem.13058030
de.mv.wk.028.gem.13058033.wbz.001,wahlbezirk,de.mv.gem.13058033
de.mv.wk.028.gem.13058034.wbz.001,wahlbezirk,de.mv.gem.13058034
de.mv.wk.028.gem.13058034.wbz.002,wahlbezirk,de.mv.gem.13058034
de.mv.wk.028.gem.13058034.wbz.003,wahlbezirk,de.mv.gem.13058034
de.mv.wk.028.gem.13058034.wbz.004,wahlbezirk,de.mv.gem.13058034
de.mv.wk.028.gem.13058034.wbz.005,wahlbezirk,de.mv.gem.13058034
de.mv.wk.028.gem.13058034.wbz.006,wahlbezirk,de.mv.gem.13058034
de.mv.wk.028.gem.13058034.wbz.007,wahlbezirk,de.mv.gem.13058034
de.mv.wk.028.gem.13058034.wbz.008,wahlbezirk,de.mv.gem.13058034
de.mv.wk.028.gem.13058036.wbz.001,wahlbezirk,de.mv.gem.13058036
de.mv.wk.028.gem.13058036.wbz.002,wahlbezirk,de.mv.gem.13058036
de.mv.wk.028.gem.13058037.wbz.001,wahlbezirk,de.mv.gem.13058037
de.mv.wk.028.gem.13058042.wbz.001,wahlbezirk,de.mv.gem.13058042
de.mv.wk.028.gem.13058044.wbz.001,wahlbezirk,de.mv.gem.13058044
de.mv.wk.028.gem.13058047.wbz.001,wahlbezirk,de.mv.gem.13058047
de.mv.wk.028.gem.13058049.wbz.001,wahlbezirk,de.mv.gem.13058049
de.mv.wk.028.gem.13058050.wbz.001,wahlbezirk,de.mv.gem.13058050
de.mv.wk.028.gem.13058050.wbz.002,wahlbezirk,de.mv.gem.13058050
de.mv.wk.028.gem.13058050.wbz.003,wahlbezirk,de.mv.gem.13058050
de.mv.wk.028.gem.13058050.wbz.004,wahlbezirk,de.mv.gem.13058050
de.mv.wk.028.gem.13058051.wbz.001,wahlbezirk,de.mv.gem.13058051
de.mv.wk.028.gem.13058053.wbz.001,wahlbezirk,de.mv.gem.13058053
de.mv.wk.028.gem.13058057.wbz.001,wahlbezirk,de.mv.gem.13058057
de.mv.wk.028.gem.13058059.wbz.001,wahlbezirk,de.mv.gem.13058059
de.mv.wk.028.gem.13058062.wbz.001,wahlbezirk,de.mv.gem.13058062
de.mv.wk.028.gem.13058063.wbz.001,wahlbezirk,de.mv.gem.13058063
de.mv.wk.028.gem.13058064.wbz.001,wahlbezirk,de.mv.gem.13058064
de.mv.wk.028.gem.13058069.wbz.001,wahlbezirk,de.mv.gem.13058069
de.mv.wk.028.gem.13058073.wbz.001,wahlbezirk,de.mv.gem.13058073
de.mv.wk.028.gem.13058074.wbz.001,wahlbezirk,de.mv.gem.13058074
de.mv.wk.028.gem.13058074.wbz.002,wahlbezirk,de.mv.gem.13058074
de.mv.wk.028.gem.13058074.wbz.003,wahlbezirk,de.mv.gem.13058074
de.mv.wk.028.gem.13058074.wbz.004,wahlbezirk,de.mv.gem.13058074
de.mv.wk.028.gem.13058078.wbz.001,wahlbezirk,de.mv.gem.13058078
de.mv.wk.028.gem.13058080.wbz.001,wahlbezirk,de.mv.gem.13058080
de.mv.wk.028.gem.13058092.wbz.001,wahlbezirk,de.mv.gem.13058092
de.mv.wk.028.gem.13058095.wbz.001,wahlbezirk,de.mv.gem.13058095
de.mv.wk.028.gem.13058103.wbz.001,wahlbezirk,de.mv.gem.13058103
de.mv.wk.028.gem.13058105.wbz.001,wahlbezirk,de.mv.gem.13058105
de.mv.wk.028.gem.13058105.wbz.002,wahlbezirk,de.mv.gem.13058105
de.mv.wk.028.gem.13058105.wbz.003,wahlbezirk,de.mv.gem.13058105
de.mv.wk.028.gem.13058108.wbz.001,wahlbezirk,de.mv.gem.13058108
de.mv.wk.028.gem.13058109.wbz.001,wahlbezirk,de.mv.gem.13058109
de.mv.wk.028.gem.13058110.wbz.001,wahlbezirk,de.mv.gem.13058110
de.mv.wk.028.gem.13058111.wbz.001,wahlbezirk,de.mv.gem.13058111
de.mv.wk.028.gem.13058249.wbz.903,briefwahlbezirk,de.mv.gem.13058249
de.mv.wk.028.gem.13058249.wbz.904,briefwahlbezirk,de.mv.gem.13058249
de.mv.wk.029.gem.13059002.wbz.001,wahlbezirk,de.mv.gem.13059002
de.mv.wk.029.gem.13059002.wbz.002,wahlbezirk,de.mv.gem.13059002
de.mv.wk.029.gem.13059002.wbz.003,wahlbezirk,de.mv.gem.13059002
de.mv.wk.029.gem.13059002.wbz.004,wahlbezirk,de.mv.gem.13059002
de.mv.wk.029.gem.13059002.wbz.005,wahlbezirk,de.mv.gem.13059002
de.mv.wk.029.gem.13059002.wbz.006,wahlbezirk,de.mv.gem.13059002
de.mv.wk.029.gem.13059002.wbz.007,wahlbezirk,de.mv.gem.13059002
de.mv.wk.029.gem.13059002.wbz.008,wahlbezirk,de.mv.gem.13059002
de.mv.wk.029.gem.13059002.wbz.009,wahlbezirk,de.mv.gem.13059002
de.mv.wk.029.gem.13059002.wbz.010,wahlbezirk,de.mv.gem.13059002
de.mv.wk.029.gem.13059002.wbz.011,wahlbezirk,de.mv.gem.13059002
de.mv.wk.029.gem.13059002.wbz.012,wahlbezirk,de.mv.gem.13059002
de.mv.wk.029.gem.13059002.wbz.013,wahlbezirk,de.mv.gem.13059002
de.mv.wk.029.gem.13059003.wbz.001,wahlbezirk,de.mv.gem.13059003
de.mv.wk.029.gem.13059005.wbz.001,wahlbezirk,de.mv.gem.13059005
de.mv.wk.029.gem.13059006.wbz.001,wahlbezirk,de.mv.gem.13059006
de.mv.wk.029.gem.13059008.wbz.001,wahlbezirk,de.mv.gem.13059008
de.mv.wk.029.gem.13059009.wbz.001,wahlbezirk,de.mv.gem.13059009
de.mv.wk.029.gem.13059010.wbz.001,wahlbezirk,de.mv.gem.13059010
de.mv.wk.029.gem.13059013.wbz.001,wahlbezirk,de.mv.gem.13059013
de.mv.wk.029.gem.13059014.wbz.001,wahlbezirk,de.mv.gem.13059014
de.mv.wk.029.gem.13059015.wbz.001,wahlbezirk,de.mv.gem.13059015
de.mv.wk.029.gem.13059016.wbz.001,wahlbezirk,de.mv.gem.13059016
de.mv.wk.029.gem.13059018.wbz.001,wahlbezirk,de.mv.gem.13059018
de.mv.wk.029.gem.13059019.wbz.001,wahlbezirk,de.mv.gem.13059019
de.mv.wk.029.gem.13059020.wbz.001,wahlbezirk,de.mv.gem.13059020
de.mv.wk.029.gem.13059021.wbz.001,wahlbezirk,de.mv.gem.13059021
de.mv.wk.029.gem.13059021.wbz.002,wahlbezirk,de.mv.gem.13059021
de.mv.wk.029.gem.13059023.wbz.001,wahlbezirk,de.mv.gem.13059023
de.mv.wk.029.gem.13059025.wbz.001,wahlbezirk,de.mv.gem.13059025
de.mv.wk.029.gem.13059026.wbz.001,wahlbezirk,de.mv.gem.13059026
de.mv.wk.029.gem.13059027.wbz.001,wahlbezirk,de.mv.gem.13059027
de.mv.wk.029.gem.13059028.wbz.001,wahlbezirk,de.mv.gem.13059028
de.mv.wk.029.gem.13059028.wbz.002,wahlbezirk,de.mv.gem.13059028
de.mv.wk.029.gem.13059028.wbz.003,wahlbezirk,de.mv.gem.13059028
de.mv.wk.029.gem.13059031.wbz.001,wahlbezirk,de.mv.gem.13059031
de.mv.wk.029.gem.13059033.wbz.001,wahlbezirk,de.mv.gem.13059033
de.mv.wk.029.gem.13059034.wbz.001,wahlbezirk,de.mv.gem.13059034
de.mv.wk.029.gem.13059035.wbz.001,wahlbezirk,de.mv.gem.13059035
de.mv.wk.029.gem.13059037.wbz.001,wahlbezirk,de.mv.gem.13059037
de.mv.wk.029.gem.13059041.wbz.001,wahlbezirk,de.mv.gem.13059041
de.mv.wk.029.gem.13059042.wbz.001,wahlbezirk,de.mv.gem.13059042
de.mv.wk.029.gem.13059045.wbz.001,wahlbezirk,de.mv.gem.13059045
de.mv.wk.029.gem.13059048.wbz.001,wahlbezirk,de.mv.gem.13059048
de.mv.wk.029.gem.13059049.wbz.001,wahlbezirk,de.mv.gem.13059049
de.mv.wk.029.gem.13059050.wbz.001,wahlbezirk,de.mv.gem.13059050
de.mv.wk.029.gem.13059051.wbz.001,wahlbezirk,de.mv.gem.13059051
de.mv.wk.029.gem.13059054.wbz.001,wahlbezirk,de.mv.gem.13059054
de.mv.wk.029.gem.13059056.wbz.001,wahlbezirk,de.mv.gem.13059056
de.mv.wk.029.gem.13059057.wbz.001,wahlbezirk,de.mv.gem.13059057
de.mv.wk.029.gem.13059058.wbz.001,wahlbezirk,de.mv.gem.13059058
de.mv.wk.029.gem.13059060.wbz.001,wahlbezirk,de.mv.gem.13059060
de.mv.wk.029.gem.13059060.wbz.002,wahlbezirk,de.mv.gem.13059060
de.mv.wk.029.gem.13059062.wbz.001,wahlbezirk,de.mv.gem.13059062
de.mv.wk.029.gem.13059065.wbz.001,wahlbezirk,de.mv.gem.13059065
de.mv.wk.029.gem.13059066.wbz.001,wahlbezirk,de.mv.gem.13059066
de.mv.wk.029.gem.13059068.wbz.001,wahlbezirk,de.mv.gem.13059068
de.mv.wk.029.gem.13059070.wbz.001,wahlbezirk,de.mv.gem.13059070
de.mv.wk.029.gem.13059071.wbz.001,wahlbezirk,de.mv.gem.13059071
de.mv.wk.029.gem.13059072.wbz.001,wahlbezirk,de.mv.gem.13059072
de.mv.wk.029.gem.13059073.wbz.001,wahlbezirk,de.mv.gem.13059073
de.mv.wk.029.gem.13059074.wbz.001,wahlbezirk,de.mv.gem.13059074
de.mv.wk.029.gem.13059076.wbz.001,wahlbezirk,de.mv.gem.13059076
de.mv.wk.029.gem.13059076.wbz.002,wahlbezirk,de.mv.gem.13059076
de.mv.wk.029.gem.13059077.wbz.001,wahlbezirk,de.mv.gem.13059077
de.mv.wk.029.gem.13059079.wbz.001,wahlbezirk,de.mv.gem.13059079
de.mv.wk.029.gem.13059080.wbz.001,wahlbezirk,de.mv.gem.13059080
de.mv.wk.029.gem.13059082.wbz.001,wahlbezirk,de.mv.gem.13059082
de.mv.wk.029.gem.13059083.wbz.001,wahlbezirk,de.mv.gem.13059083
de.mv.wk.029.gem.13059084.wbz.001,wahlbezirk,de.mv.gem.13059084
de.mv.wk.029.gem.13059086.wbz.001,wahlbezirk,de.mv.gem.13059086
de.mv.wk.029.gem.13059087.wbz.001,wahlbezirk,de.mv.gem.13059087
de.mv.wk.029.gem.13059089.wbz.001,wahlbezirk,de.mv.gem.13059089
de.mv.wk.029.gem.13059090.wbz.001,wahlbezirk,de.mv.gem.13059090
de.mv.wk.029.gem.13059091.wbz.001,wahlbezirk,de.mv.gem.13059091
de.mv.wk.029.gem.13059092.wbz.001,wahlbezirk,de.mv.gem.13059092
de.mv.wk.029.gem.13059093.wbz.001,wahlbezirk,de.mv.gem.13059093
de.mv.wk.029.gem.13059093.wbz.002,wahlbezirk,de.mv.gem.13059093
de.mv.wk.029.gem.13059098.wbz.001,wahlbezirk,de.mv.gem.13059098
de.mv.wk.029.gem.13059099.wbz.001,wahlbezirk,de.mv.gem.13059099
de.mv.wk.029.gem.13059100.wbz.001,wahlbezirk,de.mv.gem.13059100
de.mv.wk.029.gem.13059102.wbz.001,wahlbezirk,de.mv.gem.13059102
de.mv.wk.029.gem.13059106.wbz.001,wahlbezirk,de.mv.gem.13059106
de.mv.wk.029.gem.13059108.wbz.001,wahlbezirk,de.mv.gem.13059108
de.mv.wk.029.gem.13059110.wbz.001,wahlbezirk,de.mv.gem.13059110
de.mv.wk.029.gem.13059249.wbz.901,briefwahlbezirk,de.mv.gem.13059249
de.mv.wk.030.gem.13059001.wbz.001,wahlbezirk,de.mv.gem.13059001
de.mv.wk.030.gem.13059001.wbz.002,wahlbezirk,de.mv.gem.13059001
de.mv.wk.030.gem.13059001.wbz.003,wahlbezirk,de.mv.gem.13059001
de.mv.wk.030.gem.13059004.wbz.001,wahlbezirk,de.mv.gem.13059004
de.mv.wk.030.gem.13059004.wbz.002,wahlbezirk,de.mv.gem.13059004
de.mv.wk.030.gem.13059004.wbz.003,wahlbezirk,de.mv.gem.13059004
de.mv.wk.030.gem.13059004.wbz.004,wahlbezirk,de.mv.gem.13059004
de.mv.wk.030.gem.13059004.wbz.005,wahlbezirk,de.mv.gem.13059004
de.mv.wk.030.gem.13059007.wbz.001,wahlbezirk,de.mv.gem.13059007
de.mv.wk.030.gem.13059007.wbz.002,wahlbezirk,de.mv.gem.13059007
de.mv.wk.030.gem.13059011.wbz.001,wahlbezirk,de.mv.gem.13059011
de.mv.wk.030.gem.13059011.wbz.002,wahlbezirk,de.mv.gem.13059011
de.mv.wk.030.gem.13059011.wbz.003,wahlbezirk,de.mv.gem.13059011
de.mv.wk.030.gem.13059012.wbz.001,wahlbezirk,de.mv.gem.13059012
de.mv.wk.030.gem.13059017.wbz.001,wahlbezirk,de.mv.gem.13059017
de.mv.wk.030.gem.13059022.wbz.001,wahlbezirk,de.mv.gem.13059022
de.mv.wk.030.gem.13059024.wbz.001,wahlbezirk,de.mv.gem.13059024
de.mv.wk.030.gem.13059029.wbz.001,wahlbezirk,de.mv.gem.13059029
de.mv.wk.030.gem.13059030.wbz.001,wahlbezirk,de.mv.gem.13059030
de.mv.wk.030.gem.13059030.wbz.002,wahlbezirk,de.mv.gem.13059030
de.mv.wk.030.gem.13059030.wbz.003,wahlbezirk,de.mv.gem.13059030
de.mv.wk.030.gem.13059032.wbz.001,wahlbezirk,de.mv.gem.13059032
de.mv.wk.030.gem.13059036.wbz.001,wahlbezirk,de.mv.gem.13059036
de.mv.wk.030.gem.13059038.wbz.001,wahlbezirk,de.mv.gem.13059038
de.mv.wk.030.gem.13059038.wbz.002,wahlbezirk,de.mv.gem.13059038
de.mv.wk.030.gem.13059039.wbz.001,wahlbezirk,de.mv.gem.13059039
de.mv.wk.030.gem.13059039.wbz.002,wahlbezirk,de.mv.gem.13059039
de.mv.wk.030.gem.13059039.wbz.003,wahlbezirk,de.mv.gem.13059039
de.mv.wk.030.gem.13059040.wbz.001,wahlbezirk,de.mv.gem.13059040
de.mv.wk.030.gem.13059040.wbz.002,wahlbezirk,de.mv.gem.13059040
de.mv.wk.030.gem.13059043.wbz.001,wahlbezirk,de.mv.gem.13059043
de.mv.wk.030.gem.13059044.wbz.001,wahlbezirk,de.mv.gem.13059044
de.mv.wk.030.gem.13059046.wbz.001,wahlbezirk,de.mv.gem.13059046
de.mv.wk.030.gem.13059046.wbz.002,wahlbezirk,de.mv.gem.13059046
de.mv.wk.030.gem.13059047.wbz.001,wahlbezirk,de.mv.gem.13059047
de.mv.wk.030.gem.13059052.wbz.001,wahlbezirk,de.mv.gem.13059052
de.mv.wk.030.gem.13059053.wbz.001,wahlbezirk,de.mv.gem.13059053
de.mv.wk.030.gem.13059053.wbz.002,wahlbezirk,de.mv.gem.13059053
de.mv.wk.030.gem.13059053.wbz.003,wahlbezirk,de.mv.gem.13059053
de.mv.wk.030.gem.13059055.wbz.001,wahlbezirk,de.mv.gem.13059055
de.mv.wk.030.gem.13059059.wbz.001,wahlbezirk,de.mv.gem.13059059
de.mv.wk.030.gem.13059061.wbz.001,wahlbezirk,de.mv.gem.13059061
de.mv.wk.030.gem.13059063.wbz.001,wahlbezirk,de.mv.gem.13059063
de.mv.wk.030.gem.13059064.wbz.001,wahlbezirk,de.mv.gem.13059064
de.mv.wk.030.gem.13059067.wbz.001,wahlbezirk,de.mv.gem.13059067
de.mv.wk.030.gem.13059069.wbz.001,wahlbezirk,de.mv.gem.13059069
de.mv.wk.030.gem.13059069.wbz.002,wahlbezirk,de.mv.gem.13059069
de.mv.wk.030.gem.13059075.wbz.001,wahlbezirk,de.mv.gem.13059075
de.mv.wk.030.gem.13059078.wbz.001,wahlbezirk,de.mv.gem.13059078
de.mv.wk.030.gem.13059081.wbz.001,wahlbezirk,de.mv.gem.13059081
de.mv.wk.030.gem.13059085.wbz.001,wahlbezirk,de.mv.gem.13059085
de.mv.wk.030.gem.13059085.wbz.002,wahlbezirk,de.mv.gem.13059085
de.mv.wk.030.gem.13059088.wbz.001,wahlbezirk,de.mv.gem.13059088
de.mv.wk.030.gem.13059094.wbz.001,wahlbezirk,de.mv.gem.13059094
de.mv.wk.030.gem.13059095.wbz.001,wahlbezirk,de.mv.gem.13059095
de.mv.wk.030.gem.13059096.wbz.001,wahlbezirk,de.mv.gem.13059096
de.mv.wk.030.gem.13059097.wbz.001,wahlbezirk,de.mv.gem.13059097
de.mv.wk.030.gem.13059097.wbz.002,wahlbezirk,de.mv.gem.13059097
de.mv.wk.030.gem.13059097.wbz.003,wahlbezirk,de.mv.gem.13059097
de.mv.wk.030.gem.13059097.wbz.004,wahlbezirk,de.mv.gem.13059097
de.mv.wk.030.gem.13059097.wbz.005,wahlbezirk,de.mv.gem.13059097
de.mv.wk.030.gem.13059097.wbz.006,wahlbezirk,de.mv.gem.13059097
de.mv.wk.030.gem.13059097.wbz.007,wahlbezirk,de.mv.gem.13059097
de.mv.wk.030.gem.13059101.wbz.001,wahlbezirk,de.mv.gem.13059101
de.mv.wk.030.gem.13059101.wbz.002,wahlbezirk,de.mv.gem.13059101
de.mv.wk.030.gem.13059101.wbz.003,wahlbezirk,de.mv.gem.13059101
de.mv.wk.030.gem.13059101.wbz.004,wahlbezirk,de.mv.gem.13059101
de.mv.wk.030.gem.13059101.wbz.005,wahlbezirk,de.mv.gem.13059101
de.mv.wk.030.gem.13059101.wbz.006,wahlbezirk,de.mv.gem.13059101
de.mv.wk.030.gem.13059101.wbz.007,wahlbezirk,de.mv.gem.13059101
de.mv.wk.030.gem.13059101.wbz.008,wahlbezirk,de.mv.gem.13059101
de.mv.wk.030.gem.13059101.wbz.009,wahlbezirk,de.mv.gem.13059101
de.mv.wk.030.gem.13059101.wbz.010,wahlbezirk,de.mv.gem.13059101
de.mv.wk.030.gem.13059101.wbz.011,wahlbezirk,de.mv.gem.13059101
de.mv.wk.030.gem.13059101.wbz.012,wahlbezirk,de.mv.gem.13059101
de.mv.wk.030.gem.13059101.wbz.013,wahlbezirk,de.mv.gem.13059101
de.mv.wk.030.gem.13059101.wbz.014,wahlbezirk,de.mv.gem.13059101
de.mv.wk.030.gem.13059103.wbz.001,wahlbezirk,de.mv.gem.13059103
de.mv.wk.030.gem.13059103.wbz.002,wahlbezirk,de.mv.gem.13059103
de.mv.wk.030.gem.13059103.wbz.003,wahlbezirk,de.mv.gem.13059103
de.mv.wk.030.gem.13059104.wbz.001,wahlbezirk,de.mv.gem.13059104
de.mv.wk.030.gem.13059105.wbz.001,wahlbezirk,de.mv.gem.13059105
de.mv.wk.030.gem.13059107.wbz.001,wahlbezirk,de.mv.gem.13059107
de.mv.wk.030.gem.13059107.wbz.002,wahlbezirk,de.mv.gem.13059107
de.mv.wk.030.gem.13059107.wbz.003,wahlbezirk,de.mv.gem.13059107
de.mv.wk.030.gem.13059109.wbz.001,wahlbezirk,de.mv.gem.13059109
de.mv.wk.030.gem.13059249.wbz.902,briefwahlbezirk,de.mv.gem.13059249
de.mv.wk.031.gem.13060002.wbz.001,wahlbezirk,de.mv.gem.13060002
de.mv.wk.031.gem.13060006.wbz.001,wahlbezirk,de.mv.gem.13060006
de.mv.wk.031.gem.13060019.wbz.001,wahlbezirk,de.mv.gem.13060019
de.mv.wk.031.gem.13060020.wbz.001,wahlbezirk,de.mv.gem.13060020
de.mv.wk.031.gem.13060021.wbz.001,wahlbezirk,de.mv.gem.13060021
de.mv.wk.031.gem.13060021.wbz.002,wahlbezirk,de.mv.gem.13060021
de.mv.wk.031.gem.13060023.wbz.001,wahlbezirk,de.mv.gem.13060023
de.mv.wk.031.gem.13060023.wbz.002,wahlbezirk,de.mv.gem.13060023
de.mv.wk.031.gem.13060028.wbz.001,wahlbezirk,de.mv.gem.13060028
de.mv.wk.031.gem.13060028.wbz.002,wahlbezirk,de.mv.gem.13060028
de.mv.wk.031.gem.13060030.wbz.001,wahlbezirk,de.mv.gem.13060030
de.mv.wk.031.gem.13060033.wbz.001,wahlbezirk,de.mv.gem.13060033
de.mv.wk.031.gem.13060034.wbz.001,wahlbezirk,de.mv.gem.13060034
de.mv.wk.031.gem.13060036.wbz.001,wahlbezirk,de.mv.gem.13060036
de.mv.wk.031.gem.13060036.wbz.002,wahlbezirk,de.mv.gem.13060036
de.mv.wk.031.gem.13060037.wbz.001,wahlbezirk,de.mv.gem.13060037
de.mv.wk.031.gem.13060038.wbz.001,wahlbezirk,de.mv.gem.13060038
de.mv.wk.031.gem.13060041.wbz.001,wahlbezirk,de.mv.gem.13060041
de.mv.wk.031.gem.13060042.wbz.001,wahlbezirk,de.mv.gem.13060042
de.mv.wk.031.gem.13060044.wbz.001,wahlbezirk,de.mv.gem.13060044
de.mv.wk.031.gem.13060049.wbz.001,wahlbezirk,de.mv.gem.13060049
de.mv.wk.031.gem.13060049.wbz.002,wahlbezirk,de.mv.gem.13060049
de.mv.wk.031.gem.13060049.wbz.003,wahlbezirk,de.mv.gem.13060049
de.mv.wk.031.gem.13060049.wbz.004,wahlbezirk,de.mv.gem.13060049
de.mv.wk.031.gem.13060049.wbz.005,wahlbezirk,de.mv.gem.13060049
de.mv.wk.031.gem.13060049.wbz.006,wahlbezirk,de.mv.gem.13060049
de.mv.wk.031.gem.13060050.wbz.001,wahlbezirk,de.mv.gem.13060050
de.mv.wk.031.gem.13060051.wbz.001,wahlbezirk,de.mv.gem.13060051
de.mv.wk.031.gem.13060052.wbz.001,wahlbezirk,de.mv.gem.13060052
de.mv.wk.031.gem.13060056.wbz.001,wahlbezirk,de.mv.gem.13060056
de.mv.wk.031.gem.13060056.wbz.002,wahlbezirk,de.mv.gem.13060056
de.mv.wk.031.gem.13060056.wbz.003,wahlbezirk,de.mv.gem.13060056
de.mv.wk.031.gem.13060056.wbz.004,wahlbezirk,de.mv.gem.13060056
de.mv.wk.031.gem.13060056.wbz.005,wahlbezirk,de.mv.gem.13060056
de.mv.wk.031.gem.13060056.wbz.006,wahlbezirk,de.mv.gem.13060056
de.mv.wk.031.gem.13060056.wbz.007,wahlbezirk,de.mv.gem.13060056
de.mv.wk.031.gem.13060056.wbz.008,wahlbezirk,de.mv.gem.13060056
de.mv.wk.031.gem.13060056.wbz.009,wahlbezirk,de.mv.gem.13060056
de.mv.wk.031.gem.13060056.wbz.010,wahlbezirk,de.mv.gem.13060056
de.mv.wk.031.gem.13060056.wbz.011,wahlbezirk,de.mv.gem.13060056
de.mv.wk.031.gem.13060056.wbz.012,wahlbezirk,de.mv.gem.13060056
de.mv.wk.031.gem.13060056.wbz.013,wahlbezirk,de.mv.gem.13060056
de.mv.wk.031.gem.13060056.wbz.014,wahlbezirk,de.mv.gem.13060056
de.mv.wk.031.gem.13060056.wbz.015,wahlbezirk,de.mv.gem.13060056
de.mv.wk.031.gem.13060056.wbz.016,wahlbezirk,de.mv.gem.13060056
de.mv.wk.031.gem.13060056.wbz.017,wahlbezirk,de.mv.gem.13060056
de.mv.wk.031.gem.13060057.wbz.001,wahlbezirk,de.mv.gem.13060057
de.mv.wk.031.gem.13060061.wbz.001,wahlbezirk,de.mv.gem.13060061
de.mv.wk.031.gem.13060061.wbz.002,wahlbezirk,de.mv.gem.13060061
de.mv.wk.031.gem.13060061.wbz.003,wahlbezirk,de.mv.gem.13060061
de.mv.wk.031.gem.13060061.wbz.004,wahlbezirk,de.mv.gem.13060061
de.mv.wk.031.gem.13060061.wbz.005,wahlbezirk,de.mv.gem.13060061
de.mv.wk.031.gem.13060061.wbz.006,wahlbezirk,de.mv.gem.13060061
de.mv.wk.031.gem.13060062.wbz.001,wahlbezirk,de.mv.gem.13060062
de.mv.wk.031.gem.13060066.wbz.001,wahlbezirk,de.mv.gem.13060066
de.mv.wk.031.gem.13060067.wbz.001,wahlbezirk,de.mv.gem.13060067
de.mv.wk.031.gem.13060071.wbz.001,wahlbezirk,de.mv.gem.13060071
de.mv.wk.031.gem.13060071.wbz.002,wahlbezirk,de.mv.gem.13060071
de.mv.wk.031.gem.13060071.wbz.003,wahlbezirk,de.mv.gem.13060071
de.mv.wk.031.gem.13060072.wbz.001,wahlbezirk,de.mv.gem.13060072
de.mv.wk.031.gem.13060072.wbz.002,wahlbezirk,de.mv.gem.13060072
de.mv.wk.031.gem.13060074.wbz.001,wahlbezirk,de.mv.gem.13060074
de.mv.wk.031.gem.13060075.wbz.001,wahlbezirk,de.mv.gem.13060075
de.mv.wk.031.gem.13060076.wbz.001,wahlbezirk,de.mv.gem.13060076
de.mv.wk.031.gem.13060079.wbz.001,wahlbezirk,de.mv.gem.13060079
de.mv.wk.031.gem.13060081.wbz.001,wahlbezirk,de.mv.gem.13060081
de.mv.wk.031.gem.13060083.wbz.001,wahlbezirk,de.mv.gem.13060083
de.mv.wk.031.gem.13060086.wbz.001,wahlbezirk,de.mv.gem.13060086
de.mv.wk.031.gem.13060086.wbz.002,wahlbezirk,de.mv.gem.13060086
de.mv.wk.031.gem.13060091.wbz.001,wahlbezirk,de.mv.gem.13060091
de.mv.wk.031.gem.13060249.wbz.901,briefwahlbezirk,de.mv.gem.13060249
de.mv.wk.031.gem.13060249.wbz.902,briefwahlbezirk,de.mv.gem.13060249
de.mv.wk.032.gem.13060001.wbz.001,wahlbezirk,de.mv.gem.13060001
de.mv.wk.032.gem.13060001.wbz.002,wahlbezirk,de.mv.gem.13060001
de.mv.wk.032.gem.13060003.wbz.001,wahlbezirk,de.mv.gem.13060003
de.mv.wk.032.gem.13060004.wbz.001,wahlbezirk,de.mv.gem.13060004
de.mv.wk.032.gem.13060005.wbz.001,wahlbezirk,de.mv.gem.13060005
de.mv.wk.032.gem.13060007.wbz.001,wahlbezirk,de.mv.gem.13060007
de.mv.wk.032.gem.13060007.wbz.002,wahlbezirk,de.mv.gem.13060007
de.mv.wk.032.gem.13060008.wbz.001,wahlbezirk,de.mv.gem.13060008
de.mv.wk.032.gem.13060009.wbz.001,wahlbezirk,de.mv.gem.13060009
de.mv.wk.032.gem.13060009.wbz.002,wahlbezirk,de.mv.gem.13060009
de.mv.wk.032.gem.13060010.wbz.001,wahlbezirk,de.mv.gem.13060010
de.mv.wk.032.gem.13060010.wbz.002,wahlbezirk,de.mv.gem.13060010
de.mv.wk.032.gem.13060010.wbz.003,wahlbezirk,de.mv.gem.13060010
de.mv.wk.032.gem.13060011.wbz.001,wahlbezirk,de.mv.gem.13060011
de.mv.wk.032.gem.13060011.wbz.002,wahlbezirk,de.mv.gem.13060011
de.mv.wk.032.gem.13060012.wbz.001,wahlbezirk,de.mv.gem.13060012
de.mv.wk.032.gem.13060013.wbz.001,wahlbezirk,de.mv.gem.13060013
de.mv.wk.032.gem.13060013.wbz.002,wahlbezirk,de.mv.gem.13060013
de.mv.wk.032.gem.13060013.wbz.003,wahlbezirk,de.mv.gem.13060013
de.mv.wk.032.gem.13060014.wbz.001,wahlbezirk,de.mv.gem.13060014
de.mv.wk.032.gem.13060015.wbz.001,wahlbezirk,de.mv.gem.13060015
de.mv.wk.032.gem.13060016.wbz.001,wahlbezirk,de.mv.gem.13060016
de.mv.wk.032.gem.13060017.wbz.001,wahlbezirk,de.mv.gem.13060017
de.mv.wk.032.gem.13060018.wbz.001,wahlbezirk,de.mv.gem.13060018
de.mv.wk.032.gem.13060022.wbz.001,wahlbezirk,de.mv.gem.13060022
de.mv.wk.032.gem.13060024.wbz.001,wahlbezirk,de.mv.gem.13060024
de.mv.wk.032.gem.13060025.wbz.001,wahlbezirk,de.mv.gem.13060025
de.mv.wk.032.gem.13060026.wbz.001,wahlbezirk,de.mv.gem.13060026
de.mv.wk.032.gem.13060026.wbz.002,wahlbezirk,de.mv.gem.13060026
de.mv.wk.032.gem.13060026.wbz.003,wahlbezirk,de.mv.gem.13060026
de.mv.wk.032.gem.13060027.wbz.001,wahlbezirk,de.mv.gem.13060027
de.mv.wk.032.gem.13060029.wbz.001,wahlbezirk,de.mv.gem.13060029
de.mv.wk.032.gem.13060031.wbz.001,wahlbezirk,de.mv.gem.13060031
de.mv.wk.032.gem.13060032.wbz.001,wahlbezirk,de.mv.gem.13060032
de.mv.wk.032.gem.13060035.wbz.001,wahlbezirk,de.mv.gem.13060035
de.mv.wk.032.gem.13060039.wbz.001,wahlbezirk,de.mv.gem.13060039
de.mv.wk.032.gem.13060040.wbz.001,wahlbezirk,de.mv.gem.13060040
de.mv.wk.032.gem.13060043.wbz.001,wahlbezirk,de.mv.gem.13060043
de.mv.wk.032.gem.13060045.wbz.001,wahlbezirk,de.mv.gem.13060045
de.mv.wk.032.gem.13060045.wbz.002,wahlbezirk,de.mv.gem.13060045
de.mv.wk.032.gem.13060046.wbz.001,wahlbezirk,de.mv.gem.13060046
de.mv.wk.032.gem.13060047.wbz.001,wahlbezirk,de.mv.gem.13060047
de.mv.wk.032.gem.13060048.wbz.001,wahlbezirk,de.mv.gem.13060048
de.mv.wk.032.gem.13060048.wbz.002,wahlbezirk,de.mv.gem.13060048
de.mv.wk.032.gem.13060048.wbz.003,wahlbezirk,de.mv.gem.13060048
de.mv.wk.032.gem.13060048.wbz.004,wahlbezirk,de.mv.gem.13060048
de.mv.wk.032.gem.13060053.wbz.001,wahlbezirk,de.mv.gem.13060053
de.mv.wk.032.gem.13060054.wbz.001,wahlbezirk,de.mv.gem.13060054
de.mv.wk.032.gem.13060055.wbz.001,wahlbezirk,de.mv.gem.13060055
de.mv.wk.032.gem.13060058.wbz.001,wahlbezirk,de.mv.gem.13060058
de.mv.wk.032.gem.13060059.wbz.001,wahlbezirk,de.mv.gem.13060059
de.mv.wk.032.gem.13060060.wbz.001,wahlbezirk,de.mv.gem.13060060
de.mv.wk.032.gem.13060060.wbz.002,wahlbezirk,de.mv.gem.13060060
de.mv.wk.032.gem.13060060.wbz.003,wahlbezirk,de.mv.gem.13060060
de.mv.wk.032.gem.13060063.wbz.001,wahlbezirk,de.mv.gem.13060063
de.mv.wk.032.gem.13060064.wbz.001,wahlbezirk,de.mv.gem.13060064
de.mv.wk.032.gem.13060065.wbz.001,wahlbezirk,de.mv.gem.13060065
de.mv.wk.032.gem.13060068.wbz.001,wahlbezirk,de.mv.gem.13060068
de.mv.wk.032.gem.13060068.wbz.002,wahlbezirk,de.mv.gem.13060068
de.mv.wk.032.gem.13060068.wbz.003,wahlbezirk,de.mv.gem.13060068
de.mv.wk.032.gem.13060069.wbz.001,wahlbezirk,de.mv.gem.13060069
de.mv.wk.032.gem.13060070.wbz.001,wahlbezirk,de.mv.gem.13060070
de.mv.wk.032.gem.13060073.wbz.001,wahlbezirk,de.mv.gem.13060073
de.mv.wk.032.gem.13060073.wbz.002,wahlbezirk,de.mv.gem.13060073
de.mv.wk.032.gem.13060073.wbz.003,wahlbezirk,de.mv.gem.13060073
de.mv.wk.032.gem.13060073.wbz.004,wahlbezirk,de.mv.gem.13060073
de.mv.wk.032.gem.13060073.wbz.005,wahlbezirk,de.mv.gem.13060073
de.mv.wk.032.gem.13060077.wbz.001,wahlbezirk,de.mv.gem.13060077
de.mv.wk.032.gem.13060078.wbz.001,wahlbezirk,de.mv.gem.13060078
de.mv.wk.032.gem.13060080.wbz.001,wahlbezirk,de.mv.gem.13060080
de.mv.wk.032.gem.13060082.wbz.001,wahlbezirk,de.mv.gem.13060082
de.mv.wk.032.gem.13060084.wbz.001,wahlbezirk,de.mv.gem.13060084
de.mv.wk.032.gem.13060085.wbz.001,wahlbezirk,de.mv.gem.13060085
de.mv.wk.032.gem.13060087.wbz.001,wahlbezirk,de.mv.gem.13060087
de.mv.wk.032.gem.13060088.wbz.001,wahlbezirk,de.mv.gem.13060088
de.mv.wk.032.gem.13060089.wbz.001,wahlbezirk,de.mv.gem.13060089
de.mv.wk.032.gem.13060090.wbz.001,wahlbezirk,de.mv.gem.13060090
de.mv.wk.032.gem.13060092.wbz.001,wahlbezirk,de.mv.gem.13060092
de.mv.wk.032.gem.13060249.wbz.903,briefwahlbezirk,de.mv.gem.13060249
de.mv.wk.032.gem.13060249.wbz.904,briefwahlbezirk,de.mv.gem.13060249
de.mv.wk.033.gem.13061001.wbz.001,wahlbezirk,de.mv.gem.13061001
de.mv.wk.033.gem.13061004.wbz.001,wahlbezirk,de.mv.gem.13061004
de.mv.wk.033.gem.13061004.wbz.002,wahlbezirk,de.mv.gem.13061004
de.mv.wk.033.gem.13061004.wbz.003,wahlbezirk,de.mv.gem.13061004
de.mv.wk.033.gem.13061004.wbz.004,wahlbezirk,de.mv.gem.13061004
de.mv.wk.033.gem.13061004.wbz.005,wahlbezirk,de.mv.gem.13061004
de.mv.wk.033.gem.13061004.wbz.006,wahlbezirk,de.mv.gem.13061004
de.mv.wk.033.gem.13061004.wbz.007,wahlbezirk,de.mv.gem.13061004
de.mv.wk.033.gem.13061004.wbz.008,wahlbezirk,de.mv.gem.13061004
de.mv.wk.033.gem.13061004.wbz.009,wahlbezirk,de.mv.gem.13061004
de.mv.wk.033.gem.13061004.wbz.010,wahlbezirk,de.mv.gem.13061004
de.mv.wk.033.gem.13061004.wbz.011,wahlbezirk,de.mv.gem.13061004
de.mv.wk.033.gem.13061004.wbz.012,wahlbezirk,de.mv.gem.13061004
de.mv.wk.033.gem.13061007.wbz.001,wahlbezirk,de.mv.gem.13061007
de.mv.wk.033.gem.13061009.wbz.001,wahlbezirk,de.mv.gem.13061009
de.mv.wk.033.gem.13061011.wbz.001,wahlbezirk,de.mv.gem.13061011
de.mv.wk.033.gem.13061011.wbz.002,wahlbezirk,de.mv.gem.13061011
de.mv.wk.033.gem.13061012.wbz.001,wahlbezirk,de.mv.gem.13061012
de.mv.wk.033.gem.13061015.wbz.001,wahlbezirk,de.mv.gem.13061015
de.mv.wk.033.gem.13061016.wbz.001,wahlbezirk,de.mv.gem.13061016
de.mv.wk.033.gem.13061017.wbz.001,wahlbezirk,de.mv.gem.13061017
de.mv.wk.033.gem.13061017.wbz.002,wahlbezirk,de.mv.gem.13061017
de.mv.wk.033.gem.13061017.wbz.003,wahlbezirk,de.mv.gem.13061017
de.mv.wk.033.gem.13061018.wbz.001,wahlbezirk,de.mv.gem.13061018
de.mv.wk.033.gem.13061019.wbz.001,wahlbezirk,de.mv.gem.13061019
de.mv.wk.033.gem.13061021.wbz.001,wahlbezirk,de.mv.gem.13061021
de.mv.wk.033.gem.13061024.wbz.001,wahlbezirk,de.mv.gem.13061024
de.mv.wk.033.gem.13061025.wbz.001,wahlbezirk,de.mv.gem.13061025
de.mv.wk.033.gem.13061026.wbz.001,wahlbezirk,de.mv.gem.13061026
de.mv.wk.033.gem.13061027.wbz.001,wahlbezirk,de.mv.gem.13061027
de.mv.wk.033.gem.13061030.wbz.001,wahlbezirk,de.mv.gem.13061030
de.mv.wk.033.gem.13061031.wbz.001,wahlbezirk,de.mv.gem.13061031
de.mv.wk.033.gem.13061032.wbz.001,wahlbezirk,de.mv.gem.13061032
de.mv.wk.033.gem.13061034.wbz.001,wahlbezirk,de.mv.gem.13061034
de.mv.wk.033.gem.13061034.wbz.002,wahlbezirk,de.mv.gem.13061034
de.mv.wk.033.gem.13061036.wbz.001,wahlbezirk,de.mv.gem.13061036
de.mv.wk.033.gem.13061037.wbz.001,wahlbezirk,de.mv.gem.13061037
de.mv.wk.033.gem.13061039.wbz.001,wahlbezirk,de.mv.gem.13061039
de.mv.wk.033.gem.13061041.wbz.001,wahlbezirk,de.mv.gem.13061041
de.mv.wk.033.gem.13061042.wbz.001,wahlbezirk,de.mv.gem.13061042
de.mv.wk.033.gem.13061044.wbz.001,wahlbezirk,de.mv.gem.13061044
de.mv.wk.033.gem.13061045.wbz.001,wahlbezirk,de.mv.gem.13061045
de.mv.wk.033.gem.13061249.wbz.901,briefwahlbezirk,de.mv.gem.13061249
de.mv.wk.033.gem.13061249.wbz.902,briefwahlbezirk,de.mv.gem.13061249
de.mv.wk.034.gem.13061002.wbz.001,wahlbezirk,de.mv.gem.13061002
de.mv.wk.034.gem.13061003.wbz.001,wahlbezirk,de.mv.gem.13061003
de.mv.wk.034.gem.13061005.wbz.001,wahlbezirk,de.mv.gem.13061005
de.mv.wk.034.gem.13061005.wbz.002,wahlbezirk,de.mv.gem.13061005
de.mv.wk.034.gem.13061005.wbz.003,wahlbezirk,de.mv.gem.13061005
de.mv.wk.034.gem.13061005.wbz.004,wahlbezirk,de.mv.gem.13061005
de.mv.wk.034.gem.13061005.wbz.005,wahlbezirk,de.mv.gem.13061005
de.mv.wk.034.gem.13061005.wbz.006,wahlbezirk,de.mv.gem.13061005
de.mv.wk.034.gem.13061006.wbz.001,wahlbezirk,de.mv.gem.13061006
de.mv.wk.034.gem.13061008.wbz.001,wahlbezirk,de.mv.gem.13061008
de.mv.wk.034.gem.13061008.wbz.002,wahlbezirk,de.mv.gem.13061008
de.mv.wk.034.gem.13061010.wbz.001,wahlbezirk,de.mv.gem.13061010
de.mv.wk.034.gem.13061010.wbz.002,wahlbezirk,de.mv.gem.13061010
de.mv.wk.034.gem.13061013.wbz.001,wahlbezirk,de.mv.gem.13061013
de.mv.wk.034.gem.13061013.wbz.002,wahlbezirk,de.mv.gem.13061013
de.mv.wk.034.gem.13061014.wbz.001,wahlbezirk,de.mv.gem.13061014
de.mv.wk.034.gem.13061020.wbz.001,wahlbezirk,de.mv.gem.13061020
de.mv.wk.034.gem.13061022.wbz.001,wahlbezirk,de.mv.gem.13061022
de.mv.wk.034.gem.13061023.wbz.001,wahlbezirk,de.mv.gem.13061023
de.mv.wk.034.gem.13061028.wbz.001,wahlbezirk,de.mv.gem.13061028
de.mv.wk.034.gem.13061028.wbz.002,wahlbezirk,de.mv.gem.13061028
de.mv.wk.034.gem.13061028.wbz.003,wahlbezirk,de.mv.gem.13061028
de.mv.wk.034.gem.13061028.wbz.004,wahlbezirk,de.mv.gem.13061028
de.mv.wk.034.gem.13061028.wbz.005,wahlbezirk,de.mv.gem.13061028
de.mv.wk.034.gem.13061028.wbz.006,wahlbezirk,de.mv.gem.13061028
de.mv.wk.034.gem.13061029.wbz.001,wahlbezirk,de.mv.gem.13061029
de.mv.wk.034.gem.13061033.wbz.001,wahlbezirk,de.mv.gem.13061033
de.mv.wk.034.gem.13061033.wbz.002,wahlbezirk,de.mv.gem.13061033
de.mv.wk.034.gem.13061033.wbz.003,wahlbezirk,de.mv.gem.13061033
de.mv.wk.034.gem.13061035.wbz.001,wahlbezirk,de.mv.gem.13061035
de.mv.wk.034.gem.13061035.wbz.002,wahlbezirk,de.mv.gem.13061035
de.mv.wk.034.gem.13061035.wbz.003,wahlbezirk,de.mv.gem.13061035
de.mv.wk.034.gem.13061035.wbz.004,wahlbezirk,de.mv.gem.13061035
de.mv.wk.034.gem.13061035.wbz.005,wahlbezirk,de.mv.gem.13061035
de.mv.wk.034.gem.13061035.wbz.006,wahlbezirk,de.mv.gem.13061035
de.mv.wk.034.gem.13061035.wbz.007,wahlbezirk,de.mv.gem.13061035
de.mv.wk.034.gem.13061035.wbz.008,wahlbezirk,de.mv.gem.13061035
de.mv.wk.034.gem.13061035.wbz.009,wahlbezirk,de.mv.gem.13061035
de.mv.wk.034.gem.13061035.wbz.010,wahlbezirk,de.mv.gem.13061035
de.mv.wk.034.gem.13061038.wbz.001,wahlbezirk,de.mv.gem.13061038
de.mv.wk.034.gem.13061038.wbz.002,wahlbezirk,de.mv.gem.13061038
de.mv.wk.034.gem.13061038.wbz.003,wahlbezirk,de.mv.gem.13061038
de.mv.wk.034.gem.13061038.wbz.004,wahlbezirk,de.mv.gem.13061038
de.mv.wk.034.gem.13061040.wbz.001,wahlbezirk,de.mv.gem.13061040
de.mv.wk.034.gem.13061043.wbz.001,wahlbezirk,de.mv.gem.13061043
de.mv.wk.034.gem.13061249.wbz.903,briefwahlbezirk,de.mv.gem.13061249
de.mv.wk.034.gem.13061249.wbz.904,briefwahlbezirk,de.mv.gem.13061249
de.mv.wk.035.gem.13062001.wbz.001,wahlbezirk,de.mv.gem.13062001
de.mv.wk.035.gem.13062002.wbz.001,wahlbezirk,de.mv.gem.13062002
de.mv.wk.035.gem.13062002.wbz.002,wahlbezirk,de.mv.gem.13062002
de.mv.wk.035.gem.13062003.wbz.001,wahlbezirk,de.mv.gem.13062003
de.mv.wk.035.gem.13062012.wbz.001,wahlbezirk,de.mv.gem.13062012
de.mv.wk.035.gem.13062012.wbz.002,wahlbezirk,de.mv.gem.13062012
de.mv.wk.035.gem.13062012.wbz.003,wahlbezirk,de.mv.gem.13062012
de.mv.wk.035.gem.13062012.wbz.004,wahlbezirk,de.mv.gem.13062012
de.mv.wk.035.gem.13062012.wbz.005,wahlbezirk,de.mv.gem.13062012
de.mv.wk.035.gem.13062012.wbz.006,wahlbezirk,de.mv.gem.13062012
de.mv.wk.035.gem.13062012.wbz.007,wahlbezirk,de.mv.gem.13062012
de.mv.wk.035.gem.13062014.wbz.001,wahlbezirk,de.mv.gem.13062014
de.mv.wk.035.gem.13062014.wbz.002,wahlbezirk,de.mv.gem.13062014
de.mv.wk.035.gem.13062014.wbz.003,wahlbezirk,de.mv.gem.13062014
de.mv.wk.035.gem.13062014.wbz.004,wahlbezirk,de.mv.gem.13062014
de.mv.wk.035.gem.13062017.wbz.001,wahlbezirk,de.mv.gem.13062017
de.mv.wk.035.gem.13062021.wbz.001,wahlbezirk,de.mv.gem.13062021
de.mv.wk.035.gem.13062022.wbz.001,wahlbezirk,de.mv.gem.13062022
de.mv.wk.035.gem.13062023.wbz.001,wahlbezirk,de.mv.gem.13062023
de.mv.wk.035.gem.13062024.wbz.001,wahlbezirk,de.mv.gem.13062024
de.mv.wk.035.gem.13062031.wbz.001,wahlbezirk,de.mv.gem.13062031
de.mv.wk.035.gem.13062032.wbz.001,wahlbezirk,de.mv.gem.13062032
de.mv.wk.035.gem.13062034.wbz.001,wahlbezirk,de.mv.gem.13062034
de.mv.wk.035.gem.13062036.wbz.001,wahlbezirk,de.mv.gem.13062036
de.mv.wk.035.gem.13062038.wbz.001,wahlbezirk,de.mv.gem.13062038
de.mv.wk.035.gem.13062048.wbz.001,wahlbezirk,de.mv.gem.13062048
de.mv.wk.035.gem.13062051.wbz.001,wahlbezirk,de.mv.gem.13062051
de.mv.wk.035.gem.13062057.wbz.001,wahlbezirk,de.mv.gem.13062057
de.mv.wk.035.gem.13062058.wbz.001,wahlbezirk,de.mv.gem.13062058
de.mv.wk.035.gem.13062058.wbz.002,wahlbezirk,de.mv.gem.13062058
de.mv.wk.035.gem.13062058.wbz.003,wahlbezirk,de.mv.gem.13062058
de.mv.wk.035.gem.13062058.wbz.004,wahlbezirk,de.mv.gem.13062058
de.mv.wk.035.gem.13062058.wbz.005,wahlbezirk,de.mv.gem.13062058
de.mv.wk.035.gem.13062058.wbz.006,wahlbezirk,de.mv.gem.13062058
de.mv.wk.035.gem.13062058.wbz.007,wahlbezirk,de.mv.gem.13062058
de.mv.wk.035.gem.13062058.wbz.008,wahlbezirk,de.mv.gem.13062058
de.mv.wk.035.gem.13062059.wbz.001,wahlbezirk,de.mv.gem.13062059
de.mv.wk.035.gem.13062059.wbz.002,wahlbezirk,de.mv.gem.13062059
de.mv.wk.035.gem.13062059.wbz.003,wahlbezirk,de.mv.gem.13062059
de.mv.wk.035.gem.13062059.wbz.004,wahlbezirk,de.mv.gem.13062059
de.mv.wk.035.gem.13062059.wbz.005,wahlbezirk,de.mv.gem.13062059
de.mv.wk.035.gem.13062059.wbz.006,wahlbezirk,de.mv.gem.13062059
de.mv.wk.035.gem.13062059.wbz.007,wahlbezirk,de.mv.gem.13062059
de.mv.wk.035.gem.13062059.wbz.008,wahlbezirk,de.mv.gem.13062059
de.mv.wk.035.gem.13062059.wbz.009,wahlbezirk,de.mv.gem.13062059
de.mv.wk.035.gem.13062061.wbz.001,wahlbezirk,de.mv.gem.13062061
de.mv.wk.035.gem.13062061.wbz.002,wahlbezirk,de.mv.gem.13062061
de.mv.wk.035.gem.13062062.wbz.001,wahlbezirk,de.mv.gem.13062062
de.mv.wk.035.gem.13062062.wbz.002,wahlbezirk,de.mv.gem.13062062
de.mv.wk.035.gem.13062249.wbz.901,briefwahlbezirk,de.mv.gem.13062249
de.mv.wk.035.gem.13062249.wbz.902,briefwahlbezirk,de.mv.gem.13062249
de.mv.wk.036.gem.13062004.wbz.001,wahlbezirk,de.mv.gem.13062004
de.mv.wk.036.gem.13062004.wbz.002,wahlbezirk,de.mv.gem.13062004
de.mv.wk.036.gem.13062005.wbz.001,wahlbezirk,de.mv.gem.13062005
de.mv.wk.036.gem.13062006.wbz.001,wahlbezirk,de.mv.gem.13062006
de.mv.wk.036.gem.13062007.wbz.001,wahlbezirk,de.mv.gem.13062007
de.mv.wk.036.gem.13062008.wbz.001,wahlbezirk,de.mv.gem.13062008
de.mv.wk.036.gem.13062009.wbz.001,wahlbezirk,de.mv.gem.13062009
de.mv.wk.036.gem.13062010.wbz.001,wahlbezirk,de.mv.gem.13062010
de.mv.wk.036.gem.13062011.wbz.001,wahlbezirk,de.mv.gem.13062011
de.mv.wk.036.gem.13062013.wbz.001,wahlbezirk,de.mv.gem.13062013
de.mv.wk.036.gem.13062015.wbz.001,wahlbezirk,de.mv.gem.13062015
de.mv.wk.036.gem.13062016.wbz.001,wahlbezirk,de.mv.gem.13062016
de.mv.wk.036.gem.13062018.wbz.001,wahlbezirk,de.mv.gem.13062018
de.mv.wk.036.gem.13062018.wbz.002,wahlbezirk,de.mv.gem.13062018
de.mv.wk.036.gem.13062019.wbz.001,wahlbezirk,de.mv.gem.13062019
de.mv.wk.036.gem.13062020.wbz.001,wahlbezirk,de.mv.gem.13062020
de.mv.wk.036.gem.13062020.wbz.002,wahlbezirk,de.mv.gem.13062020
de.mv.wk.036.gem.13062025.wbz.001,wahlbezirk,de.mv.gem.13062025
de.mv.wk.036.gem.13062025.wbz.002,wahlbezirk,de.mv.gem.13062025
de.mv.wk.036.gem.13062025.wbz.003,wahlbezirk,de.mv.gem.13062025
de.mv.wk.036.gem.13062026.wbz.001,wahlbezirk,de.mv.gem.13062026
de.mv.wk.036.gem.13062027.wbz.001,wahlbezirk,de.mv.gem.13062027
de.mv.wk.036.gem.13062028.wbz.001,wahlbezirk,de.mv.gem.13062028
de.mv.wk.036.gem.13062029.wbz.001,wahlbezirk,de.mv.gem.13062029
de.mv.wk.036.gem.13062030.wbz.001,wahlbezirk,de.mv.gem.13062030
de.mv.wk.036.gem.13062033.wbz.001,wahlbezirk,de.mv.gem.13062033
de.mv.wk.036.gem.13062033.wbz.002,wahlbezirk,de.mv.gem.13062033
de.mv.wk.036.gem.13062035.wbz.001,wahlbezirk,de.mv.gem.13062035
de.mv.wk.036.gem.13062037.wbz.001,wahlbezirk,de.mv.gem.13062037
de.mv.wk.036.gem.13062039.wbz.001,wahlbezirk,de.mv.gem.13062039
de.mv.wk.036.gem.13062039.wbz.002,wahlbezirk,de.mv.gem.13062039
de.mv.wk.036.gem.13062040.wbz.001,wahlbezirk,de.mv.gem.13062040
de.mv.wk.036.gem.13062041.wbz.001,wahlbezirk,de.mv.gem.13062041
de.mv.wk.036.gem.13062042.wbz.001,wahlbezirk,de.mv.gem.13062042
de.mv.wk.036.gem.13062043.wbz.001,wahlbezirk,de.mv.gem.13062043
de.mv.wk.036.gem.13062043.wbz.002,wahlbezirk,de.mv.gem.13062043
de.mv.wk.036.gem.13062043.wbz.003,wahlbezirk,de.mv.gem.13062043
de.mv.wk.036.gem.13062043.wbz.004,wahlbezirk,de.mv.gem.13062043
de.mv.wk.036.gem.13062043.wbz.005,wahlbezirk,de.mv.gem.13062043
de.mv.wk.036.gem.13062043.wbz.006,wahlbezirk,de.mv.gem.13062043
de.mv.wk.036.gem.13062043.wbz.007,wahlbezirk,de.mv.gem.13062043
de.mv.wk.036.gem.13062043.wbz.008,wahlbezirk,de.mv.gem.13062043
de.mv.wk.036.gem.13062043.wbz.009,wahlbezirk,de.mv.gem.13062043
de.mv.wk.036.gem.13062043.wbz.010,wahlbezirk,de.mv.gem.13062043
de.mv.wk.036.gem.13062043.wbz.011,wahlbezirk,de.mv.gem.13062043
de.mv.wk.036.gem.13062044.wbz.001,wahlbezirk,de.mv.gem.13062044
de.mv.wk.036.gem.13062045.wbz.001,wahlbezirk,de.mv.gem.13062045
de.mv.wk.036.gem.13062046.wbz.001,wahlbezirk,de.mv.gem.13062046
de.mv.wk.036.gem.13062047.wbz.001,wahlbezirk,de.mv.gem.13062047
de.mv.wk.036.gem.13062047.wbz.002,wahlbezirk,de.mv.gem.13062047
de.mv.wk.036.gem.13062049.wbz.001,wahlbezirk,de.mv.gem.13062049
de.mv.wk.036.gem.13062050.wbz.001,wahlbezirk,de.mv.gem.13062050
de.mv.wk.036.gem.13062052.wbz.001,wahlbezirk,de.mv.gem.13062052
de.mv.wk.036.gem.13062053.wbz.001,wahlbezirk,de.mv.gem.13062053
de.mv.wk.036.gem.13062054.wbz.001,wahlbezirk,de.mv.gem.13062054
de.mv.wk.036.gem.13062055.wbz.001,wahlbezirk,de.mv.gem.13062055
de.mv.wk.036.gem.13062056.wbz.001,wahlbezirk,de.mv.gem.13062056
de.mv.wk.036.gem.13062056.wbz.002,wahlbezirk,de.mv.gem.13062056
de.mv.wk.036.gem.13062056.wbz.003,wahlbezirk,de.mv.gem.13062056
de.mv.wk.036.gem.13062056.wbz.004,wahlbezirk,de.mv.gem.13062056
de.mv.wk.036.gem.13062056.wbz.005,wahlbezirk,de.mv.gem.13062056
de.mv.wk.036.gem.13062056.wbz.006,wahlbezirk,de.mv.gem.13062056
de.mv.wk.036.gem.13062056.wbz.007,wahlbezirk,de.mv.gem.13062056
de.mv.wk.036.gem.13062056.wbz.008,wahlbezirk,de.mv.gem.13062056
de.mv.wk.036.gem.13062060.wbz.001,wahlbezirk,de.mv.gem.13062060
de.mv.wk.036.gem.13062060.wbz.002,wahlbezirk,de.mv.gem.13062060
de.mv.wk.036.gem.13062063.wbz.001,wahlbezirk,de.mv.gem.13062063
de.mv.wk.036.gem.13062064.wbz.001,wahlbezirk,de.mv.gem.13062064
de.mv.wk.036.gem.13062065.wbz.001,wahlbezirk,de.mv.gem.13062065
de.mv.wk.036.gem.13062249.wbz.903,briefwahlbezirk,de.mv.gem.13062249
de.mv.wk.036.gem.13062249.wbz.904,briefwahlbezirk,de.mv.gem.13062249
