unit,level,parent
de.mv,land,
de.mv.krs.13003,kreis,de.mv
de.mv.krs.13004,kreis,de.mv
de.mv.krs.13071,kreis,de.mv
de.mv.krs.13072,kreis,de.mv
de.mv.krs.13073,kreis,de.mv
de.mv.krs.13074,kreis,de.mv
de.mv.krs.13075,kreis,de.mv
de.mv.krs.13076,kreis,de.mv
de.mv.amt.130030001,amt,de.mv.krs.13003
de.mv.amt.130040002,amt,de.mv.krs.13004
de.mv.amt.130710101,amt,de.mv.krs.13071
de.mv.amt.130710111,amt,de.mv.krs.13071
de.mv.amt.130710112,amt,de.mv.krs.13071
de.mv.amt.130715151,amt,de.mv.krs.13071
de.mv.amt.130715153,amt,de.mv.krs.13071
de.mv.amt.130715162,amt,de.mv.krs.13071
de.mv.amt.130715163,amt,de.mv.krs.13071
de.mv.amt.130710115,amt,de.mv.krs.13071
de.mv.amt.130715154,amt,de.mv.krs.13071
de.mv.amt.130715159,amt,de.mv.krs.13071
de.mv.amt.130715160,amt,de.mv.krs.13071
de.mv.amt.130710113,amt,de.mv.krs.13071
de.mv.amt.130710114,amt,de.mv.krs.13071
de.mv.amt.130715155,amt,de.mv.krs.13071
de.mv.amt.130715156,amt,de.mv.krs.13071
de.mv.amt.130715152,amt,de.mv.krs.13071
de.mv.amt.130715157,amt,de.mv.krs.13071
de.mv.amt.130715158,amt,de.mv.krs.13071
de.mv.amt.130715161,amt,de.mv.krs.13071
de.mv.amt.130715164,amt,de.mv.krs.13071
de.mv.amt.130720211,amt,de.mv.krs.13072
de.mv.amt.130720215,amt,de.mv.krs.13072
de.mv.amt.130720216,amt,de.mv.krs.13072
de.mv.amt.130720217,amt,de.mv.krs.13072
de.mv.amt.130720219,amt,de.mv.krs.13072
de.mv.amt.130725251,amt,de.mv.krs.13072
de.mv.amt.130725259,amt,de.mv.krs.13072
de.mv.amt.130720212,amt,de.mv.krs.13072
de.mv.amt.130720213,amt,de.mv.krs.13072
de.mv.amt.130720218,amt,de.mv.krs.13072
de.mv.amt.130725253,amt,de.mv.krs.13072
de.mv.amt.130725260,amt,de.mv.krs.13072
de.mv.amt.130725262,amt,de.mv.krs.13072
de.mv.amt.130725263,amt,de.mv.krs.13072
de.mv.amt.130720220,amt,de.mv.krs.13072
de.mv.amt.130725254,amt,de.mv.krs.13072
de.mv.amt.130725256,amt,de.mv.krs.13072
de.mv.amt.130725257,amt,de.mv.krs.13072
de.mv.amt.130725258,amt,de.mv.krs.13072
de.mv.amt.130725261,amt,de.mv.krs.13072
de.mv.amt.130720214,amt,de.mv.krs.13072
de.mv.amt.130725252,amt,de.mv.krs.13072
de.mv.amt.130725255,amt,de.mv.krs.13072
de.mv.amt.130730313,amt,de.mv.krs.13073
de.mv.amt.130730317,amt,de.mv.krs.13073
de.mv.amt.130735354,amt,de.mv.krs.13073
de.mv.amt.130735360,amt,de.mv.krs.13073
de.mv.amt.130735361,amt,de.mv.krs.13073
de.mv.amt.130730301,amt,de.mv.krs.13073
de.mv.amt.130730312,amt,de.mv.krs.13073
de.mv.amt.130730316,amt,de.mv.krs.13073
de.mv.amt.130735355,amt,de.mv.krs.13073
de.mv.amt.130735356,amt,de.mv.krs.13073
de.mv.amt.130735351,amt,de.mv.krs.13073
de.mv.amt.130735352,amt,de.mv.krs.13073
de.mv.amt.130735358,amt,de.mv.krs.13073
de.mv.amt.130730315,amt,de.mv.krs.13073
de.mv.amt.130735353,amt,de.mv.krs.13073
de.mv.amt.130735359,amt,de.mv.krs.13073
de.mv.amt.130735362,amt,de.mv.krs.13073
de.mv.amt.130730311,amt,de.mv.krs.13073
de.mv.amt.130730314,amt,de.mv.krs.13073
de.mv.amt.130735357,amt,de.mv.krs.13073
de.mv.amt.130740401,amt,de.mv.krs.13074
de.mv.amt.130740411,amt,de.mv.krs.13074
de.mv.amt.130745453,amt,de.mv.krs.13074
de.mv.amt.130745454,amt,de.mv.krs.13074
de.mv.amt.130745458,amt,de.mv.krs.13074
de.mv.amt.130745459,amt,de.mv.krs.13074
de.mv.amt.130740412,amt,de.mv.krs.13074
de.mv.amt.130745451,amt,de.mv.krs.13074
de.mv.amt.130745452,amt,de.mv.krs.13074
de.mv.amt.130745455,amt,de.mv.krs.13074
de.mv.amt.130745456,amt,de.mv.krs.13074
de.mv.amt.130745457,amt,de.mv.krs.13074
de.mv.amt.130750501,amt,de.mv.krs.13075
de.mv.amt.130755554,amt,de.mv.krs.13075
de.mv.amt.130755558,amt,de.mv.krs.13075
de.mv.amt.130750511,amt,de.mv.krs.13075
de.mv.amt.130755553,amt,de.mv.krs.13075
de.mv.amt.130755555,amt,de.mv.krs.13075
de.mv.amt.130755563,amt,de.mv.krs.13075
de.mv.amt.130750512,amt,de.mv.krs.13075
de.mv.amt.130755551,amt,de.mv.krs.13075
de.mv.amt.130755557,amt,de.mv.krs.13075
de.mv.amt.130755561,amt,de.mv.krs.13075
de.mv.amt.130755562,amt,de.mv.krs.13075
de.mv.amt.130750515,amt,de.mv.krs.13075
de.mv.amt.130755552,amt,de.mv.krs.13075
de.mv.amt.130755559,amt,de.mv.krs.13075
de.mv.amt.130750513,amt,de.mv.krs.13075
de.mv.amt.130750514,amt,de.mv.krs.13075
de.mv.amt.130755556,amt,de.mv.krs.13075
de.mv.amt.130755560,amt,de.mv.krs.13075
de.mv.amt.130760611,amt,de.mv.krs.13076
de.mv.amt.130760613,amt,de.mv.krs.13076
de.mv.amt.130765652,amt,de.mv.krs.13076
de.mv.amt.130765654,amt,de.mv.krs.13076
de.mv.amt.130765667,amt,de.mv.krs.13076
de.mv.amt.130760612,amt,de.mv.krs.13076
de.mv.amt.130765658,amt,de.mv.krs.13076
de.mv.amt.130765665,amt,de.mv.krs.13076
de.mv.amt.130765666,amt,de.mv.krs.13076
de.mv.amt.130760614,amt,de.mv.krs.13076
de.mv.amt.130765657,amt,de.mv.krs.13076
de.mv.amt.130765659,amt,de.mv.krs.13076
de.mv.amt.130765660,amt,de.mv.krs.13076
de.mv.amt.130760615,amt,de.mv.krs.13076
de.mv.amt.130765655,amt,de.mv.krs.13076
de.mv.amt.130765662,amt,de.mv.krs.13076
de.mv.amt.130765663,amt,de.mv.krs.13076
de.mv.amt.130765656,amt,de.mv.krs.13076
de.mv.amt.130765664,amt,de.mv.krs.13076
de.mv.amt.130765668,amt,de.mv.krs.13076
de.mv.gem.13003000,gemeinde,de.mv.amt.130030001
de.mv.gem.13004000,gemeinde,de.mv.amt.130040002
de.mv.gem.13071107,gemeinde,de.mv.amt.130710101
de.mv.gem.13071027,gemeinde,de.mv.amt.130710111
de.mv.gem.13071029,gemeinde,de.mv.amt.130710112
de.mv.gem.13071008,gemeinde,de.mv.amt.130715151
de.mv.gem.13071014,gemeinde,de.mv.amt.130715151
de.mv.gem.13071064,gemeinde,de.mv.amt.130715151
de.mv.gem.13071065,gemeinde,de.mv.amt.130715151
de.mv.gem.13071072,gemeinde,de.mv.amt.130715151
de.mv.gem.13071076,gemeinde,de.mv.amt.130715151
de.mv.gem.13071089,gemeinde,de.mv.amt.130715151
de.mv.gem.13071096,gemeinde,de.mv.amt.130715151
de.mv.gem.13071112,gemeinde,de.mv.amt.130715151
de.mv.gem.13071128,gemeinde,de.mv.amt.130715151
de.mv.gem.13071131,gemeinde,de.mv.amt.130715151
de.mv.gem.13071136,gemeinde,de.mv.amt.130715151
de.mv.gem.13071139,gemeinde,de.mv.amt.130715151
de.mv.gem.13071148,gemeinde,de.mv.amt.130715151
de.mv.gem.13071150,gemeinde,de.mv.amt.130715151
de.mv.gem.13071157,gemeinde,de.mv.amt.130715151
de.mv.gem.13071751,gemeinde,de.mv.amt.130715151
de.mv.gem.13071007,gemeinde,de.mv.amt.130715153
de.mv.gem.13071030,gemeinde,de.mv.amt.130715153
de.mv.gem.13071032,gemeinde,de.mv.amt.130715153
de.mv.gem.13071039,gemeinde,de.mv.amt.130715153
de.mv.gem.13071084,gemeinde,de.mv.amt.130715153
de.mv.gem.13071092,gemeinde,de.mv.amt.130715153
de.mv.gem.13071109,gemeinde,de.mv.amt.130715153
de.mv.gem.13071753,gemeinde,de.mv.amt.130715153
de.mv.gem.13071015,gemeinde,de.mv.amt.130715162
de.mv.gem.13071018,gemeinde,de.mv.amt.130715162
de.mv.gem.13071048,gemeinde,de.mv.amt.130715162
de.mv.gem.13071060,gemeinde,de.mv.amt.130715162
de.mv.gem.13071068,gemeinde,de.mv.amt.130715162
de.mv.gem.13071070,gemeinde,de.mv.amt.130715162
de.mv.gem.13071074,gemeinde,de.mv.amt.130715162
de.mv.gem.13071079,gemeinde,de.mv.amt.130715162
de.mv.gem.13071102,gemeinde,de.mv.amt.130715162
de.mv.gem.13071123,gemeinde,de.mv.amt.130715162
de.mv.gem.13071127,gemeinde,de.mv.amt.130715162
de.mv.gem.13071142,gemeinde,de.mv.amt.130715162
de.mv.gem.13071169,gemeinde,de.mv.amt.130715162
de.mv.gem.13071762,gemeinde,de.mv.amt.130715162
de.mv.gem.13071002,gemeinde,de.mv.amt.130715163
de.mv.gem.13071004,gemeinde,de.mv.amt.130715163
de.mv.gem.13071006,gemeinde,de.mv.amt.130715163
de.mv.gem.13071016,gemeinde,de.mv.amt.130715163
de.mv.gem.13071017,gemeinde,de.mv.amt.130715163
de.mv.gem.13071022,gemeinde,de.mv.amt.130715163
de.mv.gem.13071041,gemeinde,de.mv.amt.130715163
de.mv.gem.13071044,gemeinde,de.mv.amt.130715163
de.mv.gem.13071049,gemeinde,de.mv.amt.130715163
de.mv.gem.13071050,gemeinde,de.mv.amt.130715163
de.mv.gem.13071057,gemeinde,de.mv.amt.130715163
de.mv.gem.13071059,gemeinde,de.mv.amt.130715163
de.mv.gem.13071081,gemeinde,de.mv.amt.130715163
de.mv.gem.13071120,gemeinde,de.mv.amt.130715163
de.mv.gem.13071125,gemeinde,de.mv.amt.130715163
de.mv.gem.13071135,gemeinde,de.mv.amt.130715163
de.mv.gem.13071146,gemeinde,de.mv.amt.130715163
de.mv.gem.13071158,gemeinde,de.mv.amt.130715163
de.mv.gem.13071160,gemeinde,de.mv.amt.130715163
de.mv.gem.13071163,gemeinde,de.mv.amt.130715163
de.mv.gem.13071763,gemeinde,de.mv.amt.130715163
de.mv.gem.13071156,gemeinde,de.mv.amt.130710115
de.mv.gem.13071001,gemeinde,de.mv.amt.130715154
de.mv.gem.13071036,gemeinde,de.mv.amt.130715154
de.mv.gem.13071043,gemeinde,de.mv.amt.130715154
de.mv.gem.13071093,gemeinde,de.mv.amt.130715154
de.mv.gem.13071113,gemeinde,de.mv.amt.130715154
de.mv.gem.13071114,gemeinde,de.mv.amt.130715154
de.mv.gem.13071138,gemeinde,de.mv.amt.130715154
de.mv.gem.13071155,gemeinde,de.mv.amt.130715154
de.mv.gem.13071171,gemeinde,de.mv.amt.130715154
de.mv.gem.13071754,gemeinde,de.mv.amt.130715154
de.mv.gem.13071003,gemeinde,de.mv.amt.130715159
de.mv.gem.13071013,gemeinde,de.mv.amt.130715159
de.mv.gem.13071020,gemeinde,de.mv.amt.130715159
de.mv.gem.13071023,gemeinde,de.mv.amt.130715159
de.mv.gem.13071034,gemeinde,de.mv.amt.130715159
de.mv.gem.13071045,gemeinde,de.mv.amt.130715159
de.mv.gem.13071046,gemeinde,de.mv.amt.130715159
de.mv.gem.13071053,gemeinde,de.mv.amt.130715159
de.mv.gem.13071073,gemeinde,de.mv.amt.130715159
de.mv.gem.13071087,gemeinde,de.mv.amt.130715159
de.mv.gem.13071088,gemeinde,de.mv.amt.130715159
de.mv.gem.13071091,gemeinde,de.mv.amt.130715159
de.mv.gem.13071095,gemeinde,de.mv.amt.130715159
de.mv.gem.13071097,gemeinde,de.mv.amt.130715159
de.mv.gem.13071118,gemeinde,de.mv.amt.130715159
de.mv.gem.13071122,gemeinde,de.mv.amt.130715159
de.mv.gem.13071124,gemeinde,de.mv.amt.130715159
de.mv.gem.13071133,gemeinde,de.mv.amt.130715159
de.mv.gem.13071137,gemeinde,de.mv.amt.130715159
de.mv.gem.13071143,gemeinde,de.mv.amt.130715159
de.mv.gem.13071152,gemeinde,de.mv.amt.130715159
de.mv.gem.13071165,gemeinde,de.mv.amt.130715159
de.mv.gem.13071168,gemeinde,de.mv.amt.130715159
de.mv.gem.13071759,gemeinde,de.mv.amt.130715159
de.mv.gem.13071047,gemeinde,de.mv.amt.130715160
de.mv.gem.13071056,gemeinde,de.mv.amt.130715160
de.mv.gem.13071063,gemeinde,de.mv.amt.130715160
de.mv.gem.13071069,gemeinde,de.mv.amt.130715160
de.mv.gem.13071071,gemeinde,de.mv.amt.130715160
de.mv.gem.13071077,gemeinde,de.mv.amt.130715160
de.mv.gem.13071078,gemeinde,de.mv.amt.130715160
de.mv.gem.13071103,gemeinde,de.mv.amt.130715160
de.mv.gem.13071144,gemeinde,de.mv.amt.130715160
de.mv.gem.13071149,gemeinde,de.mv.amt.130715160
de.mv.gem.13071154,gemeinde,de.mv.amt.130715160
de.mv.gem.13071172,gemeinde,de.mv.amt.130715160
de.mv.gem.13071174,gemeinde,de.mv.amt.130715160
de.mv.gem.13071760,gemeinde,de.mv.amt.130715160
de.mv.gem.13071033,gemeinde,de.mv.amt.130710113
de.mv.gem.13071110,gemeinde,de.mv.amt.130710114
de.mv.gem.13071099,gemeinde,de.mv.amt.130715155
de.mv.gem.13071119,gemeinde,de.mv.amt.130715155
de.mv.gem.13071159,gemeinde,de.mv.amt.130715155
de.mv.gem.13071167,gemeinde,de.mv.amt.130715155
de.mv.gem.13071755,gemeinde,de.mv.amt.130715155
de.mv.gem.13071011,gemeinde,de.mv.amt.130715156
de.mv.gem.13071012,gemeinde,de.mv.amt.130715156
de.mv.gem.13071025,gemeinde,de.mv.amt.130715156
de.mv.gem.13071042,gemeinde,de.mv.amt.130715156
de.mv.gem.13071058,gemeinde,de.mv.amt.130715156
de.mv.gem.13071066,gemeinde,de.mv.amt.130715156
de.mv.gem.13071075,gemeinde,de.mv.amt.130715156
de.mv.gem.13071080,gemeinde,de.mv.amt.130715156
de.mv.gem.13071100,gemeinde,de.mv.amt.130715156
de.mv.gem.13071147,gemeinde,de.mv.amt.130715156
de.mv.gem.13071162,gemeinde,de.mv.amt.130715156
de.mv.gem.13071756,gemeinde,de.mv.amt.130715156
de.mv.gem.13071028,gemeinde,de.mv.amt.130715152
de.mv.gem.13071035,gemeinde,de.mv.amt.130715152
de.mv.gem.13071037,gemeinde,de.mv.amt.130715152
de.mv.gem.13071038,gemeinde,de.mv.amt.130715152
de.mv.gem.13071752,gemeinde,de.mv.amt.130715152
de.mv.gem.13071009,gemeinde,de.mv.amt.130715157
de.mv.gem.13071010,gemeinde,de.mv.amt.130715157
de.mv.gem.13071019,gemeinde,de.mv.amt.130715157
de.mv.gem.13071104,gemeinde,de.mv.amt.130715157
de.mv.gem.13071108,gemeinde,de.mv.amt.130715157
de.mv.gem.13071111,gemeinde,de.mv.amt.130715157
de.mv.gem.13071140,gemeinde,de.mv.amt.130715157
de.mv.gem.13071141,gemeinde,de.mv.amt.130715157
de.mv.gem.13071145,gemeinde,de.mv.amt.130715157
de.mv.gem.13071161,gemeinde,de.mv.amt.130715157
de.mv.gem.13071166,gemeinde,de.mv.amt.130715157
de.mv.gem.13071170,gemeinde,de.mv.amt.130715157
de.mv.gem.13071757,gemeinde,de.mv.amt.130715157
de.mv.gem.13071005,gemeinde,de.mv.amt.130715158
de.mv.gem.13071101,gemeinde,de.mv.amt.130715158
de.mv.gem.13071115,gemeinde,de.mv.amt.130715158
de.mv.gem.13071173,gemeinde,de.mv.amt.130715158
de.mv.gem.13071758,gemeinde,de.mv.amt.130715158
de.mv.gem.13071021,gemeinde,de.mv.amt.130715161
de.mv.gem.13071026,gemeinde,de.mv.amt.130715161
de.mv.gem.13071055,gemeinde,de.mv.amt.130715161
de.mv.gem.13071067,gemeinde,de.mv.amt.130715161
de.mv.gem.13071090,gemeinde,de.mv.amt.130715161
de.mv.gem.13071117,gemeinde,de.mv.amt.130715161
de.mv.gem.13071761,gemeinde,de.mv.amt.130715161
de.mv.gem.13071054,gemeinde,de.mv.amt.130715164
de.mv.gem.13071083,gemeinde,de.mv.amt.130715164
de.mv.gem.13071105,gemeinde,de.mv.amt.130715164
de.mv.gem.13071116,gemeinde,de.mv.amt.130715164
de.mv.gem.13071130,gemeinde,de.mv.amt.130715164
de.mv.gem.13071132,gemeinde,de.mv.amt.130715164
de.mv.gem.13071153,gemeinde,de.mv.amt.130715164
de.mv.gem.13071164,gemeinde,de.mv.amt.130715164
de.mv.gem.13071764,gemeinde,de.mv.amt.130715164
de.mv.gem.13072006,gemeinde,de.mv.amt.130720211
de.mv.gem.13072058,gemeinde,de.mv.amt.130720215
de.mv.gem.13072060,gemeinde,de.mv.amt.130720216
de.mv.gem.13072074,gemeinde,de.mv.amt.130720217
de.mv.gem.13072093,gemeinde,de.mv.amt.130720219
de.mv.gem.13072001,gemeinde,de.mv.amt.130725251
de.mv.gem.13072007,gemeinde,de.mv.amt.130725251
de.mv.gem.13072017,gemeinde,de.mv.amt.130725251
de.mv.gem.13072047,gemeinde,de.mv.amt.130725251
de.mv.gem.13072075,gemeinde,de.mv.amt.130725251
de.mv.gem.13072083,gemeinde,de.mv.amt.130725251
de.mv.gem.13072086,gemeinde,de.mv.amt.130725251
de.mv.gem.13072099,gemeinde,de.mv.amt.130725251
de.mv.gem.13072117,gemeinde,de.mv.amt.130725251
de.mv.gem.13072751,gemeinde,de.mv.amt.130725251
de.mv.gem.13072002,gemeinde,de.mv.amt.130725259
de.mv.gem.13072005,gemeinde,de.mv.amt.130725259
de.mv.gem.13072008,gemeinde,de.mv.amt.130725259
de.mv.gem.13072014,gemeinde,de.mv.amt.130725259
de.mv.gem.13072022,gemeinde,de.mv.amt.130725259
de.mv.gem.13072052,gemeinde,de.mv.amt.130725259
de.mv.gem.13072085,gemeinde,de.mv.amt.130725259
de.mv.gem.13072759,gemeinde,de.mv.amt.130725259
de.mv.gem.13072029,gemeinde,de.mv.amt.130720212
de.mv.gem.13072036,gemeinde,de.mv.amt.130720213
de.mv.gem.13072091,gemeinde,de.mv.amt.130720218
de.mv.gem.13072019,gemeinde,de.mv.amt.130725253
de.mv.gem.13072054,gemeinde,de.mv.amt.130725253
de.mv.gem.13072081,gemeinde,de.mv.amt.130725253
de.mv.gem.13072087,gemeinde,de.mv.amt.130725253
de.mv.gem.13072108,gemeinde,de.mv.amt.130725253
de.mv.gem.13072753,gemeinde,de.mv.amt.130725253
de.mv.gem.13072012,gemeinde,de.mv.amt.130725260
de.mv.gem.13072015,gemeinde,de.mv.amt.130725260
de.mv.gem.13072032,gemeinde,de.mv.amt.130725260
de.mv.gem.13072072,gemeinde,de.mv.amt.130725260
de.mv.gem.13072088,gemeinde,de.mv.amt.130725260
de.mv.gem.13072760,gemeinde,de.mv.amt.130725260
de.mv.gem.13072021,gemeinde,de.mv.amt.130725262
de.mv.gem.13072034,gemeinde,de.mv.amt.130725262
de.mv.gem.13072037,gemeinde,de.mv.amt.130725262
de.mv.gem.13072076,gemeinde,de.mv.amt.130725262
de.mv.gem.13072097,gemeinde,de.mv.amt.130725262
de.mv.gem.13072102,gemeinde,de.mv.amt.130725262
de.mv.gem.13072105,gemeinde,de.mv.amt.130725262
de.mv.gem.13072107,gemeinde,de.mv.amt.130725262
de.mv.gem.13072118,gemeinde,de.mv.amt.130725262
de.mv.gem.13072762,gemeinde,de.mv.amt.130725262
de.mv.gem.13072030,gemeinde,de.mv.amt.130725263
de.mv.gem.13072057,gemeinde,de.mv.amt.130725263
de.mv.gem.13072064,gemeinde,de.mv.amt.130725263
de.mv.gem.13072077,gemeinde,de.mv.amt.130725263
de.mv.gem.13072080,gemeinde,de.mv.amt.130725263
de.mv.gem.13072098,gemeinde,de.mv.amt.130725263
de.mv.gem.13072121,gemeinde,de.mv.amt.130725263
de.mv.gem.13072763,gemeinde,de.mv.amt.130725263
de.mv.gem.13072106,gemeinde,de.mv.amt.130720220
de.mv.gem.13072004,gemeinde,de.mv.amt.130725254
de.mv.gem.13072010,gemeinde,de.mv.amt.130725254
de.mv.gem.13072016,gemeinde,de.mv.amt.130725254
de.mv.gem.13072031,gemeinde,de.mv.amt.130725254
de.mv.gem.13072035,gemeinde,de.mv.amt.130725254
de.mv.gem.13072068,gemeinde,de.mv.amt.130725254
de.mv.gem.13072111,gemeinde,de.mv.amt.130725254
de.mv.gem.13072754,gemeinde,de.mv.amt.130725254
de.mv.gem.13072026,gemeinde,de.mv.amt.130725256
de.mv.gem.13072048,gemeinde,de.mv.amt.130725256
de.mv.gem.13072056,gemeinde,de.mv.amt.130725256
de.mv.gem.13072059,gemeinde,de.mv.amt.130725256
de.mv.gem.13072063,gemeinde,de.mv.amt.130725256
de.mv.gem.13072756,gemeinde,de.mv.amt.130725256
de.mv.gem.13072025,gemeinde,de.mv.amt.130725257
de.mv.gem.13072027,gemeinde,de.mv.amt.130725257
de.mv.gem.13072046,gemeinde,de.mv.amt.130725257
de.mv.gem.13072062,gemeinde,de.mv.amt.130725257
de.mv.gem.13072112,gemeinde,de.mv.amt.130725257
de.mv.gem.13072757,gemeinde,de.mv.amt.130725257
de.mv.gem.13072003,gemeinde,de.mv.amt.130725258
de.mv.gem.13072023,gemeinde,de.mv.amt.130725258
de.mv.gem.13072024,gemeinde,de.mv.amt.130725258
de.mv.gem.13072038,gemeinde,de.mv.amt.130725258
de.mv.gem.13072040,gemeinde,de.mv.amt.130725258
de.mv.gem.13072041,gemeinde,de.mv.amt.130725258
de.mv.gem.13072045,gemeinde,de.mv.amt.130725258
de.mv.gem.13072049,gemeinde,de.mv.amt.130725258
de.mv.gem.13072066,gemeinde,de.mv.amt.130725258
de.mv.gem.13072082,gemeinde,de.mv.amt.130725258
de.mv.gem.13072094,gemeinde,de.mv.amt.130725258
de.mv.gem.13072096,gemeinde,de.mv.amt.130725258
de.mv.gem.13072103,gemeinde,de.mv.amt.130725258
de.mv.gem.13072109,gemeinde,de.mv.amt.130725258
de.mv.gem.13072113,gemeinde,de.mv.amt.130725258
de.mv.gem.13072758,gemeinde,de.mv.amt.130725258
de.mv.gem.13072011,gemeinde,de.mv.amt.130725261
de.mv.gem.13072018,gemeinde,de.mv.amt.130725261
de.mv.gem.13072051,gemeinde,de.mv.amt.130725261
de.mv.gem.13072090,gemeinde,de.mv.amt.130725261
de.mv.gem.13072095,gemeinde,de.mv.amt.130725261
de.mv.gem.13072110,gemeinde,de.mv.amt.130725261
de.mv.gem.13072116,gemeinde,de.mv.amt.130725261
de.mv.gem.13072761,gemeinde,de.mv.amt.130725261
de.mv.gem.13072043,gemeinde,de.mv.amt.130720214
de.mv.gem.13072009,gemeinde,de.mv.amt.130725252
de.mv.gem.13072013,gemeinde,de.mv.amt.130725252
de.mv.gem.13072020,gemeinde,de.mv.amt.130725252
de.mv.gem.13072028,gemeinde,de.mv.amt.130725252
de.mv.gem.13072050,gemeinde,de.mv.amt.130725252
de.mv.gem.13072053,gemeinde,de.mv.amt.130725252
de.mv.gem.13072078,gemeinde,de.mv.amt.130725252
de.mv.gem.13072089,gemeinde,de.mv.amt.130725252
de.mv.gem.13072101,gemeinde,de.mv.amt.130725252
de.mv.gem.13072104,gemeinde,de.mv.amt.130725252
de.mv.gem.13072114,gemeinde,de.mv.amt.130725252
de.mv.gem.13072120,gemeinde,de.mv.amt.130725252
de.mv.gem.13072752,gemeinde,de.mv.amt.130725252
de.mv.gem.13072033,gemeinde,de.mv.amt.130725255
de.mv.gem.13072039,gemeinde,de.mv.amt.130725255
de.mv.gem.13072042,gemeinde,de.mv.amt.130725255
de.mv.gem.13072044,gemeinde,de.mv.amt.130725255
de.mv.gem.13072055,gemeinde,de.mv.amt.130725255
de.mv.gem.13072061,gemeinde,de.mv.amt.130725255
de.mv.gem.13072067,gemeinde,de.mv.amt.130725255
de.mv.gem.13072069,gemeinde,de.mv.amt.130725255
de.mv.gem.13072071,gemeinde,de.mv.amt.130725255
de.mv.gem.13072073,gemeinde,de.mv.amt.130725255
de.mv.gem.13072079,gemeinde,de.mv.amt.130725255
de.mv.gem.13072084,gemeinde,de.mv.amt.130725255
de.mv.gem.13072092,gemeinde,de.mv.amt.130725255
de.mv.gem.13072119,gemeinde,de.mv.amt.130725255
de.mv.gem.13072755,gemeinde,de.mv.amt.130725255
de.mv.gem.13073055,gemeinde,de.mv.amt.130730313
de.mv.gem.13073105,gemeinde,de.mv.amt.130730317
de.mv.gem.13073002,gemeinde,de.mv.amt.130735354
de.mv.gem.13073012,gemeinde,de.mv.amt.130735354
de.mv.gem.13073017,gemeinde,de.mv.amt.130735354
de.mv.gem.13073067,gemeinde,de.mv.amt.130735354
de.mv.gem.13073100,gemeinde,de.mv.amt.130735354
de.mv.gem.13073103,gemeinde,de.mv.amt.130735354
de.mv.gem.13073754,gemeinde,de.mv.amt.130735354
de.mv.gem.13073007,gemeinde,de.mv.amt.130735360
de.mv.gem.13073015,gemeinde,de.mv.amt.130735360
de.mv.gem.13073016,gemeinde,de.mv.amt.130735360
de.mv.gem.13073020,gemeinde,de.mv.amt.130735360
de.mv.gem.13073022,gemeinde,de.mv.amt.130735360
de.mv.gem.13073032,gemeinde,de.mv.amt.130735360
de.mv.gem.13073033,gemeinde,de.mv.amt.130735360
de.mv.gem.13073039,gemeinde,de.mv.amt.130735360
de.mv.gem.13073050,gemeinde,de.mv.amt.130735360
de.mv.gem.13073093,gemeinde,de.mv.amt.130735360
de.mv.gem.13073760,gemeinde,de.mv.amt.130735360
de.mv.gem.13073001,gemeinde,de.mv.amt.130735361
de.mv.gem.13073075,gemeinde,de.mv.amt.130735361
de.mv.gem.13073082,gemeinde,de.mv.amt.130735361
de.mv.gem.13073085,gemeinde,de.mv.amt.130735361
de.mv.gem.13073761,gemeinde,de.mv.amt.130735361
de.mv.gem.13073088,gemeinde,de.mv.amt.130730301
de.mv.gem.13073035,gemeinde,de.mv.amt.130730312
de.mv.gem.13073089,gemeinde,de.mv.amt.130730316
de.mv.gem.13073024,gemeinde,de.mv.amt.130735355
de.mv.gem.13073029,gemeinde,de.mv.amt.130735355
de.mv.gem.13073034,gemeinde,de.mv.amt.130735355
de.mv.gem.13073057,gemeinde,de.mv.amt.130735355
de.mv.gem.13073062,gemeinde,de.mv.amt.130735355
de.mv.gem.13073076,gemeinde,de.mv.amt.130735355
de.mv.gem.13073086,gemeinde,de.mv.amt.130735355
de.mv.gem.13073096,gemeinde,de.mv.amt.130735355
de.mv.gem.13073097,gemeinde,de.mv.amt.130735355
de.mv.gem.13073098,gemeinde,de.mv.amt.130735355
de.mv.gem.13073755,gemeinde,de.mv.amt.130735355
de.mv.gem.13073023,gemeinde,de.mv.amt.130735356
de.mv.gem.13073090,gemeinde,de.mv.amt.130735356
de.mv.gem.13073102,gemeinde,de.mv.amt.130735356
de.mv.gem.13073756,gemeinde,de.mv.amt.130735356
de.mv.gem.13073005,gemeinde,de.mv.amt.130735351
de.mv.gem.13073037,gemeinde,de.mv.amt.130735351
de.mv.gem.13073044,gemeinde,de.mv.amt.130735351
de.mv.gem.13073046,gemeinde,de.mv.amt.130735351
de.mv.gem.13073066,gemeinde,de.mv.amt.130735351
de.mv.gem.13073068,gemeinde,de.mv.amt.130735351
de.mv.gem.13073751,gemeinde,de.mv.amt.130735351
de.mv.gem.13073009,gemeinde,de.mv.amt.130735352
de.mv.gem.13073018,gemeinde,de.mv.amt.130735352
de.mv.gem.13073025,gemeinde,de.mv.amt.130735352
de.mv.gem.13073042,gemeinde,de.mv.amt.130735352
de.mv.gem.13073043,gemeinde,de.mv.amt.130735352
de.mv.gem.13073051,gemeinde,de.mv.amt.130735352
de.mv.gem.13073053,gemeinde,de.mv.amt.130735352
de.mv.gem.13073069,gemeinde,de.mv.amt.130735352
de.mv.gem.13073077,gemeinde,de.mv.amt.130735352
de.mv.gem.13073094,gemeinde,de.mv.amt.130735352
de.mv.gem.13073752,gemeinde,de.mv.amt.130735352
de.mv.gem.13073036,gemeinde,de.mv.amt.130735358
de.mv.gem.13073041,gemeinde,de.mv.amt.130735358
de.mv.gem.13073047,gemeinde,de.mv.amt.130735358
de.mv.gem.13073054,gemeinde,de.mv.amt.130735358
de.mv.gem.13073058,gemeinde,de.mv.amt.130735358
de.mv.gem.13073060,gemeinde,de.mv.amt.130735358
de.mv.gem.13073061,gemeinde,de.mv.amt.130735358
de.mv.gem.13073087,gemeinde,de.mv.amt.130735358
de.mv.gem.13073099,gemeinde,de.mv.amt.130735358
de.mv.gem.13073104,gemeinde,de.mv.amt.130735358
de.mv.gem.13073758,gemeinde,de.mv.amt.130735358
de.mv.gem.13073080,gemeinde,de.mv.amt.130730315
de.mv.gem.13073027,gemeinde,de.mv.amt.130735353
de.mv.gem.13073038,gemeinde,de.mv.amt.130735353
de.mv.gem.13073065,gemeinde,de.mv.amt.130735353
de.mv.gem.13073753,gemeinde,de.mv.amt.130735353
de.mv.gem.13073004,gemeinde,de.mv.amt.130735359
de.mv.gem.13073013,gemeinde,de.mv.amt.130735359
de.mv.gem.13073019,gemeinde,de.mv.amt.130735359
de.mv.gem.13073030,gemeinde,de.mv.amt.130735359
de.mv.gem.13073052,gemeinde,de.mv.amt.130735359
de.mv.gem.13073071,gemeinde,de.mv.amt.130735359
de.mv.gem.13073078,gemeinde,de.mv.amt.130735359
de.mv.gem.13073101,gemeinde,de.mv.amt.130735359
de.mv.gem.13073759,gemeinde,de.mv.amt.130735359
de.mv.gem.13073003,gemeinde,de.mv.amt.130735362
de.mv.gem.13073021,gemeinde,de.mv.amt.130735362
de.mv.gem.13073028,gemeinde,de.mv.amt.130735362
de.mv.gem.13073040,gemeinde,de.mv.amt.130735362
de.mv.gem.13073045,gemeinde,de.mv.amt.130735362
de.mv.gem.13073059,gemeinde,de.mv.amt.130735362
de.mv.gem.13073073,gemeinde,de.mv.amt.130735362
de.mv.gem.13073079,gemeinde,de.mv.amt.130735362
de.mv.gem.13073081,gemeinde,de.mv.amt.130735362
de.mv.gem.13073092,gemeinde,de.mv.amt.130735362
de.mv.gem.13073095,gemeinde,de.mv.amt.130735362
de.mv.gem.13073762,gemeinde,de.mv.amt.130735362
de.mv.gem.13073011,gemeinde,de.mv.amt.130730311
de.mv.gem.13073070,gemeinde,de.mv.amt.130730314
de.mv.gem.13073010,gemeinde,de.mv.amt.130735353
de.mv.gem.13073014,gemeinde,de.mv.amt.130735353
de.mv.gem.13073049,gemeinde,de.mv.amt.130735353
de.mv.gem.13073063,gemeinde,de.mv.amt.130735353
de.mv.gem.13073064,gemeinde,de.mv.amt.130735353
de.mv.gem.13073072,gemeinde,de.mv.amt.130735353
de.mv.gem.13073074,gemeinde,de.mv.amt.130735353
de.mv.gem.13073083,gemeinde,de.mv.amt.130735353
de.mv.gem.13073006,gemeinde,de.mv.amt.130735357
de.mv.gem.13073026,gemeinde,de.mv.amt.130735357
de.mv.gem.13073031,gemeinde,de.mv.amt.130735357
de.mv.gem.13073048,gemeinde,de.mv.amt.130735357
de.mv.gem.13073056,gemeinde,de.mv.amt.130735357
de.mv.gem.13073084,gemeinde,de.mv.amt.130735357
de.mv.gem.13073091,gemeinde,de.mv.amt.130735357
de.mv.gem.13073106,gemeinde,de.mv.amt.130735357
de.mv.gem.13073757,gemeinde,de.mv.amt.130735357
de.mv.gem.13074087,gemeinde,de.mv.amt.130740401
de.mv.gem.13074026,gemeinde,de.mv.amt.130740411
de.mv.gem.13074005,gemeinde,de.mv.amt.130745453
de.mv.gem.13074022,gemeinde,de.mv.amt.130745453
de.mv.gem.13074063,gemeinde,de.mv.amt.130745453
de.mv.gem.13074069,gemeinde,de.mv.amt.130745453
de.mv.gem.13074071,gemeinde,de.mv.amt.130745453
de.mv.gem.13074077,gemeinde,de.mv.amt.130745453
de.mv.gem.13074079,gemeinde,de.mv.amt.130745453
de.mv.gem.13074085,gemeinde,de.mv.amt.130745453
de.mv.gem.13074093,gemeinde,de.mv.amt.130745453
de.mv.gem.13074753,gemeinde,de.mv.amt.130745453
de.mv.gem.13074010,gemeinde,de.mv.amt.130745454
de.mv.gem.13074016,gemeinde,de.mv.amt.130745454
de.mv.gem.13074032,gemeinde,de.mv.amt.130745454
de.mv.gem.13074037,gemeinde,de.mv.amt.130745454
de.mv.gem.13074039,gemeinde,de.mv.amt.130745454
de.mv.gem.13074089,gemeinde,de.mv.amt.130745454
de.mv.gem.13074754,gemeinde,de.mv.amt.130745454
de.mv.gem.13074013,gemeinde,de.mv.amt.130745458
de.mv.gem.13074018,gemeinde,de.mv.amt.130745458
de.mv.gem.13074028,gemeinde,de.mv.amt.130745458
de.mv.gem.13074033,gemeinde,de.mv.amt.130745458
de.mv.gem.13074042,gemeinde,de.mv.amt.130745458
de.mv.gem.13074065,gemeinde,de.mv.amt.130745458
de.mv.gem.13074066,gemeinde,de.mv.amt.130745458
de.mv.gem.13074073,gemeinde,de.mv.amt.130745458
de.mv.gem.13074078,gemeinde,de.mv.amt.130745458
de.mv.gem.13074080,gemeinde,de.mv.amt.130745458
de.mv.gem.13074092,gemeinde,de.mv.amt.130745458
de.mv.gem.13074758,gemeinde,de.mv.amt.130745458
de.mv.gem.13074017,gemeinde,de.mv.amt.130745459
de.mv.gem.13074027,gemeinde,de.mv.amt.130745459
de.mv.gem.13074029,gemeinde,de.mv.amt.130745459
de.mv.gem.13074045,gemeinde,de.mv.amt.130745459
de.mv.gem.13074049,gemeinde,de.mv.amt.130745459
de.mv.gem.13074052,gemeinde,de.mv.amt.130745459
de.mv.gem.13074058,gemeinde,de.mv.amt.130745459
de.mv.gem.13074067,gemeinde,de.mv.amt.130745459
de.mv.gem.13074074,gemeinde,de.mv.amt.130745459
de.mv.gem.13074076,gemeinde,de.mv.amt.130745459
de.mv.gem.13074759,gemeinde,de.mv.amt.130745459
de.mv.gem.13074035,gemeinde,de.mv.amt.130740412
de.mv.gem.13074002,gemeinde,de.mv.amt.130745451
de.mv.gem.13074003,gemeinde,de.mv.amt.130745451
de.mv.gem.13074008,gemeinde,de.mv.amt.130745451
de.mv.gem.13074019,gemeinde,de.mv.amt.130745451
de.mv.gem.13074030,gemeinde,de.mv.amt.130745451
de.mv.gem.13074031,gemeinde,de.mv.amt.130745451
de.mv.gem.13074047,gemeinde,de.mv.amt.130745451
de.mv.gem.13074053,gemeinde,de.mv.amt.130745451
de.mv.gem.13074082,gemeinde,de.mv.amt.130745451
de.mv.gem.13074751,gemeinde,de.mv.amt.130745451
de.mv.gem.13074020,gemeinde,de.mv.amt.130745452
de.mv.gem.13074021,gemeinde,de.mv.amt.130745452
de.mv.gem.13074040,gemeinde,de.mv.amt.130745452
de.mv.gem.13074043,gemeinde,de.mv.amt.130745452
de.mv.gem.13074054,gemeinde,de.mv.amt.130745452
de.mv.gem.13074068,gemeinde,de.mv.amt.130745452
de.mv.gem.13074070,gemeinde,de.mv.amt.130745452
de.mv.gem.13074081,gemeinde,de.mv.amt.130745452
de.mv.gem.13074752,gemeinde,de.mv.amt.130745452
de.mv.gem.13074001,gemeinde,de.mv.amt.130745455
de.mv.gem.13074012,gemeinde,de.mv.amt.130745455
de.mv.gem.13074014,gemeinde,de.mv.amt.130745455
de.mv.gem.13074015,gemeinde,de.mv.amt.130745455
de.mv.gem.13074024,gemeinde,de.mv.amt.130745455
de.mv.gem.13074025,gemeinde,de.mv.amt.130745455
de.mv.gem.13074038,gemeinde,de.mv.amt.130745455
de.mv.gem.13074048,gemeinde,de.mv.amt.130745455
de.mv.gem.13074050,gemeinde,de.mv.amt.130745455
de.mv.gem.13074061,gemeinde,de.mv.amt.130745455
de.mv.gem.13074062,gemeinde,de.mv.amt.130745455
de.mv.gem.13074064,gemeinde,de.mv.amt.130745455
de.mv.gem.13074072,gemeinde,de.mv.amt.130745455
de.mv.gem.13074075,gemeinde,de.mv.amt.130745455
de.mv.gem.13074088,gemeinde,de.mv.amt.130745455
de.mv.gem.13074755,gemeinde,de.mv.amt.130745455
de.mv.gem.13074004,gemeinde,de.mv.amt.130745456
de.mv.gem.13074007,gemeinde,de.mv.amt.130745456
de.mv.gem.13074009,gemeinde,de.mv.amt.130745456
de.mv.gem.13074034,gemeinde,de.mv.amt.130745456
de.mv.gem.13074044,gemeinde,de.mv.amt.130745456
de.mv.gem.13074056,gemeinde,de.mv.amt.130745456
de.mv.gem.13074756,gemeinde,de.mv.amt.130745456
de.mv.gem.13074006,gemeinde,de.mv.amt.130745457
de.mv.gem.13074023,gemeinde,de.mv.amt.130745457
de.mv.gem.13074036,gemeinde,de.mv.amt.130745457
de.mv.gem.13074046,gemeinde,de.mv.amt.130745457
de.mv.gem.13074057,gemeinde,de.mv.amt.130745457
de.mv.gem.13074060,gemeinde,de.mv.amt.130745457
de.mv.gem.13074084,gemeinde,de.mv.amt.130745457
de.mv.gem.13074090,gemeinde,de.mv.amt.130745457
de.mv.gem.13074091,gemeinde,de.mv.amt.130745457
de.mv.gem.13074757,gemeinde,de.mv.amt.130745457
de.mv.gem.13075039,gemeinde,de.mv.amt.130750501
de.mv.gem.13075002,gemeinde,de.mv.amt.130755554
de.mv.gem.13075009,gemeinde,de.mv.amt.130755554
de.mv.gem.13075023,gemeinde,de.mv.amt.130755554
de.mv.gem.13075054,gemeinde,de.mv.amt.130755554
de.mv.gem.13075070,gemeinde,de.mv.amt.130755554
de.mv.gem.13075134,gemeinde,de.mv.amt.130755554
de.mv.gem.13075140,gemeinde,de.mv.amt.130755554
de.mv.gem.13075754,gemeinde,de.mv.amt.130755554
de.mv.gem.13075036,gemeinde,de.mv.amt.130755558
de.mv.gem.13075082,gemeinde,de.mv.amt.130755558
de.mv.gem.13075123,gemeinde,de.mv.amt.130755558
de.mv.gem.13075758,gemeinde,de.mv.amt.130755558
de.mv.gem.13075005,gemeinde,de.mv.amt.130750511
de.mv.gem.13075007,gemeinde,de.mv.amt.130755553
de.mv.gem.13075013,gemeinde,de.mv.amt.130755553
de.mv.gem.13075015,gemeinde,de.mv.amt.130755553
de.mv.gem.13075020,gemeinde,de.mv.amt.130755553
de.mv.gem.13075022,gemeinde,de.mv.amt.130755553
de.mv.gem.13075029,gemeinde,de.mv.amt.130755553
de.mv.gem.13075053,gemeinde,de.mv.amt.130755553
de.mv.gem.13075068,gemeinde,de.mv.amt.130755553
de.mv.gem.13075073,gemeinde,de.mv.amt.130755553
de.mv.gem.13075088,gemeinde,de.mv.amt.130755553
de.mv.gem.13075098,gemeinde,de.mv.amt.130755553
de.mv.gem.13075101,gemeinde,de.mv.amt.130755553
de.mv.gem.13075110,gemeinde,de.mv.amt.130755553
de.mv.gem.13075116,gemeinde,de.mv.amt.130755553
de.mv.gem.13075122,gemeinde,de.mv.amt.130755553
de.mv.gem.13075127,gemeinde,de.mv.amt.130755553
de.mv.gem.13075128,gemeinde,de.mv.amt.130755553
de.mv.gem.13075155,gemeinde,de.mv.amt.130755553
de.mv.gem.13075753,gemeinde,de.mv.amt.130755553
de.mv.gem.13075008,gemeinde,de.mv.amt.130755555
de.mv.gem.13075025,gemeinde,de.mv.amt.130755555
de.mv.gem.13075027,gemeinde,de.mv.amt.130755555
de.mv.gem.13075028,gemeinde,de.mv.amt.130755555
de.mv.gem.13075050,gemeinde,de.mv.amt.130755555
de.mv.gem.13075076,gemeinde,de.mv.amt.130755555
de.mv.gem.13075091,gemeinde,de.mv.amt.130755555
de.mv.gem.13075102,gemeinde,de.mv.amt.130755555
de.mv.gem.13075141,gemeinde,de.mv.amt.130755555
de.mv.gem.13075142,gemeinde,de.mv.amt.130755555
de.mv.gem.13075755,gemeinde,de.mv.amt.130755555
de.mv.gem.13075006,gemeinde,de.mv.amt.130755563
de.mv.gem.13075040,gemeinde,de.mv.amt.130755563
de.mv.gem.13075041,gemeinde,de.mv.amt.130755563
de.mv.gem.13075043,gemeinde,de.mv.amt.130755563
de.mv.gem.13075044,gemeinde,de.mv.amt.130755563
de.mv.gem.13075057,gemeinde,de.mv.amt.130755563
de.mv.gem.13075061,gemeinde,de.mv.amt.130755563
de.mv.gem.13075086,gemeinde,de.mv.amt.130755563
de.mv.gem.13075094,gemeinde,de.mv.amt.130755563
de.mv.gem.13075121,gemeinde,de.mv.amt.130755563
de.mv.gem.13075125,gemeinde,de.mv.amt.130755563
de.mv.gem.13075145,gemeinde,de.mv.amt.130755563
de.mv.gem.13075150,gemeinde,de.mv.amt.130755563
de.mv.gem.13075154,gemeinde,de.mv.amt.130755563
de.mv.gem.13075763,gemeinde,de.mv.amt.130755563
de.mv.gem.13075049,gemeinde,de.mv.amt.130750512
de.mv.gem.13075021,gemeinde,de.mv.amt.130755551
de.mv.gem.13075072,gemeinde,de.mv.amt.130755551
de.mv.gem.13075074,gemeinde,de.mv.amt.130755551
de.mv.gem.13075087,gemeinde,de.mv.amt.130755551
de.mv.gem.13075124,gemeinde,de.mv.amt.130755551
de.mv.gem.13075144,gemeinde,de.mv.amt.130755551
de.mv.gem.13075147,gemeinde,de.mv.amt.130755551
de.mv.gem.13075751,gemeinde,de.mv.amt.130755551
de.mv.gem.13075018,gemeinde,de.mv.amt.130755557
de.mv.gem.13075046,gemeinde,de.mv.amt.130755557
de.mv.gem.13075059,gemeinde,de.mv.amt.130755557
de.mv.gem.13075060,gemeinde,de.mv.amt.130755557
de.mv.gem.13075069,gemeinde,de.mv.amt.130755557
de.mv.gem.13075081,gemeinde,de.mv.amt.130755557
de.mv.gem.13075083,gemeinde,de.mv.amt.130755557
de.mv.gem.13075097,gemeinde,de.mv.amt.130755557
de.mv.gem.13075120,gemeinde,de.mv.amt.130755557
de.mv.gem.13075146,gemeinde,de.mv.amt.130755557
de.mv.gem.13075757,gemeinde,de.mv.amt.130755557
de.mv.gem.13075058,gemeinde,de.mv.amt.130755561
de.mv.gem.13075092,gemeinde,de.mv.amt.130755561
de.mv.gem.13075106,gemeinde,de.mv.amt.130755561
de.mv.gem.13075133,gemeinde,de.mv.amt.130755561
de.mv.gem.13075151,gemeinde,de.mv.amt.130755561
de.mv.gem.13075761,gemeinde,de.mv.amt.130755561
de.mv.gem.13075010,gemeinde,de.mv.amt.130755562
de.mv.gem.13075026,gemeinde,de.mv.amt.130755562
de.mv.gem.13075034,gemeinde,de.mv.amt.130755562
de.mv.gem.13075056,gemeinde,de.mv.amt.130755562
de.mv.gem.13075065,gemeinde,de.mv.amt.130755562
de.mv.gem.13075066,gemeinde,de.mv.amt.130755562
de.mv.gem.13075080,gemeinde,de.mv.amt.130755562
de.mv.gem.13075090,gemeinde,de.mv.amt.130755562
de.mv.gem.13075111,gemeinde,de.mv.amt.130755562
de.mv.gem.13075114,gemeinde,de.mv.amt.130755562
de.mv.gem.13075129,gemeinde,de.mv.amt.130755562
de.mv.gem.13075135,gemeinde,de.mv.amt.130755562
de.mv.gem.13075137,gemeinde,de.mv.amt.130755562
de.mv.gem.13075148,gemeinde,de.mv.amt.130755562
de.mv.gem.13075152,gemeinde,de.mv.amt.130755562
de.mv.gem.13075762,gemeinde,de.mv.amt.130755562
de.mv.gem.13075136,gemeinde,de.mv.amt.130750515
de.mv.gem.13075001,gemeinde,de.mv.amt.130755552
de.mv.gem.13075003,gemeinde,de.mv.amt.130755552
de.mv.gem.13075031,gemeinde,de.mv.amt.130755552
de.mv.gem.13075037,gemeinde,de.mv.amt.130755552
de.mv.gem.13075051,gemeinde,de.mv.amt.130755552
de.mv.gem.13075075,gemeinde,de.mv.amt.130755552
de.mv.gem.13075078,gemeinde,de.mv.amt.130755552
de.mv.gem.13075084,gemeinde,de.mv.amt.130755552
de.mv.gem.13075085,gemeinde,de.mv.amt.130755552
de.mv.gem.13075089,gemeinde,de.mv.amt.130755552
de.mv.gem.13075093,gemeinde,de.mv.amt.130755552
de.mv.gem.13075139,gemeinde,de.mv.amt.130755552
de.mv.gem.13075752,gemeinde,de.mv.amt.130755552
de.mv.gem.13075004,gemeinde,de.mv.amt.130755559
de.mv.gem.13075033,gemeinde,de.mv.amt.130755559
de.mv.gem.13075045,gemeinde,de.mv.amt.130755559
de.mv.gem.13075048,gemeinde,de.mv.amt.130755559
de.mv.gem.13075118,gemeinde,de.mv.amt.130755559
de.mv.gem.13075131,gemeinde,de.mv.amt.130755559
de.mv.gem.13075143,gemeinde,de.mv.amt.130755559
de.mv.gem.13075759,gemeinde,de.mv.amt.130755559
de.mv.gem.13075105,gemeinde,de.mv.amt.130750513
de.mv.gem.13075130,gemeinde,de.mv.amt.130750514
de.mv.gem.13075011,gemeinde,de.mv.amt.130755556
de.mv.gem.13075012,gemeinde,de.mv.amt.130755556
de.mv.gem.13075016,gemeinde,de.mv.amt.130755556
de.mv.gem.13075035,gemeinde,de.mv.amt.130755556
de.mv.gem.13075038,gemeinde,de.mv.amt.130755556
de.mv.gem.13075067,gemeinde,de.mv.amt.130755556
de.mv.gem.13075079,gemeinde,de.mv.amt.130755556
de.mv.gem.13075095,gemeinde,de.mv.amt.130755556
de.mv.gem.13075107,gemeinde,de.mv.amt.130755556
de.mv.gem.13075108,gemeinde,de.mv.amt.130755556
de.mv.gem.13075113,gemeinde,de.mv.amt.130755556
de.mv.gem.13075117,gemeinde,de.mv.amt.130755556
de.mv.gem.13075119,gemeinde,de.mv.amt.130755556
de.mv.gem.13075756,gemeinde,de.mv.amt.130755556
de.mv.gem.13075017,gemeinde,de.mv.amt.130755560
de.mv.gem.13075032,gemeinde,de.mv.amt.130755560
de.mv.gem.13075042,gemeinde,de.mv.amt.130755560
de.mv.gem.13075055,gemeinde,de.mv.amt.130755560
de.mv.gem.13075063,gemeinde,de.mv.amt.130755560
de.mv.gem.13075071,gemeinde,de.mv.amt.130755560
de.mv.gem.13075103,gemeinde,de.mv.amt.130755560
de.mv.gem.13075104,gemeinde,de.mv.amt.130755560
de.mv.gem.13075109,gemeinde,de.mv.amt.130755560
de.mv.gem.13075115,gemeinde,de.mv.amt.130755560
de.mv.gem.13075126,gemeinde,de.mv.amt.130755560
de.mv.gem.13075138,gemeinde,de.mv.amt.130755560
de.mv.gem.13075149,gemeinde,de.mv.amt.130755560
de.mv.gem.13075760,gemeinde,de.mv.amt.130755560
de.mv.gem.13076014,gemeinde,de.mv.amt.130760611
de.mv.gem.13076088,gemeinde,de.mv.amt.130760613
de.mv.gem.13076009,gemeinde,de.mv.amt.130765652
de.mv.gem.13076010,gemeinde,de.mv.amt.130765652
de.mv.gem.13076016,gemeinde,de.mv.amt.130765652
de.mv.gem.13076030,gemeinde,de.mv.amt.130765652
de.mv.gem.13076054,gemeinde,de.mv.amt.130765652
de.mv.gem.13076055,gemeinde,de.mv.amt.130765652
de.mv.gem.13076102,gemeinde,de.mv.amt.130765652
de.mv.gem.13076106,gemeinde,de.mv.amt.130765652
de.mv.gem.13076122,gemeinde,de.mv.amt.130765652
de.mv.gem.13076136,gemeinde,de.mv.amt.130765652
de.mv.gem.13076138,gemeinde,de.mv.amt.130765652
de.mv.gem.13076752,gemeinde,de.mv.amt.130765652
de.mv.gem.13076034,gemeinde,de.mv.amt.130765654
de.mv.gem.13076053,gemeinde,de.mv.amt.130765654
de.mv.gem.13076067,gemeinde,de.mv.amt.130765654
de.mv.gem.13076093,gemeinde,de.mv.amt.130765654
de.mv.gem.13076094,gemeinde,de.mv.amt.130765654
de.mv.gem.13076103,gemeinde,de.mv.amt.130765654
de.mv.gem.13076143,gemeinde,de.mv.amt.130765654
de.mv.gem.13076754,gemeinde,de.mv.amt.130765654
de.mv.gem.13076039,gemeinde,de.mv.amt.130765667
de.mv.gem.13076073,gemeinde,de.mv.amt.130765667
de.mv.gem.13076092,gemeinde,de.mv.amt.130765667
de.mv.gem.13076142,gemeinde,de.mv.amt.130765667
de.mv.gem.13076159,gemeinde,de.mv.amt.130765667
de.mv.gem.13076767,gemeinde,de.mv.amt.130765667
de.mv.gem.13076060,gemeinde,de.mv.amt.130760612
de.mv.gem.13076002,gemeinde,de.mv.amt.130765658
de.mv.gem.13076004,gemeinde,de.mv.amt.130765658
de.mv.gem.13076008,gemeinde,de.mv.amt.130765658
de.mv.gem.13076013,gemeinde,de.mv.amt.130765658
de.mv.gem.13076019,gemeinde,de.mv.amt.130765658
de.mv.gem.13076041,gemeinde,de.mv.amt.130765658
de.mv.gem.13076057,gemeinde,de.mv.amt.130765658
de.mv.gem.13076064,gemeinde,de.mv.amt.130765658
de.mv.gem.13076065,gemeinde,de.mv.amt.130765658
de.mv.gem.13076070,gemeinde,de.mv.amt.130765658
de.mv.gem.13076079,gemeinde,de.mv.amt.130765658
de.mv.gem.13076099,gemeinde,de.mv.amt.130765658
de.mv.gem.13076110,gemeinde,de.mv.amt.130765658
de.mv.gem.13076111,gemeinde,de.mv.amt.130765658
de.mv.gem.13076116,gemeinde,de.mv.amt.130765658
de.mv.gem.13076119,gemeinde,de.mv.amt.130765658
de.mv.gem.13076123,gemeinde,de.mv.amt.130765658
de.mv.gem.13076131,gemeinde,de.mv.amt.130765658
de.mv.gem.13076139,gemeinde,de.mv.amt.130765658
de.mv.gem.13076145,gemeinde,de.mv.amt.130765658
de.mv.gem.13076758,gemeinde,de.mv.amt.130765658
de.mv.gem.13076036,gemeinde,de.mv.amt.130765665
de.mv.gem.13076063,gemeinde,de.mv.amt.130765665
de.mv.gem.13076071,gemeinde,de.mv.amt.130765665
de.mv.gem.13076107,gemeinde,de.mv.amt.130765665
de.mv.gem.13076121,gemeinde,de.mv.amt.130765665
de.mv.gem.13076130,gemeinde,de.mv.amt.130765665
de.mv.gem.13076147,gemeinde,de.mv.amt.130765665
de.mv.gem.13076154,gemeinde,de.mv.amt.130765665
de.mv.gem.13076163,gemeinde,de.mv.amt.130765665
de.mv.gem.13076765,gemeinde,de.mv.amt.130765665
de.mv.gem.13076152,gemeinde,de.mv.amt.130765666
de.mv.gem.13076153,gemeinde,de.mv.amt.130765666
de.mv.gem.13076766,gemeinde,de.mv.amt.130765666
de.mv.gem.13076090,gemeinde,de.mv.amt.130760614
de.mv.gem.13076003,gemeinde,de.mv.amt.130765657
de.mv.gem.13076021,gemeinde,de.mv.amt.130765657
de.mv.gem.13076027,gemeinde,de.mv.amt.130765657
de.mv.gem.13076037,gemeinde,de.mv.amt.130765657
de.mv.gem.13076049,gemeinde,de.mv.amt.130765657
de.mv.gem.13076050,gemeinde,de.mv.amt.130765657
de.mv.gem.13076069,gemeinde,de.mv.amt.130765657
de.mv.gem.13076076,gemeinde,de.mv.amt.130765657
de.mv.gem.13076097,gemeinde,de.mv.amt.130765657
de.mv.gem.13076098,gemeinde,de.mv.amt.130765657
de.mv.gem.13076100,gemeinde,de.mv.amt.130765657
de.mv.gem.13076115,gemeinde,de.mv.amt.130765657
de.mv.gem.13076161,gemeinde,de.mv.amt.130765657
de.mv.gem.13076757,gemeinde,de.mv.amt.130765657
de.mv.gem.13076001,gemeinde,de.mv.amt.130765659
de.mv.gem.13076018,gemeinde,de.mv.amt.130765659
de.mv.gem.13076046,gemeinde,de.mv.amt.130765659
de.mv.gem.13076058,gemeinde,de.mv.amt.130765659
de.mv.gem.13076084,gemeinde,de.mv.amt.130765659
de.mv.gem.13076086,gemeinde,de.mv.amt.130765659
de.mv.gem.13076087,gemeinde,de.mv.amt.130765659
de.mv.gem.13076118,gemeinde,de.mv.amt.130765659
de.mv.gem.13076134,gemeinde,de.mv.amt.130765659
de.mv.gem.13076141,gemeinde,de.mv.amt.130765659
de.mv.gem.13076146,gemeinde,de.mv.amt.130765659
de.mv.gem.13076156,gemeinde,de.mv.amt.130765659
de.mv.gem.13076759,gemeinde,de.mv.amt.130765659
de.mv.gem.13076012,gemeinde,de.mv.amt.130765660
de.mv.gem.13076017,gemeinde,de.mv.amt.130765660
de.mv.gem.13076105,gemeinde,de.mv.amt.130765660
de.mv.gem.13076760,gemeinde,de.mv.amt.130765660
de.mv.gem.13076108,gemeinde,de.mv.amt.130760615
de.mv.gem.13076040,gemeinde,de.mv.amt.130765655
de.mv.gem.13076043,gemeinde,de.mv.amt.130765655
de.mv.gem.13076051,gemeinde,de.mv.amt.130765655
de.mv.gem.13076075,gemeinde,de.mv.amt.130765655
de.mv.gem.13076077,gemeinde,de.mv.amt.130765655
de.mv.gem.13076089,gemeinde,de.mv.amt.130765655
de.mv.gem.13076095,gemeinde,de.mv.amt.130765655
de.mv.gem.13076109,gemeinde,de.mv.amt.130765655
de.mv.gem.13076125,gemeinde,de.mv.amt.130765655
de.mv.gem.13076132,gemeinde,de.mv.amt.130765655
de.mv.gem.13076137,gemeinde,de.mv.amt.130765655
de.mv.gem.13076151,gemeinde,de.mv.amt.130765655
de.mv.gem.13076165,gemeinde,de.mv.amt.130765655
de.mv.gem.13076755,gemeinde,de.mv.amt.130765655
de.mv.gem.13076035,gemeinde,de.mv.amt.130765662
de.mv.gem.13076056,gemeinde,de.mv.amt.130765662
de.mv.gem.13076068,gemeinde,de.mv.amt.130765662
de.mv.gem.13076085,gemeinde,de.mv.amt.130765662
de.mv.gem.13076120,gemeinde,de.mv.amt.130765662
de.mv.gem.13076126,gemeinde,de.mv.amt.130765662
de.mv.gem.13076129,gemeinde,de.mv.amt.130765662
de.mv.gem.13076160,gemeinde,de.mv.amt.130765662
de.mv.gem.13076162,gemeinde,de.mv.amt.130765662
de.mv.gem.13076164,gemeinde,de.mv.amt.130765662
de.mv.gem.13076762,gemeinde,de.mv.amt.130765662
de.mv.gem.13076006,gemeinde,de.mv.amt.130765663
de.mv.gem.13076114,gemeinde,de.mv.amt.130765663
de.mv.gem.13076166,gemeinde,de.mv.amt.130765663
de.mv.gem.13076763,gemeinde,de.mv.amt.130765663
de.mv.gem.13076032,gemeinde,de.mv.amt.130765656
de.mv.gem.13076048,gemeinde,de.mv.amt.130765656
de.mv.gem.13076096,gemeinde,de.mv.amt.130765656
de.mv.gem.13076104,gemeinde,de.mv.amt.130765656
de.mv.gem.13076135,gemeinde,de.mv.amt.130765656
de.mv.gem.13076756,gemeinde,de.mv.amt.130765656
de.mv.gem.13076011,gemeinde,de.mv.amt.130765664
de.mv.gem.13076015,gemeinde,de.mv.amt.130765664
de.mv.gem.13076020,gemeinde,de.mv.amt.130765664
de.mv.gem.13076026,gemeinde,de.mv.amt.130765664
de.mv.gem.13076062,gemeinde,de.mv.amt.130765664
de.mv.gem.13076072,gemeinde,de.mv.amt.130765664
de.mv.gem.13076078,gemeinde,de.mv.amt.130765664
de.mv.gem.13076101,gemeinde,de.mv.amt.130765664
de.mv.gem.13076128,gemeinde,de.mv.amt.130765664
de.mv.gem.13076148,gemeinde,de.mv.amt.130765664
de.mv.gem.13076155,gemeinde,de.mv.amt.130765664
de.mv.gem.13076167,gemeinde,de.mv.amt.130765664
de.mv.gem.13076764,gemeinde,de.mv.amt.130765664
de.mv.gem.13076005,gemeinde,de.mv.amt.130765668
de.mv.gem.13076007,gemeinde,de.mv.amt.130765668
de.mv.gem.13076023,gemeinde,de.mv.amt.130765668
de.mv.gem.13076024,gemeinde,de.mv.amt.130765668
de.mv.gem.13076025,gemeinde,de.mv.amt.130765668
de.mv.gem.13076029,gemeinde,de.mv.amt.130765668
de.mv.gem.13076033,gemeinde,de.mv.amt.130765668
de.mv.gem.13076038,gemeinde,de.mv.amt.130765668
de.mv.gem.13076044,gemeinde,de.mv.amt.130765668
de.mv.gem.13076080,gemeinde,de.mv.amt.130765668
de.mv.gem.13076082,gemeinde,de.mv.amt.130765668
de.mv.gem.13076112,gemeinde,de.mv.amt.130765668
de.mv.gem.13076113,gemeinde,de.mv.amt.130765668
de.mv.gem.13076117,gemeinde,de.mv.amt.130765668
de.mv.gem.13076133,gemeinde,de.mv.amt.130765668
de.mv.gem.13076140,gemeinde,de.mv.amt.130765668
de.mv.gem.13076158,gemeinde,de.mv.amt.130765668
de.mv.gem.13076768,gemeinde,de.mv.amt.130765668
de.mv.wk.004.gem.13003000.wbz.001,wahlbezirk,de.mv.gem.13003000
de.mv.wk.004.gem.13003000.wbz.002,wahlbezirk,de.mv.gem.13003000
de.mv.wk.004.gem.13003000.wbz.003,wahlbezirk,de.mv.gem.13003000
de.mv.wk.004.gem.13003000.wbz.004,wahlbezirk,de.mv.gem.13003000
de.mv.wk.004.gem.13003000.wbz.005,wahlbezirk,de.mv.gem.13003000
de.mv.wk.004.gem.13003000.wbz.006,wahlbezirk,de.mv.gem.13003000
de.mv.wk.004.gem.13003000.wbz.021,wahlbezirk,de.mv.gem.13003000
de.mv.wk.004.gem.13003000.wbz.041,wahlbezirk,de.mv.gem.13003000
de.mv.wk.004.gem.13003000.wbz.042,wahlbezirk,de.mv.gem.13003000
de.mv.wk.004.gem.13003000.wbz.043,wahlbezirk,de.mv.gem.13003000
de.mv.wk.004.gem.13003000.wbz.044,wahlbezirk,de.mv.gem.13003000
de.mv.wk.004.gem.13003000.wbz.045,wahlbezirk,de.mv.gem.13003000
de.mv.wk.004.gem.13003000.wbz.046,wahlbezirk,de.mv.gem.13003000
de.mv.wk.004.gem.13003000.wbz.047,wahlbezirk,de.mv.gem.13003000
de.mv.wk.004.gem.13003000.wbz.048,wahlbezirk,de.mv.gem.13003000
de.mv.wk.004.gem.13003000.wbz.049,wahlbezirk,de.mv.gem.13003000
de.mv.wk.004.gem.13003000.wbz.061,wahlbezirk,de.mv.gem.13003000
de.mv.wk.004.gem.13003000.wbz.062,wahlbezirk,de.mv.gem.13003000
de.mv.wk.004.gem.13003000.wbz.063,wahlbezirk,de.mv.gem.13003000
de.mv.wk.004.gem.13003000.wbz.064,wahlbezirk,de.mv.gem.13003000
de.mv.wk.004.gem.13003000.wbz.065,wahlbezirk,de.mv.gem.13003000
de.mv.wk.004.gem.13003000.wbz.066,wahlbezirk,de.mv.gem.13003000
de.mv.wk.004.gem.13003000.wbz.067,wahlbezirk,de.mv.gem.13003000
de.mv.wk.004.gem.13003000.wbz.068,wahlbezirk,de.mv.gem.13003000
de.mv.wk.004.gem.13003000.wbz.121,wahlbezirk,de.mv.gem.13003000
de.mv.wk.004.gem.13003000.wbz.122,wahlbezirk,de.mv.gem.13003000
de.mv.wk.004.gem.13003000.wbz.123,wahlbezirk,de.mv.gem.13003000
de.mv.wk.004.gem.13003000.wbz.124,wahlbezirk,de.mv.gem.13003000
de.mv.wk.004.gem.13003000.wbz.125,wahlbezirk,de.mv.gem.13003000
de.mv.wk.004.gem.13003000.wbz.901,briefwahlbezirk,de.mv.gem.13003000
de.mv.wk.004.gem.13003000.wbz.902,briefwahlbezirk,de.mv.gem.13003000
de.mv.wk.004.gem.13003000.wbz.903,briefwahlbezirk,de.mv.gem.13003000
de.mv.wk.004.gem.13003000.wbz.904,briefwahlbezirk,de.mv.gem.13003000
de.mv.wk.004.gem.13003000.wbz.905,briefwahlbezirk,de.mv.gem.13003000
de.mv.wk.004.gem.13003000.wbz.910,briefwahlbezirk,de.mv.gem.13003000
de.mv.wk.005.gem.13003000.wbz.081,wahlbezirk,de.mv.gem.13003000
de.mv.wk.005.gem.13003000.wbz.082,wahlbezirk,de.mv.gem.13003000
de.mv.wk.005.gem.13003000.wbz.083,wahlbezirk,de.mv.gem.13003000
de.mv.wk.005.gem.13003000.wbz.084,wahlbezirk,de.mv.gem.13003000
de.mv.wk.005.gem.13003000.wbz.085,wahlbezirk,de.mv.gem.13003000
de.mv.wk.005.gem.13003000.wbz.086,wahlbezirk,de.mv.gem.13003000
de.mv.wk.005.gem.13003000.wbz.087,wahlbezirk,de.mv.gem.13003000
de.mv.wk.005.gem.13003000.wbz.088,wahlbezirk,de.mv.gem.13003000
de.mv.wk.005.gem.13003000.wbz.089,wahlbezirk,de.mv.gem.13003000
de.mv.wk.005.gem.13003000.wbz.090,wahlbezirk,de.mv.gem.13003000
de.mv.wk.005.gem.13003000.wbz.091,wahlbezirk,de.mv.gem.13003000
de.mv.wk.005.gem.13003000.wbz.101,wahlbezirk,de.mv.gem.13003000
de.mv.wk.005.gem.13003000.wbz.102,wahlbezirk,de.mv.gem.13003000
de.mv.wk.005.gem.13003000.wbz.103,wahlbezirk,de.mv.gem.13003000
de.mv.wk.005.gem.13003000.wbz.104,wahlbezirk,de.mv.gem.13003000
de.mv.wk.005.gem.13003000.wbz.105,wahlbezirk,de.mv.gem.13003000
de.mv.wk.005.gem.13003000.wbz.106,wahlbezirk,de.mv.gem.13003000
de.mv.wk.005.gem.13003000.wbz.107,wahlbezirk,de.mv.gem.13003000
de.mv.wk.005.gem.13003000.wbz.108,wahlbezirk,de.mv.gem.13003000
de.mv.wk.005.gem.13003000.wbz.109,wahlbezirk,de.mv.gem.13003000
de.mv.wk.005.gem.13003000.wbz.110,wahlbezirk,de.mv.gem.13003000
de.mv.wk.005.gem.13003000.wbz.141,wahlbezirk,de.mv.gem.13003000
de.mv.wk.005.gem.13003000.wbz.142,wahlbezirk,de.mv.gem.13003000
de.mv.wk.005.gem.13003000.wbz.143,wahlbezirk,de.mv.gem.13003000
de.mv.wk.005.gem.13003000.wbz.144,wahlbezirk,de.mv.gem.13003000
de.mv.wk.005.gem.13003000.wbz.145,wahlbezirk,de.mv.gem.13003000
de.mv.wk.005.gem.13003000.wbz.146,wahlbezirk,de.mv.gem.13003000
de.mv.wk.005.gem.13003000.wbz.147,wahlbezirk,de.mv.gem.13003000
de.mv.wk.005.gem.13003000.wbz.148,wahlbezirk,de.mv.gem.13003000
de.mv.wk.005.gem.13003000.wbz.149,wahlbezirk,de.mv.gem.13003000
de.mv.wk.005.gem.13003000.wbz.906,briefwahlbezirk,de.mv.gem.13003000
de.mv.wk.005.gem.13003000.wbz.907,briefwahlbezirk,de.mv.gem.13003000
de.mv.wk.005.gem.13003000.wbz.908,briefwahlbezirk,de.mv.gem.13003000
de.mv.wk.005.gem.13003000.wbz.909,briefwahlbezirk,de.mv.gem.13003000
de.mv.wk.005.gem.13003000.wbz.911,briefwahlbezirk,de.mv.gem.13003000
de.mv.wk.005.gem.13003000.wbz.912,briefwahlbezirk,de.mv.gem.13003000
de.mv.wk.006.gem.13003000.wbz.150,wahlbezirk,de.mv.gem.13003000
de.mv.wk.006.gem.13003000.wbz.151,wahlbezirk,de.mv.gem.13003000
de.mv.wk.006.gem.13003000.wbz.152,wahlbezirk,de.mv.gem.13003000
de.mv.wk.006.gem.13003000.wbz.153,wahlbezirk,de.mv.gem.13003000
de.mv.wk.006.gem.13003000.wbz.161,wahlbezirk,de.mv.gem.13003000
de.mv.wk.006.gem.13003000.wbz.162,wahlbezirk,de.mv.gem.13003000
de.mv.wk.006.gem.13003000.wbz.163,wahlbezirk,de.mv.gem.13003000
de.mv.wk.006.gem.13003000.wbz.164,wahlbezirk,de.mv.gem.13003000
de.mv.wk.006.gem.13003000.wbz.165,wahlbezirk,de.mv.gem.13003000
de.mv.wk.006.gem.13003000.wbz.166,wahlbezirk,de.mv.gem.13003000
de.mv.wk.006.gem.13003000.wbz.181,wahlbezirk,de.mv.gem.13003000
de.mv.wk.006.gem.13003000.wbz.182,wahlbezirk,de.mv.gem.13003000
de.mv.wk.006.gem.13003000.wbz.201,wahlbezirk,de.mv.gem.13003000
de.mv.wk.006.gem.13003000.wbz.202,wahlbezirk,de.mv.gem.13003000
de.mv.wk.006.gem.13003000.wbz.203,wahlbezirk,de.mv.gem.13003000
de.mv.wk.006.gem.13003000.wbz.204,wahlbezirk,de.mv.gem.13003000
de.mv.wk.006.gem.13003000.wbz.205,wahlbezirk,de.mv.gem.13003000
de.mv.wk.006.gem.13003000.wbz.206,wahlbezirk,de.mv.gem.13003000
de.mv.wk.006.gem.13003000.wbz.207,wahlbezirk,de.mv.gem.13003000
de.mv.wk.006.gem.13003000.wbz.208,wahlbezirk,de.mv.gem.13003000
de.mv.wk.006.gem.13003000.wbz.209,wahlbezirk,de.mv.gem.13003000
de.mv.wk.006.gem.13003000.wbz.210,wahlbezirk,de.mv.gem.13003000
de.mv.wk.006.gem.13003000.wbz.211,wahlbezirk,de.mv.gem.13003000
de.mv.wk.006.gem.13003000.wbz.212,wahlbezirk,de.mv.gem.13003000
de.mv.wk.006.gem.13003000.wbz.213,wahlbezirk,de.mv.gem.13003000
de.mv.wk.006.gem.13003000.wbz.261,wahlbezirk,de.mv.gem.13003000
de.mv.wk.006.gem.13003000.wbz.262,wahlbezirk,de.mv.gem.13003000
de.mv.wk.006.gem.13003000.wbz.263,wahlbezirk,de.mv.gem.13003000
de.mv.wk.006.gem.13003000.wbz.264,wahlbezirk,de.mv.gem.13003000
de.mv.wk.006.gem.13003000.wbz.265,wahlbezirk,de.mv.gem.13003000
de.mv.wk.006.gem.13003000.wbz.266,wahlbezirk,de.mv.gem.13003000
de.mv.wk.006.gem.13003000.wbz.267,wahlbezirk,de.mv.gem.13003000
de.mv.wk.006.gem.13003000.wbz.268,wahlbezirk,de.mv.gem.13003000
de.mv.wk.006.gem.13003000.wbz.269,wahlbezirk,de.mv.gem.13003000
de.mv.wk.006.gem.13003000.wbz.270,wahlbezirk,de.mv.gem.13003000
de.mv.wk.006.gem.13003000.wbz.281,wahlbezirk,de.mv.gem.13003000
de.mv.wk.006.gem.13003000.wbz.282,wahlbezirk,de.mv.gem.13003000
de.mv.wk.006.gem.13003000.wbz.913,briefwahlbezirk,de.mv.gem.13003000
de.mv.wk.006.gem.13003000.wbz.914,briefwahlbezirk,de.mv.gem.13003000
de.mv.wk.006.gem.13003000.wbz.915,briefwahlbezirk,de.mv.gem.13003000
de.mv.wk.006.gem.13003000.wbz.916,briefwahlbezirk,de.mv.gem.13003000
de.mv.wk.006.gem.13003000.wbz.917,briefwahlbezirk,de.mv.gem.13003000
de.mv.wk.006.gem.13003000.wbz.918,briefwahlbezirk,de.mv.gem.13003000
de.mv.wk.006.gem.13003000.wbz.919,briefwahlbezirk,de.mv.gem.13003000
de.mv.wk.006.gem.13003000.wbz.924,briefwahlbezirk,de.mv.gem.13003000
de.mv.wk.006.gem.13003000.wbz.925,briefwahlbezirk,de.mv.gem.13003000
de.mv.wk.007.gem.13003000.wbz.022,wahlbezirk,de.mv.gem.13003000
de.mv.wk.007.gem.13003000.wbz.221,wahlbezirk,de.mv.gem.13003000
de.mv.wk.007.gem.13003000.wbz.222,wahlbezirk,de.mv.gem.13003000
de.mv.wk.007.gem.13003000.wbz.223,wahlbezirk,de.mv.gem.13003000
de.mv.wk.007.gem.13003000.wbz.224,wahlbezirk,de.mv.gem.13003000
de.mv.wk.007.gem.13003000.wbz.225,wahlbezirk,de.mv.gem.13003000
de.mv.wk.007.gem.13003000.wbz.226,wahlbezirk,de.mv.gem.13003000
de.mv.wk.007.gem.13003000.wbz.227,wahlbezirk,de.mv.gem.13003000
de.mv.wk.007.gem.13003000.wbz.228,wahlbezirk,de.mv.gem.13003000
de.mv.wk.007.gem.13003000.wbz.229,wahlbezirk,de.mv.gem.13003000
de.mv.wk.007.gem.13003000.wbz.230,wahlbezirk,de.mv.gem.13003000
de.mv.wk.007.gem.13003000.wbz.231,wahlbezirk,de.mv.gem.13003000
de.mv.wk.007.gem.13003000.wbz.232,wahlbezirk,de.mv.gem.13003000
de.mv.wk.007.gem.13003000.wbz.241,wahlbezirk,de.mv.gem.13003000
de.mv.wk.007.gem.13003000.wbz.242,wahlbezirk,de.mv.gem.13003000
de.mv.wk.007.gem.13003000.wbz.243,wahlbezirk,de.mv.gem.13003000
de.mv.wk.007.gem.13003000.wbz.244,wahlbezirk,de.mv.gem.13003000
de.mv.wk.007.gem.13003000.wbz.245,wahlbezirk,de.mv.gem.13003000
de.mv.wk.007.gem.13003000.wbz.246,wahlbezirk,de.mv.gem.13003000
de.mv.wk.007.gem.13003000.wbz.301,wahlbezirk,de.mv.gem.13003000
de.mv.wk.007.gem.13003000.wbz.302,wahlbezirk,de.mv.gem.13003000
de.mv.wk.007.gem.13003000.wbz.303,wahlbezirk,de.mv.gem.13003000
de.mv.wk.007.gem.13003000.wbz.304,wahlbezirk,de.mv.gem.13003000
de.mv.wk.007.gem.13003000.wbz.305,wahlbezirk,de.mv.gem.13003000
de.mv.wk.007.gem.13003000.wbz.306,wahlbezirk,de.mv.gem.13003000
de.mv.wk.007.gem.13003000.wbz.321,wahlbezirk,de.mv.gem.13003000
de.mv.wk.007.gem.13003000.wbz.322,wahlbezirk,de.mv.gem.13003000
de.mv.wk.007.gem.13003000.wbz.341,wahlbezirk,de.mv.gem.13003000
de.mv.wk.007.gem.13003000.wbz.342,wahlbezirk,de.mv.gem.13003000
de.mv.wk.007.gem.13003000.wbz.343,wahlbezirk,de.mv.gem.13003000
de.mv.wk.007.gem.13003000.wbz.344,wahlbezirk,de.mv.gem.13003000
de.mv.wk.007.gem.13003000.wbz.345,wahlbezirk,de.mv.gem.13003000
de.mv.wk.007.gem.13003000.wbz.346,wahlbezirk,de.mv.gem.13003000
de.mv.wk.007.gem.13003000.wbz.347,wahlbezirk,de.mv.gem.13003000
de.mv.wk.007.gem.13003000.wbz.361,wahlbezirk,de.mv.gem.13003000
de.mv.wk.007.gem.13003000.wbz.362,wahlbezirk,de.mv.gem.13003000
de.mv.wk.007.gem.13003000.wbz.363,wahlbezirk,de.mv.gem.13003000
de.mv.wk.007.gem.13003000.wbz.381,wahlbezirk,de.mv.gem.13003000
de.mv.wk.007.gem.13003000.wbz.920,briefwahlbezirk,de.mv.gem.13003000
de.mv.wk.007.gem.13003000.wbz.921,briefwahlbezirk,de.mv.gem.13003000
de.mv.wk.007.gem.13003000.wbz.922,briefwahlbezirk,de.mv.gem.13003000
de.mv.wk.007.gem.13003000.wbz.923,briefwahlbezirk,de.mv.gem.13003000
de.mv.wk.007.gem.13003000.wbz.926,briefwahlbezirk,de.mv.gem.13003000
de.mv.wk.007.gem.13003000.wbz.927,briefwahlbezirk,de.mv.gem.13003000
de.mv.wk.007.gem.13003000.wbz.928,briefwahlbezirk,de.mv.gem.13003000
de.mv.wk.008.gem.13004000.wbz.001,wahlbezirk,de.mv.gem.13004000
de.mv.wk.008.gem.13004000.wbz.002,wahlbezirk,de.mv.gem.13004000
de.mv.wk.008.gem.13004000.wbz.003,wahlbezirk,de.mv.gem.13004000
de.mv.wk.008.gem.13004000.wbz.004,wahlbezirk,de.mv.gem.13004000
de.mv.wk.008.gem.13004000.wbz.005,wahlbezirk,de.mv.gem.13004000
de.mv.wk.008.gem.13004000.wbz.006,wahlbezirk,de.mv.gem.13004000
de.mv.wk.008.gem.13004000.wbz.007,wahlbezirk,de.mv.gem.13004000
de.mv.wk.008.gem.13004000.wbz.008,wahlbezirk,de.mv.gem.13004000
de.mv.wk.008.gem.13004000.wbz.009,wahlbezirk,de.mv.gem.13004000
de.mv.wk.008.gem.13004000.wbz.010,wahlbezirk,de.mv.gem.13004000
de.mv.wk.008.gem.13004000.wbz.011,wahlbezirk,de.mv.gem.13004000
de.mv.wk.008.gem.13004000.wbz.012,wahlbezirk,de.mv.gem.13004000
de.mv.wk.008.gem.13004000.wbz.013,wahlbezirk,de.mv.gem.13004000
de.mv.wk.008.gem.13004000.wbz.014,wahlbezirk,de.mv.gem.13004000
de.mv.wk.008.gem.13004000.wbz.015,wahlbezirk,de.mv.gem.13004000
de.mv.wk.008.gem.13004000.wbz.016,wahlbezirk,de.mv.gem.13004000
de.mv.wk.008.gem.13004000.wbz.017,wahlbezirk,de.mv.gem.13004000
de.mv.wk.008.gem.13004000.wbz.018,wahlbezirk,de.mv.gem.13004000
de.mv.wk.008.gem.13004000.wbz.019,wahlbezirk,de.mv.gem.13004000
de.mv.wk.008.gem.13004000.wbz.020,wahlbezirk,de.mv.gem.13004000
de.mv.wk.008.gem.13004000.wbz.021,wahlbezirk,de.mv.gem.13004000
de.mv.wk.008.gem.13004000.wbz.022,wahlbezirk,de.mv.gem.13004000
de.mv.wk.008.gem.13004000.wbz.023,wahlbezirk,de.mv.gem.13004000
de.mv.wk.008.gem.13004000.wbz.024,wahlbezirk,de.mv.gem.13004000
de.mv.wk.008.gem.13004000.wbz.025,wahlbezirk,de.mv.gem.13004000
de.mv.wk.008.gem.13004000.wbz.026,wahlbezirk,de.mv.gem.13004000
de.mv.wk.008.gem.13004000.wbz.027,wahlbezirk,de.mv.gem.13004000
de.mv.wk.008.gem.13004000.wbz.028,wahlbezirk,de.mv.gem.13004000
de.mv.wk.008.gem.13004000.wbz.029,wahlbezirk,de.mv.gem.13004000
de.mv.wk.008.gem.13004000.wbz.030,wahlbezirk,de.mv.gem.13004000
de.mv.wk.008.gem.13004000.wbz.031,wahlbezirk,de.mv.gem.13004000
de.mv.wk.008.gem.13004000.wbz.032,wahlbezirk,de.mv.gem.13004000
de.mv.wk.008.gem.13004000.wbz.033,wahlbezirk,de.mv.gem.13004000
de.mv.wk.008.gem.13004000.wbz.034,wahlbezirk,de.mv.gem.13004000
de.mv.wk.008.gem.13004000.wbz.035,wahlbezirk,de.mv.gem.13004000
de.mv.wk.008.gem.13004000.wbz.036,wahlbezirk,de.mv.gem.13004000
de.mv.wk.008.gem.13004000.wbz.901,briefwahlbezirk,de.mv.gem.13004000
de.mv.wk.008.gem.13004000.wbz.902,briefwahlbezirk,de.mv.gem.13004000
de.mv.wk.008.gem.13004000.wbz.903,briefwahlbezirk,de.mv.gem.13004000
de.mv.wk.008.gem.13004000.wbz.904,briefwahlbezirk,de.mv.gem.13004000
de.mv.wk.008.gem.13004000.wbz.905,briefwahlbezirk,de.mv.gem.13004000
de.mv.wk.008.gem.13004000.wbz.906,briefwahlbezirk,de.mv.gem.13004000
de.mv.wk.008.gem.13004000.wbz.907,briefwahlbezirk,de.mv.gem.13004000
de.mv.wk.008.gem.13004000.wbz.908,briefwahlbezirk,de.mv.gem.13004000
de.mv.wk.009.gem.13004000.wbz.037,wahlbezirk,de.mv.gem.13004000
de.mv.wk.009.gem.13004000.wbz.038,wahlbezirk,de.mv.gem.13004000
de.mv.wk.009.gem.13004000.wbz.039,wahlbezirk,de.mv.gem.13004000
de.mv.wk.009.gem.13004000.wbz.040,wahlbezirk,de.mv.gem.13004000
de.mv.wk.009.gem.13004000.wbz.041,wahlbezirk,de.mv.gem.13004000
de.mv.wk.009.gem.13004000.wbz.042,wahlbezirk,de.mv.gem.13004000
de.mv.wk.009.gem.13004000.wbz.043,wahlbezirk,de.mv.gem.13004000
de.mv.wk.009.gem.13004000.wbz.044,wahlbezirk,de.mv.gem.13004000
de.mv.wk.009.gem.13004000.wbz.045,wahlbezirk,de.mv.gem.13004000
de.mv.wk.009.gem.13004000.wbz.046,wahlbezirk,de.mv.gem.13004000
de.mv.wk.009.gem.13004000.wbz.047,wahlbezirk,de.mv.gem.13004000
de.mv.wk.009.gem.13004000.wbz.048,wahlbezirk,de.mv.gem.13004000
de.mv.wk.009.gem.13004000.wbz.049,wahlbezirk,de.mv.gem.13004000
de.mv.wk.009.gem.13004000.wbz.050,wahlbezirk,de.mv.gem.13004000
de.mv.wk.009.gem.13004000.wbz.051,wahlbezirk,de.mv.gem.13004000
de.mv.wk.009.gem.13004000.wbz.052,wahlbezirk,de.mv.gem.13004000
de.mv.wk.009.gem.13004000.wbz.053,wahlbezirk,de.mv.gem.13004000
de.mv.wk.009.gem.13004000.wbz.054,wahlbezirk,de.mv.gem.13004000
de.mv.wk.009.gem.13004000.wbz.055,wahlbezirk,de.mv.gem.13004000
de.mv.wk.009.gem.13004000.wbz.056,wahlbezirk,de.mv.gem.13004000
de.mv.wk.009.gem.13004000.wbz.057,wahlbezirk,de.mv.gem.13004000
de.mv.wk.009.gem.13004000.wbz.058,wahlbezirk,de.mv.gem.13004000
de.mv.wk.009.gem.13004000.wbz.059,wahlbezirk,de.mv.gem.13004000
de.mv.wk.009.gem.13004000.wbz.909,briefwahlbezirk,de.mv.gem.13004000
de.mv.wk.009.gem.13004000.wbz.910,briefwahlbezirk,de.mv.gem.13004000
de.mv.wk.009.gem.13004000.wbz.911,briefwahlbezirk,de.mv.gem.13004000
de.mv.wk.009.gem.13004000.wbz.912,briefwahlbezirk,de.mv.gem.13004000
de.mv.wk.002.gem.13071107.wbz.021,wahlbezirk,de.mv.gem.13071107
de.mv.wk.002.gem.13071107.wbz.022,wahlbezirk,de.mv.gem.13071107
de.mv.wk.002.gem.13071107.wbz.023,wahlbezirk,de.mv.gem.13071107
de.mv.wk.002.gem.13071107.wbz.024,wahlbezirk,de.mv.gem.13071107
de.mv.wk.002.gem.13071107.wbz.025,wahlbezirk,de.mv.gem.13071107
de.mv.wk.002.gem.13071107.wbz.026,wahlbezirk,de.mv.gem.13071107
de.mv.wk.002.gem.13071107.wbz.027,wahlbezirk,de.mv.gem.13071107
de.mv.wk.002.gem.13071107.wbz.028,wahlbezirk,de.mv.gem.13071107
de.mv.wk.002.gem.13071107.wbz.029,wahlbezirk,de.mv.gem.13071107
de.mv.wk.002.gem.13071107.wbz.030,wahlbezirk,de.mv.gem.13071107
de.mv.wk.002.gem.13071107.wbz.031,wahlbezirk,de.mv.gem.13071107
de.mv.wk.002.gem.13071107.wbz.032,wahlbezirk,de.mv.gem.13071107
de.mv.wk.002.gem.13071107.wbz.033,wahlbezirk,de.mv.gem.13071107
de.mv.wk.002.gem.13071107.wbz.034,wahlbezirk,de.mv.gem.13071107
de.mv.wk.002.gem.13071107.wbz.035,wahlbezirk,de.mv.gem.13071107
de.mv.wk.002.gem.13071107.wbz.036,wahlbezirk,de.mv.gem.13071107
de.mv.wk.002.gem.13071107.wbz.037,wahlbezirk,de.mv.gem.13071107
de.mv.wk.002.gem.13071107.wbz.038,wahlbezirk,de.mv.gem.13071107
de.mv.wk.002.gem.13071107.wbz.907,briefwahlbezirk,de.mv.gem.13071107
de.mv.wk.002.gem.13071107.wbz.908,briefwahlbezirk,de.mv.gem.13071107
de.mv.wk.002.gem.13071107.wbz.909,briefwahlbezirk,de.mv.gem.13071107
de.mv.wk.002.gem.13071107.wbz.910,briefwahlbezirk,de.mv.gem.13071107
de.mv.wk.002.gem.13071107.wbz.911,briefwahlbezirk,de.mv.gem.13071107
de.mv.wk.003.gem.13071107.wbz.001,wahlbezirk,de.mv.gem.13071107
de.mv.wk.003.gem.13071107.wbz.002,wahlbezirk,de.mv.gem.13071107
de.mv.wk.003.gem.13071107.wbz.003,wahlbezirk,de.mv.gem.13071107
de.mv.wk.003.gem.13071107.wbz.004,wahlbezirk,de.mv.gem.13071107
de.mv.wk.003.gem.13071107.wbz.005,wahlbezirk,de.mv.gem.13071107
de.mv.wk.003.gem.13071107.wbz.006,wahlbezirk,de.mv.gem.13071107
de.mv.wk.003.gem.13071107.wbz.007,wahlbezirk,de.mv.gem.13071107
de.mv.wk.003.gem.13071107.wbz.008,wahlbezirk,de.mv.gem.13071107
de.mv.wk.003.gem.13071107.wbz.009,wahlbezirk,de.mv.gem.13071107
de.mv.wk.003.gem.13071107.wbz.010,wahlbezirk,de.mv.gem.13071107
de.mv.wk.003.gem.13071107.wbz.011,wahlbezirk,de.mv.gem.13071107
de.mv.wk.003.gem.13071107.wbz.012,wahlbezirk,de.mv.gem.13071107
de.mv.wk.003.gem.13071107.wbz.013,wahlbezirk,de.mv.gem.13071107
de.mv.wk.003.gem.13071107.wbz.014,wahlbezirk,de.mv.gem.13071107
de.mv.wk.003.gem.13071107.wbz.015,wahlbezirk,de.mv.gem.13071107
de.mv.wk.003.gem.13071107.wbz.016,wahlbezirk,de.mv.gem.13071107
de.mv.wk.003.gem.13071107.wbz.017,wahlbezirk,de.mv.gem.13071107
de.mv.wk.003.gem.13071107.wbz.018,wahlbezirk,de.mv.gem.13071107
de.mv.wk.003.gem.13071107.wbz.019,wahlbezirk,de.mv.gem.13071107
de.mv.wk.003.gem.13071107.wbz.020,wahlbezirk,de.mv.gem.13071107
de.mv.wk.003.gem.13071107.wbz.901,briefwahlbezirk,de.mv.gem.13071107
de.mv.wk.003.gem.13071107.wbz.902,briefwahlbezirk,de.mv.gem.13071107
de.mv.wk.003.gem.13071107.wbz.903,briefwahlbezirk,de.mv.gem.13071107
de.mv.wk.003.gem.13071107.wbz.904,briefwahlbezirk,de.mv.gem.13071107
de.mv.wk.003.gem.13071107.wbz.905,briefwahlbezirk,de.mv.gem.13071107
de.mv.wk.003.gem.13071107.wbz.906,briefwahlbezirk,de.mv.gem.13071107
de.mv.wk.013.gem.13071027.wbz.001,wahlbezirk,de.mv.gem.13071027
de.mv.wk.013.gem.13071027.wbz.002,wahlbezirk,de.mv.gem.13071027
de.mv.wk.013.gem.13071027.wbz.003,wahlbezirk,de.mv.gem.13071027
de.mv.wk.013.gem.13071027.wbz.004,wahlbezirk,de.mv.gem.13071027
de.mv.wk.013.gem.13071027.wbz.005,wahlbezirk,de.mv.gem.13071027
de.mv.wk.013.gem.13071027.wbz.908,briefwahlbezirk,de.mv.gem.13071027
de.mv.wk.013.gem.13071029.wbz.001,wahlbezirk,de.mv.gem.13071029
de.mv.wk.013.gem.13071029.wbz.002,wahlbezirk,de.mv.gem.13071029
de.mv.wk.013.gem.13071029.wbz.003,wahlbezirk,de.mv.gem.13071029
de.mv.wk.013.gem.13071029.wbz.004,wahlbezirk,de.mv.gem.13071029
de.mv.wk.013.gem.13071029.wbz.005,wahlbezirk,de.mv.gem.13071029
de.mv.wk.013.gem.13071029.wbz.006,wahlbezirk,de.mv.gem.13071029
de.mv.wk.013.gem.13071029.wbz.007,wahlbezirk,de.mv.gem.13071029
de.mv.wk.013.gem.13071029.wbz.008,wahlbezirk,de.mv.gem.13071029
de.mv.wk.013.gem.13071029.wbz.009,wahlbezirk,de.mv.gem.13071029
de.mv.wk.013.gem.13071029.wbz.901,briefwahlbezirk,de.mv.gem.13071029
de.mv.wk.013.gem.13071029.wbz.902,briefwahlbezirk,de.mv.gem.13071029
de.mv.wk.013.gem.13071008.wbz.001,wahlbezirk,de.mv.gem.13071008
de.mv.wk.013.gem.13071014.wbz.001,wahlbezirk,de.mv.gem.13071014
de.mv.wk.013.gem.13071014.wbz.002,wahlbezirk,de.mv.gem.13071014
de.mv.wk.013.gem.13071064.wbz.001,wahlbezirk,de.mv.gem.13071064
de.mv.wk.013.gem.13071065.wbz.001,wahlbezirk,de.mv.gem.13071065
de.mv.wk.013.gem.13071072.wbz.001,wahlbezirk,de.mv.gem.13071072
de.mv.wk.013.gem.13071076.wbz.001,wahlbezirk,de.mv.gem.13071076
de.mv.wk.013.gem.13071076.wbz.002,wahlbezirk,de.mv.gem.13071076
de.mv.wk.013.gem.13071089.wbz.001,wahlbezirk,de.mv.gem.13071089
de.mv.wk.013.gem.13071096.wbz.001,wahlbezirk,de.mv.gem.13071096
de.mv.wk.013.gem.13071112.wbz.001,wahlbezirk,de.mv.gem.13071112
de.mv.wk.013.gem.13071128.wbz.001,wahlbezirk,de.mv.gem.13071128
de.mv.wk.013.gem.13071131.wbz.001,wahlbezirk,de.mv.gem.13071131
de.mv.wk.013.gem.13071136.wbz.001,wahlbezirk,de.mv.gem.13071136
de.mv.wk.013.gem.13071139.wbz.001,wahlbezirk,de.mv.gem.13071139
de.mv.wk.013.gem.13071148.wbz.001,wahlbezirk,de.mv.gem.13071148
de.mv.wk.013.gem.13071150.wbz.001,wahlbezirk,de.mv.gem.13071150
de.mv.wk.013.gem.13071157.wbz.001,wahlbezirk,de.mv.gem.13071157
de.mv.wk.013.gem.13071751.wbz.901,briefwahlbezirk,de.mv.gem.13071751
de.mv.wk.014.gem.13071007.wbz.001,wahlbezirk,de.mv.gem.13071007
de.mv.wk.014.gem.13071030.wbz.001,wahlbezirk,de.mv.gem.13071030
de.mv.wk.014.gem.13071032.wbz.001,wahlbezirk,de.mv.gem.13071032
de.mv.wk.014.gem.13071039.wbz.001,wahlbezirk,de.mv.gem.13071039
de.mv.wk.014.gem.13071084.wbz.001,wahlbezirk,de.mv.gem.13071084
de.mv.wk.014.gem.13071092.wbz.001,wahlbezirk,de.mv.gem.13071092
de.mv.wk.014.gem.13071092.wbz.002,wahlbezirk,de.mv.gem.13071092
de.mv.wk.014.gem.13071092.wbz.003,wahlbezirk,de.mv.gem.13071092
de.mv.wk.014.gem.13071092.wbz.004,wahlbezirk,de.mv.gem.13071092
de.mv.wk.014.gem.13071109.wbz.001,wahlbezirk,de.mv.gem.13071109
de.mv.wk.014.gem.13071109.wbz.002,wahlbezirk,de.mv.gem.13071109
de.mv.wk.014.gem.13071753.wbz.901,briefwahlbezirk,de.mv.gem.13071753
de.mv.wk.014.gem.13071015.wbz.001,wahlbezirk,de.mv.gem.13071015
de.mv.wk.014.gem.13071018.wbz.001,wahlbezirk,de.mv.gem.13071018
de.mv.wk.014.gem.13071048.wbz.001,wahlbezirk,de.mv.gem.13071048
de.mv.wk.014.gem.13071060.wbz.001,wahlbezirk,de.mv.gem.13071060
de.mv.wk.014.gem.13071068.wbz.001,wahlbezirk,de.mv.gem.13071068
de.mv.wk.014.gem.13071070.wbz.001,wahlbezirk,de.mv.gem.13071070
de.mv.wk.014.gem.13071074.wbz.001,wahlbezirk,de.mv.gem.13071074
de.mv.wk.014.gem.13071079.wbz.001,wahlbezirk,de.mv.gem.13071079
de.mv.wk.014.gem.13071102.wbz.001,wahlbezirk,de.mv.gem.13071102
de.mv.wk.014.gem.13071123.wbz.001,wahlbezirk,de.mv.gem.13071123
de.mv.wk.014.gem.13071127.wbz.001,wahlbezirk,de.mv.gem.13071127
de.mv.wk.014.gem.13071142.wbz.001,wahlbezirk,de.mv.gem.13071142
de.mv.wk.014.gem.13071142.wbz.002,wahlbezirk,de.mv.gem.13071142
de.mv.wk.014.gem.13071142.wbz.003,wahlbezirk,de.mv.gem.13071142
de.mv.wk.014.gem.13071142.wbz.004,wahlbezirk,de.mv.gem.13071142
de.mv.wk.014.gem.13071142.wbz.005,wahlbezirk,de.mv.gem.13071142
de.mv.wk.014.gem.13071142.wbz.006,wahlbezirk,de.mv.gem.13071142
de.mv.wk.014.gem.13071142.wbz.007,wahlbezirk,de.mv.gem.13071142
de.mv.wk.014.gem.13071169.wbz.001,wahlbezirk,de.mv.gem.13071169
de.mv.wk.014.gem.13071762.wbz.901,briefwahlbezirk,de.mv.gem.13071762
de.mv.wk.014.gem.13071762.wbz.911,briefwahlbezirk,de.mv.gem.13071762
de.mv.wk.014.gem.13071002.wbz.001,wahlbezirk,de.mv.gem.13071002
de.mv.wk.014.gem.13071004.wbz.001,wahlbezirk,de.mv.gem.13071004
de.mv.wk.014.gem.13071004.wbz.002,wahlbezirk,de.mv.gem.13071004
de.mv.wk.014.gem.13071006.wbz.001,wahlbezirk,de.mv.gem.13071006
de.mv.wk.014.gem.13071016.wbz.001,wahlbezirk,de.mv.gem.13071016
de.mv.wk.014.gem.13071017.wbz.001,wahlbezirk,de.mv.gem.13071017
de.mv.wk.014.gem.13071022.wbz.001,wahlbezirk,de.mv.gem.13071022
de.mv.wk.014.gem.13071041.wbz.001,wahlbezirk,de.mv.gem.13071041
de.mv.wk.014.gem.13071044.wbz.001,wahlbezirk,de.mv.gem.13071044
de.mv.wk.014.gem.13071049.wbz.001,wahlbezirk,de.mv.gem.13071049
de.mv.wk.014.gem.13071050.wbz.001,wahlbezirk,de.mv.gem.13071050
de.mv.wk.014.gem.13071057.wbz.001,wahlbezirk,de.mv.gem.13071057
de.mv.wk.014.gem.13071059.wbz.001,wahlbezirk,de.mv.gem.13071059
de.mv.wk.014.gem.13071081.wbz.001,wahlbezirk,de.mv.gem.13071081
de.mv.wk.014.gem.13071120.wbz.001,wahlbezirk,de.mv.gem.13071120
de.mv.wk.014.gem.13071125.wbz.001,wahlbezirk,de.mv.gem.13071125
de.mv.wk.014.gem.13071135.wbz.001,wahlbezirk,de.mv.gem.13071135
de.mv.wk.014.gem.13071146.wbz.001,wahlbezirk,de.mv.gem.13071146
de.mv.wk.014.gem.13071158.wbz.001,wahlbezirk,de.mv.gem.13071158
de.mv.wk.014.gem.13071160.wbz.001,wahlbezirk,de.mv.gem.13071160
de.mv.wk.014.gem.13071163.wbz.001,wahlbezirk,de.mv.gem.13071163
de.mv.wk.014.gem.13071163.wbz.002,wahlbezirk,de.mv.gem.13071163
de.mv.wk.014.gem.13071763.wbz.901,briefwahlbezirk,de.mv.gem.13071763
de.mv.wk.020.gem.13071156.wbz.001,wahlbezirk,de.mv.gem.13071156
de.mv.wk.020.gem.13071156.wbz.002,wahlbezirk,de.mv.gem.13071156
de.mv.wk.020.gem.13071156.wbz.003,wahlbezirk,de.mv.gem.13071156
de.mv.wk.020.gem.13071156.wbz.004,wahlbezirk,de.mv.gem.13071156
de.mv.wk.020.gem.13071156.wbz.005,wahlbezirk,de.mv.gem.13071156
de.mv.wk.020.gem.13071156.wbz.006,wahlbezirk,de.mv.gem.13071156
de.mv.wk.020.gem.13071156.wbz.007,wahlbezirk,de.mv.gem.13071156
de.mv.wk.020.gem.13071156.wbz.008,wahlbezirk,de.mv.gem.13071156
de.mv.wk.020.gem.13071156.wbz.009,wahlbezirk,de.mv.gem.13071156
de.mv.wk.020.gem.13071156.wbz.010,wahlbezirk,de.mv.gem.13071156
de.mv.wk.020.gem.13071156.wbz.011,wahlbezirk,de.mv.gem.13071156
de.mv.wk.020.gem.13071156.wbz.012,wahlbezirk,de.mv.gem.13071156
de.mv.wk.020.gem.13071156.wbz.013,wahlbezirk,de.mv.gem.13071156
de.mv.wk.020.gem.13071156.wbz.014,wahlbezirk,de.mv.gem.13071156
de.mv.wk.020.gem.13071156.wbz.015,wahlbezirk,de.mv.gem.13071156
de.mv.wk.020.gem.13071156.wbz.016,wahlbezirk,de.mv.gem.13071156
de.mv.wk.020.gem.13071156.wbz.901,briefwahlbezirk,de.mv.gem.13071156
de.mv.wk.020.gem.13071156.wbz.902,briefwahlbezirk,de.mv.gem.13071156
de.mv.wk.020.gem.13071156.wbz.903,briefwahlbezirk,de.mv.gem.13071156
de.mv.wk.020.gem.13071156.wbz.904,briefwahlbezirk,de.mv.gem.13071156
de.mv.wk.020.gem.13071001.wbz.001,wahlbezirk,de.mv.gem.13071001
de.mv.wk.020.gem.13071036.wbz.001,wahlbezirk,de.mv.gem.13071036
de.mv.wk.020.gem.13071036.wbz.002,wahlbezirk,de.mv.gem.13071036
de.mv.wk.020.gem.13071043.wbz.001,wahlbezirk,de.mv.gem.13071043
de.mv.wk.020.gem.13071093.wbz.001,wahlbezirk,de.mv.gem.13071093
de.mv.wk.020.gem.13071093.wbz.002,wahlbezirk,de.mv.gem.13071093
de.mv.wk.020.gem.13071093.wbz.003,wahlbezirk,de.mv.gem.13071093
de.mv.wk.020.gem.13071093.wbz.004,wahlbezirk,de.mv.gem.13071093
de.mv.wk.020.gem.13071093.wbz.005,wahlbezirk,de.mv.gem.13071093
de.mv.wk.020.gem.13071113.wbz.001,wahlbezirk,de.mv.gem.13071113
de.mv.wk.020.gem.13071114.wbz.001,wahlbezirk,de.mv.gem.13071114
de.mv.wk.020.gem.13071138.wbz.001,wahlbezirk,de.mv.gem.13071138
de.mv.wk.020.gem.13071155.wbz.001,wahlbezirk,de.mv.gem.13071155
de.mv.wk.020.gem.13071171.wbz.001,wahlbezirk,de.mv.gem.13071171
de.mv.wk.020.gem.13071754.wbz.901,briefwahlbezirk,de.mv.gem.13071754
de.mv.wk.020.gem.13071003.wbz.001,wahlbezirk,de.mv.gem.13071003
de.mv.wk.020.gem.13071013.wbz.001,wahlbezirk,de.mv.gem.13071013
de.mv.wk.020.gem.13071013.wbz.002,wahlbezirk,de.mv.gem.13071013
de.mv.wk.020.gem.13071020.wbz.001,wahlbezirk,de.mv.gem.13071020
de.mv.wk.020.gem.13071023.wbz.001,wahlbezirk,de.mv.gem.13071023
de.mv.wk.020.gem.13071034.wbz.001,wahlbezirk,de.mv.gem.13071034
de.mv.wk.020.gem.13071034.wbz.002,wahlbezirk,de.mv.gem.13071034
de.mv.wk.020.gem.13071045.wbz.001,wahlbezirk,de.mv.gem.13071045
de.mv.wk.020.gem.13071046.wbz.001,wahlbezirk,de.mv.gem.13071046
de.mv.wk.020.gem.13071053.wbz.001,wahlbezirk,de.mv.gem.13071053
de.mv.wk.020.gem.13071073.wbz.001,wahlbezirk,de.mv.gem.13071073
de.mv.wk.020.gem.13071087.wbz.001,wahlbezirk,de.mv.gem.13071087
de.mv.wk.020.gem.13071088.wbz.001,wahlbezirk,de.mv.gem.13071088
de.mv.wk.020.gem.13071088.wbz.002,wahlbezirk,de.mv.gem.13071088
de.mv.wk.020.gem.13071091.wbz.001,wahlbezirk,de.mv.gem.13071091
de.mv.wk.020.gem.13071095.wbz.001,wahlbezirk,de.mv.gem.13071095
de.mv.wk.020.gem.13071097.wbz.001,wahlbezirk,de.mv.gem.13071097
de.mv.wk.020.gem.13071118.wbz.001,wahlbezirk,de.mv.gem.13071118
de.mv.wk.020.gem.13071122.wbz.001,wahlbezirk,de.mv.gem.13071122
de.mv.wk.020.gem.13071122.wbz.002,wahlbezirk,de.mv.gem.13071122
de.mv.wk.020.gem.13071122.wbz.003,wahlbezirk,de.mv.gem.13071122
de.mv.wk.020.gem.13071124.wbz.001,wahlbezirk,de.mv.gem.13071124
de.mv.wk.020.gem.13071124.wbz.002,wahlbezirk,de.mv.gem.13071124
de.mv.wk.020.gem.13071124.wbz.003,wahlbezirk,de.mv.gem.13071124
de.mv.wk.020.gem.13071124.wbz.004,wahlbezirk,de.mv.gem.13071124
de.mv.wk.020.gem.13071124.wbz.005,wahlbezirk,de.mv.gem.13071124
de.mv.wk.020.gem.13071133.wbz.001,wahlbezirk,de.mv.gem.13071133
de.mv.wk.020.gem.13071137.wbz.001,wahlbezirk,de.mv.gem.13071137
de.mv.wk.020.gem.13071143.wbz.001,wahlbezirk,de.mv.gem.13071143
de.mv.wk.020.gem.13071152.wbz.001,wahlbezirk,de.mv.gem.13071152
de.mv.wk.020.gem.13071165.wbz.001,wahlbezirk,de.mv.gem.13071165
de.mv.wk.020.gem.13071168.wbz.001,wahlbezirk,de.mv.gem.13071168
de.mv.wk.020.gem.13071759.wbz.901,briefwahlbezirk,de.mv.gem.13071759
de.mv.wk.020.gem.13071047.wbz.001,wahlbezirk,de.mv.gem.13071047
de.mv.wk.020.gem.13071047.wbz.002,wahlbezirk,de.mv.gem.13071047
de.mv.wk.020.gem.13071056.wbz.001,wahlbezirk,de.mv.gem.13071056
de.mv.wk.020.gem.13071063.wbz.001,wahlbezirk,de.mv.gem.13071063
de.mv.wk.020.gem.13071069.wbz.001,wahlbezirk,de.mv.gem.13071069
de.mv.wk.020.gem.13071071.wbz.001,wahlbezirk,de.mv.gem.13071071
de.mv.wk.020.gem.13071077.wbz.001,wahlbezirk,de.mv.gem.13071077
de.mv.wk.020.gem.13071078.wbz.001,wahlbezirk,de.mv.gem.13071078
de.mv.wk.020.gem.13071103.wbz.001,wahlbezirk,de.mv.gem.13071103
de.mv.wk.020.gem.13071103.wbz.002,wahlbezirk,de.mv.gem.13071103
de.mv.wk.020.gem.13071144.wbz.001,wahlbezirk,de.mv.gem.13071144
de.mv.wk.020.gem.13071149.wbz.001,wahlbezirk,de.mv.gem.13071149
de.mv.wk.020.gem.13071154.wbz.001,wahlbezirk,de.mv.gem.13071154
de.mv.wk.020.gem.13071172.wbz.001,wahlbezirk,de.mv.gem.13071172
de.mv.wk.020.gem.13071172.wbz.002,wahlbezirk,de.mv.gem.13071172
de.mv.wk.020.gem.13071172.wbz.003,wahlbezirk,de.mv.gem.13071172
de.mv.wk.020.gem.13071174.wbz.001,wahlbezirk,de.mv.gem.13071174
de.mv.wk.020.gem.13071174.wbz.002,wahlbezirk,de.mv.gem.13071174
de.mv.wk.020.gem.13071760.wbz.901,briefwahlbezirk,de.mv.gem.13071760
de.mv.wk.021.gem.13071033.wbz.001,wahlbezirk,de.mv.gem.13071033
de.mv.wk.021.gem.13071033.wbz.002,wahlbezirk,de.mv.gem.13071033
de.mv.wk.021.gem.13071033.wbz.003,wahlbezirk,de.mv.gem.13071033
de.mv.wk.021.gem.13071033.wbz.004,wahlbezirk,de.mv.gem.13071033
de.mv.wk.021.gem.13071033.wbz.005,wahlbezirk,de.mv.gem.13071033
de.mv.wk.021.gem.13071033.wbz.006,wahlbezirk,de.mv.gem.13071033
de.mv.wk.021.gem.13071033.wbz.007,wahlbezirk,de.mv.gem.13071033
de.mv.wk.021.gem.13071033.wbz.008,wahlbezirk,de.mv.gem.13071033
de.mv.wk.021.gem.13071033.wbz.009,wahlbezirk,de.mv.gem.13071033
de.mv.wk.021.gem.13071033.wbz.901,briefwahlbezirk,de.mv.gem.13071033
de.mv.wk.021.gem.13071110.wbz.001,wahlbezirk,de.mv.gem.13071110
de.mv.wk.021.gem.13071110.wbz.002,wahlbezirk,de.mv.gem.13071110
de.mv.wk.021.gem.13071110.wbz.003,wahlbezirk,de.mv.gem.13071110
de.mv.wk.021.gem.13071110.wbz.004,wahlbezirk,de.mv.gem.13071110
de.mv.wk.021.gem.13071110.wbz.005,wahlbezirk,de.mv.gem.13071110
de.mv.wk.021.gem.13071110.wbz.006,wahlbezirk,de.mv.gem.13071110
de.mv.wk.021.gem.13071110.wbz.007,wahlbezirk,de.mv.gem.13071110
de.mv.wk.021.gem.13071110.wbz.008,wahlbezirk,de.mv.gem.13071110
de.mv.wk.021.gem.13071110.wbz.009,wahlbezirk,de.mv.gem.13071110
de.mv.wk.021.gem.13071110.wbz.010,wahlbezirk,de.mv.gem.13071110
de.mv.wk.021.gem.13071110.wbz.011,wahlbezirk,de.mv.gem.13071110
de.mv.wk.021.gem.13071110.wbz.012,wahlbezirk,de.mv.gem.13071110
de.mv.wk.021.gem.13071110.wbz.013,wahlbezirk,de.mv.gem.13071110
de.mv.wk.021.gem.13071110.wbz.014,wahlbezirk,de.mv.gem.13071110
de.mv.wk.021.gem.13071110.wbz.901,briefwahlbezirk,de.mv.gem.13071110
de.mv.wk.021.gem.13071110.wbz.902,briefwahlbezirk,de.mv.gem.13071110
de.mv.wk.021.gem.13071099.wbz.001,wahlbezirk,de.mv.gem.13071099
de.mv.wk.021.gem.13071099.wbz.002,wahlbezirk,de.mv.gem.13071099
de.mv.wk.021.gem.13071099.wbz.003,wahlbezirk,de.mv.gem.13071099
de.mv.wk.021.gem.13071119.wbz.001,wahlbezirk,de.mv.gem.13071119
de.mv.wk.021.gem.13071159.wbz.001,wahlbezirk,de.mv.gem.13071159
de.mv.wk.021.gem.13071159.wbz.002,wahlbezirk,de.mv.gem.13071159
de.mv.wk.021.gem.13071159.wbz.003,wahlbezirk,de.mv.gem.13071159
de.mv.wk.021.gem.13071159.wbz.004,wahlbezirk,de.mv.gem.13071159
de.mv.wk.021.gem.13071167.wbz.001,wahlbezirk,de.mv.gem.13071167
de.mv.wk.021.gem.13071755.wbz.901,briefwahlbezirk,de.mv.gem.13071755
de.mv.wk.021.gem.13071011.wbz.001,wahlbezirk,de.mv.gem.13071011
de.mv.wk.021.gem.13071011.wbz.002,wahlbezirk,de.mv.gem.13071011
de.mv.wk.021.gem.13071011.wbz.003,wahlbezirk,de.mv.gem.13071011
de.mv.wk.021.gem.13071012.wbz.001,wahlbezirk,de.mv.gem.13071012
de.mv.wk.021.gem.13071025.wbz.001,wahlbezirk,de.mv.gem.13071025
de.mv.wk.021.gem.13071042.wbz.001,wahlbezirk,de.mv.gem.13071042
de.mv.wk.021.gem.13071058.wbz.001,wahlbezirk,de.mv.gem.13071058
de.mv.wk.021.gem.13071066.wbz.001,wahlbezirk,de.mv.gem.13071066
de.mv.wk.021.gem.13071075.wbz.001,wahlbezirk,de.mv.gem.13071075
de.mv.wk.021.gem.13071080.wbz.001,wahlbezirk,de.mv.gem.13071080
de.mv.wk.021.gem.13071100.wbz.001,wahlbezirk,de.mv.gem.13071100
de.mv.wk.021.gem.13071147.wbz.001,wahlbezirk,de.mv.gem.13071147
de.mv.wk.021.gem.13071162.wbz.001,wahlbezirk,de.mv.gem.13071162
de.mv.wk.021.gem.13071756.wbz.901,briefwahlbezirk,de.mv.gem.13071756
de.mv.wk.022.gem.13071028.wbz.001,wahlbezirk,de.mv.gem.13071028
de.mv.wk.022.gem.13071028.wbz.002,wahlbezirk,de.mv.gem.13071028
de.mv.wk.022.gem.13071035.wbz.001,wahlbezirk,de.mv.gem.13071035
de.mv.wk.022.gem.13071035.wbz.002,wahlbezirk,de.mv.gem.13071035
de.mv.wk.022.gem.13071035.wbz.003,wahlbezirk,de.mv.gem.13071035
de.mv.wk.022.gem.13071035.wbz.004,wahlbezirk,de.mv.gem.13071035
de.mv.wk.022.gem.13071035.wbz.005,wahlbezirk,de.mv.gem.13071035
de.mv.wk.022.gem.13071035.wbz.006,wahlbezirk,de.mv.gem.13071035
de.mv.wk.022.gem.13071035.wbz.007,wahlbezirk,de.mv.gem.13071035
de.mv.wk.022.gem.13071037.wbz.001,wahlbezirk,de.mv.gem.13071037
de.mv.wk.022.gem.13071037.wbz.002,wahlbezirk,de.mv.gem.13071037
de.mv.wk.022.gem.13071037.wbz.003,wahlbezirk,de.mv.gem.13071037
de.mv.wk.022.gem.13071038.wbz.001,wahlbezirk,de.mv.gem.13071038
de.mv.wk.022.gem.13071752.wbz.901,briefwahlbezirk,de.mv.gem.13071752
de.mv.wk.022.gem.13071009.wbz.001,wahlbezirk,de.mv.gem.13071009
de.mv.wk.022.gem.13071010.wbz.001,wahlbezirk,de.mv.gem.13071010
de.mv.wk.022.gem.13071019.wbz.001,wahlbezirk,de.mv.gem.13071019
de.mv.wk.022.gem.13071019.wbz.003,wahlbezirk,de.mv.gem.13071019
de.mv.wk.022.gem.13071019.wbz.004,wahlbezirk,de.mv.gem.13071019
de.mv.wk.022.gem.13071104.wbz.001,wahlbezirk,de.mv.gem.13071104
de.mv.wk.022.gem.13071108.wbz.001,wahlbezirk,de.mv.gem.13071108
de.mv.wk.022.gem.13071108.wbz.002,wahlbezirk,de.mv.gem.13071108
de.mv.wk.022.gem.13071111.wbz.001,wahlbezirk,de.mv.gem.13071111
de.mv.wk.022.gem.13071140.wbz.001,wahlbezirk,de.mv.gem.13071140
de.mv.wk.022.gem.13071140.wbz.002,wahlbezirk,de.mv.gem.13071140
de.mv.wk.022.gem.13071141.wbz.001,wahlbezirk,de.mv.gem.13071141
de.mv.wk.022.gem.13071141.wbz.002,wahlbezirk,de.mv.gem.13071141
de.mv.wk.022.gem.13071145.wbz.001,wahlbezirk,de.mv.gem.13071145
de.mv.wk.022.gem.13071161.wbz.001,wahlbezirk,de.mv.gem.13071161
de.mv.wk.022.gem.13071166.wbz.001,wahlbezirk,de.mv.gem.13071166
de.mv.wk.022.gem.13071166.wbz.002,wahlbezirk,de.mv.gem.13071166
de.mv.wk.022.gem.13071170.wbz.001,wahlbezirk,de.mv.gem.13071170
de.mv.wk.022.gem.13071757.wbz.901,briefwahlbezirk,de.mv.gem.13071757
de.mv.wk.022.gem.13071005.wbz.001,wahlbezirk,de.mv.gem.13071005
de.mv.wk.022.gem.13071005.wbz.002,wahlbezirk,de.mv.gem.13071005
de.mv.wk.022.gem.13071101.wbz.001,wahlbezirk,de.mv.gem.13071101
de.mv.wk.022.gem.13071101.wbz.002,wahlbezirk,de.mv.gem.13071101
de.mv.wk.022.gem.13071115.wbz.001,wahlbezirk,de.mv.gem.13071115
de.mv.wk.022.gem.13071115.wbz.002,wahlbezirk,de.mv.gem.13071115
de.mv.wk.022.gem.13071115.wbz.003,wahlbezirk,de.mv.gem.13071115
de.mv.wk.022.gem.13071115.wbz.004,wahlbezirk,de.mv.gem.13071115
de.mv.wk.022.gem.13071115.wbz.005,wahlbezirk,de.mv.gem.13071115
de.mv.wk.022.gem.13071115.wbz.006,wahlbezirk,de.mv.gem.13071115
de.mv.wk.022.gem.13071115.wbz.007,wahlbezirk,de.mv.gem.13071115
de.mv.wk.022.gem.13071115.wbz.008,wahlbezirk,de.mv.gem.13071115
de.mv.wk.022.gem.13071173.wbz.001,wahlbezirk,de.mv.gem.13071173
de.mv.wk.022.gem.13071173.wbz.002,wahlbezirk,de.mv.gem.13071173
de.mv.wk.022.gem.13071173.wbz.003,wahlbezirk,de.mv.gem.13071173
de.mv.wk.022.gem.13071758.wbz.901,briefwahlbezirk,de.mv.gem.13071758
de.mv.wk.022.gem.13071021.wbz.001,wahlbezirk,de.mv.gem.13071021
de.mv.wk.022.gem.13071021.wbz.002,wahlbezirk,de.mv.gem.13071021
de.mv.wk.022.gem.13071021.wbz.003,wahlbezirk,de.mv.gem.13071021
de.mv.wk.022.gem.13071021.wbz.004,wahlbezirk,de.mv.gem.13071021
de.mv.wk.022.gem.13071021.wbz.005,wahlbezirk,de.mv.gem.13071021
de.mv.wk.022.gem.13071026.wbz.001,wahlbezirk,de.mv.gem.13071026
de.mv.wk.022.gem.13071055.wbz.001,wahlbezirk,de.mv.gem.13071055
de.mv.wk.022.gem.13071067.wbz.001,wahlbezirk,de.mv.gem.13071067
de.mv.wk.022.gem.13071090.wbz.001,wahlbezirk,de.mv.gem.13071090
de.mv.wk.022.gem.13071117.wbz.001,wahlbezirk,de.mv.gem.13071117
de.mv.wk.022.gem.13071761.wbz.901,briefwahlbezirk,de.mv.gem.13071761
de.mv.wk.022.gem.13071054.wbz.001,wahlbezirk,de.mv.gem.13071054
de.mv.wk.022.gem.13071054.wbz.002,wahlbezirk,de.mv.gem.13071054
de.mv.wk.022.gem.13071054.wbz.003,wahlbezirk,de.mv.gem.13071054
de.mv.wk.022.gem.13071083.wbz.001,wahlbezirk,de.mv.gem.13071083
de.mv.wk.022.gem.13071105.wbz.001,wahlbezirk,de.mv.gem.13071105
de.mv.wk.022.gem.13071116.wbz.001,wahlbezirk,de.mv.gem.13071116
de.mv.wk.022.gem.13071130.wbz.001,wahlbezirk,de.mv.gem.13071130
de.mv.wk.022.gem.13071132.wbz.001,wahlbezirk,de.mv.gem.13071132
de.mv.wk.022.gem.13071153.wbz.001,wahlbezirk,de.mv.gem.13071153
de.mv.wk.022.gem.13071164.wbz.001,wahlbezirk,de.mv.gem.13071164
de.mv.wk.022.gem.13071164.wbz.002,wahlbezirk,de.mv.gem.13071164
de.mv.wk.022.gem.13071164.wbz.003,wahlbezirk,de.mv.gem.13071164
de.mv.wk.022.gem.13071164.wbz.004,wahlbezirk,de.mv.gem.13071164
de.mv.wk.022.gem.13071164.wbz.005,wahlbezirk,de.mv.gem.13071164
de.mv.wk.022.gem.13071164.wbz.006,wahlbezirk,de.mv.gem.13071164
de.mv.wk.022.gem.13071164.wbz.007,wahlbezirk,de.mv.gem.13071164
de.mv.wk.022.gem.13071164.wbz.008,wahlbezirk,de.mv.gem.13071164
de.mv.wk.022.gem.13071164.wbz.009,wahlbezirk,de.mv.gem.13071164
de.mv.wk.022.gem.13071764.wbz.901,briefwahlbezirk,de.mv.gem.13071764
de.mv.wk.011.gem.13072006.wbz.001,wahlbezirk,de.mv.gem.13072006
de.mv.wk.011.gem.13072006.wbz.002,wahlbezirk,de.mv.gem.13072006
de.mv.wk.011.gem.13072006.wbz.003,wahlbezirk,de.mv.gem.13072006
de.mv.wk.011.gem.13072006.wbz.004,wahlbezirk,de.mv.gem.13072006
de.mv.wk.011.gem.13072006.wbz.005,wahlbezirk,de.mv.gem.13072006
de.mv.wk.011.gem.13072006.wbz.006,wahlbezirk,de.mv.gem.13072006
de.mv.wk.011.gem.13072006.wbz.007,wahlbezirk,de.mv.gem.13072006
de.mv.wk.011.gem.13072006.wbz.901,briefwahlbezirk,de.mv.gem.13072006
de.mv.wk.011.gem.13072058.wbz.001,wahlbezirk,de.mv.gem.13072058
de.mv.wk.011.gem.13072058.wbz.002,wahlbezirk,de.mv.gem.13072058
de.mv.wk.011.gem.13072058.wbz.003,wahlbezirk,de.mv.gem.13072058
de.mv.wk.011.gem.13072058.wbz.004,wahlbezirk,de.mv.gem.13072058
de.mv.wk.011.gem.13072058.wbz.005,wahlbezirk,de.mv.gem.13072058
de.mv.wk.011.gem.13072058.wbz.006,wahlbezirk,de.mv.gem.13072058
de.mv.wk.011.gem.13072058.wbz.908,briefwahlbezirk,de.mv.gem.13072058
de.mv.wk.011.gem.13072060.wbz.001,wahlbezirk,de.mv.gem.13072060
de.mv.wk.011.gem.13072060.wbz.002,wahlbezirk,de.mv.gem.13072060
de.mv.wk.011.gem.13072060.wbz.003,wahlbezirk,de.mv.gem.13072060
de.mv.wk.011.gem.13072060.wbz.004,wahlbezirk,de.mv.gem.13072060
de.mv.wk.011.gem.13072060.wbz.903,briefwahlbezirk,de.mv.gem.13072060
de.mv.wk.011.gem.13072074.wbz.001,wahlbezirk,de.mv.gem.13072074
de.mv.wk.011.gem.13072074.wbz.002,wahlbezirk,de.mv.gem.13072074
de.mv.wk.011.gem.13072074.wbz.003,wahlbezirk,de.mv.gem.13072074
de.mv.wk.011.gem.13072074.wbz.904,briefwahlbezirk,de.mv.gem.13072074
de.mv.wk.011.gem.13072093.wbz.001,wahlbezirk,de.mv.gem.13072093
de.mv.wk.011.gem.13072093.wbz.002,wahlbezirk,de.mv.gem.13072093
de.mv.wk.011.gem.13072093.wbz.003,wahlbezirk,de.mv.gem.13072093
de.mv.wk.011.gem.13072093.wbz.004,wahlbezirk,de.mv.gem.13072093
de.mv.wk.011.gem.13072093.wbz.005,wahlbezirk,de.mv.gem.13072093
de.mv.wk.011.gem.13072093.wbz.006,wahlbezirk,de.mv.gem.13072093
de.mv.wk.011.gem.13072093.wbz.007,wahlbezirk,de.mv.gem.13072093
de.mv.wk.011.gem.13072093.wbz.008,wahlbezirk,de.mv.gem.13072093
de.mv.wk.011.gem.13072093.wbz.907,briefwahlbezirk,de.mv.gem.13072093
de.mv.wk.011.gem.13072001.wbz.001,wahlbezirk,de.mv.gem.13072001
de.mv.wk.011.gem.13072001.wbz.002,wahlbezirk,de.mv.gem.13072001
de.mv.wk.011.gem.13072007.wbz.001,wahlbezirk,de.mv.gem.13072007
de.mv.wk.011.gem.13072017.wbz.001,wahlbezirk,de.mv.gem.13072017
de.mv.wk.011.gem.13072017.wbz.002,wahlbezirk,de.mv.gem.13072017
de.mv.wk.011.gem.13072047.wbz.001,wahlbezirk,de.mv.gem.13072047
de.mv.wk.011.gem.13072075.wbz.001,wahlbezirk,de.mv.gem.13072075
de.mv.wk.011.gem.13072075.wbz.002,wahlbezirk,de.mv.gem.13072075
de.mv.wk.011.gem.13072083.wbz.001,wahlbezirk,de.mv.gem.13072083
de.mv.wk.011.gem.13072086.wbz.001,wahlbezirk,de.mv.gem.13072086
de.mv.wk.011.gem.13072099.wbz.001,wahlbezirk,de.mv.gem.13072099
de.mv.wk.011.gem.13072117.wbz.001,wahlbezirk,de.mv.gem.13072117
de.mv.wk.011.gem.13072751.wbz.901,briefwahlbezirk,de.mv.gem.13072751
de.mv.wk.011.gem.13072002.wbz.001,wahlbezirk,de.mv.gem.13072002
de.mv.wk.011.gem.13072005.wbz.001,wahlbezirk,de.mv.gem.13072005
de.mv.wk.011.gem.13072005.wbz.002,wahlbezirk,de.mv.gem.13072005
de.mv.wk.011.gem.13072008.wbz.001,wahlbezirk,de.mv.gem.13072008
de.mv.wk.011.gem.13072014.wbz.001,wahlbezirk,de.mv.gem.13072014
de.mv.wk.011.gem.13072014.wbz.002,wahlbezirk,de.mv.gem.13072014
de.mv.wk.011.gem.13072022.wbz.001,wahlbezirk,de.mv.gem.13072022
de.mv.wk.011.gem.13072022.wbz.002,wahlbezirk,de.mv.gem.13072022
de.mv.wk.011.gem.13072022.wbz.003,wahlbezirk,de.mv.gem.13072022
de.mv.wk.011.gem.13072022.wbz.004,wahlbezirk,de.mv.gem.13072022
de.mv.wk.011.gem.13072052.wbz.001,wahlbezirk,de.mv.gem.13072052
de.mv.wk.011.gem.13072085.wbz.001,wahlbezirk,de.mv.gem.13072085
de.mv.wk.011.gem.13072085.wbz.002,wahlbezirk,de.mv.gem.13072085
de.mv.wk.011.gem.13072085.wbz.003,wahlbezirk,de.mv.gem.13072085
de.mv.wk.011.gem.13072759.wbz.901,briefwahlbezirk,de.mv.gem.13072759
de.mv.wk.012.gem.13072029.wbz.001,wahlbezirk,de.mv.gem.13072029
de.mv.wk.012.gem.13072029.wbz.002,wahlbezirk,de.mv.gem.13072029
de.mv.wk.012.gem.13072029.wbz.003,wahlbezirk,de.mv.gem.13072029
de.mv.wk.012.gem.13072029.wbz.004,wahlbezirk,de.mv.gem.13072029
de.mv.wk.012.gem.13072029.wbz.005,wahlbezirk,de.mv.gem.13072029
de.mv.wk.012.gem.13072029.wbz.006,wahlbezirk,de.mv.gem.13072029
de.mv.wk.012.gem.13072029.wbz.007,wahlbezirk,de.mv.gem.13072029
de.mv.wk.012.gem.13072029.wbz.008,wahlbezirk,de.mv.gem.13072029
de.mv.wk.012.gem.13072029.wbz.009,wahlbezirk,de.mv.gem.13072029
de.mv.wk.012.gem.13072029.wbz.010,wahlbezirk,de.mv.gem.13072029
de.mv.wk.012.gem.13072029.wbz.011,wahlbezirk,de.mv.gem.13072029
de.mv.wk.012.gem.13072029.wbz.901,briefwahlbezirk,de.mv.gem.13072029
de.mv.wk.012.gem.13072036.wbz.001,wahlbezirk,de.mv.gem.13072036
de.mv.wk.012.gem.13072036.wbz.002,wahlbezirk,de.mv.gem.13072036
de.mv.wk.012.gem.13072036.wbz.003,wahlbezirk,de.mv.gem.13072036
de.mv.wk.012.gem.13072036.wbz.902,briefwahlbezirk,de.mv.gem.13072036
de.mv.wk.012.gem.13072091.wbz.001,wahlbezirk,de.mv.gem.13072091
de.mv.wk.012.gem.13072091.wbz.002,wahlbezirk,de.mv.gem.13072091
de.mv.wk.012.gem.13072091.wbz.003,wahlbezirk,de.mv.gem.13072091
de.mv.wk.012.gem.13072091.wbz.004,wahlbezirk,de.mv.gem.13072091
de.mv.wk.012.gem.13072091.wbz.005,wahlbezirk,de.mv.gem.13072091
de.mv.wk.012.gem.13072091.wbz.006,wahlbezirk,de.mv.gem.13072091
de.mv.wk.012.gem.13072091.wbz.906,briefwahlbezirk,de.mv.gem.13072091
de.mv.wk.012.gem.13072019.wbz.001,wahlbezirk,de.mv.gem.13072019
de.mv.wk.012.gem.13072019.wbz.002,wahlbezirk,de.mv.gem.13072019
de.mv.wk.012.gem.13072019.wbz.003,wahlbezirk,de.mv.gem.13072019
de.mv.wk.012.gem.13072054.wbz.001,wahlbezirk,de.mv.gem.13072054
de.mv.wk.012.gem.13072081.wbz.001,wahlbezirk,de.mv.gem.13072081
de.mv.wk.012.gem.13072087.wbz.001,wahlbezirk,de.mv.gem.13072087
de.mv.wk.012.gem.13072087.wbz.002,wahlbezirk,de.mv.gem.13072087
de.mv.wk.012.gem.13072108.wbz.001,wahlbezirk,de.mv.gem.13072108
de.mv.wk.012.gem.13072753.wbz.901,briefwahlbezirk,de.mv.gem.13072753
de.mv.wk.012.gem.13072012.wbz.001,wahlbezirk,de.mv.gem.13072012
de.mv.wk.012.gem.13072012.wbz.002,wahlbezirk,de.mv.gem.13072012
de.mv.wk.012.gem.13072015.wbz.001,wahlbezirk,de.mv.gem.13072015
de.mv.wk.012.gem.13072032.wbz.001,wahlbezirk,de.mv.gem.13072032
de.mv.wk.012.gem.13072072.wbz.001,wahlbezirk,de.mv.gem.13072072
de.mv.wk.012.gem.13072088.wbz.001,wahlbezirk,de.mv.gem.13072088
de.mv.wk.012.gem.13072088.wbz.002,wahlbezirk,de.mv.gem.13072088
de.mv.wk.012.gem.13072760.wbz.901,briefwahlbezirk,de.mv.gem.13072760
de.mv.wk.012.gem.13072021.wbz.001,wahlbezirk,de.mv.gem.13072021
de.mv.wk.012.gem.13072034.wbz.001,wahlbezirk,de.mv.gem.13072034
de.mv.wk.012.gem.13072037.wbz.001,wahlbezirk,de.mv.gem.13072037
de.mv.wk.012.gem.13072076.wbz.001,wahlbezirk,de.mv.gem.13072076
de.mv.wk.012.gem.13072097.wbz.001,wahlbezirk,de.mv.gem.13072097
de.mv.wk.012.gem.13072102.wbz.001,wahlbezirk,de.mv.gem.13072102
de.mv.wk.012.gem.13072105.wbz.001,wahlbezirk,de.mv.gem.13072105
de.mv.wk.012.gem.13072105.wbz.002,wahlbezirk,de.mv.gem.13072105
de.mv.wk.012.gem.13072105.wbz.003,wahlbezirk,de.mv.gem.13072105
de.mv.wk.012.gem.13072105.wbz.004,wahlbezirk,de.mv.gem.13072105
de.mv.wk.012.gem.13072107.wbz.001,wahlbezirk,de.mv.gem.13072107
de.mv.wk.012.gem.13072118.wbz.001,wahlbezirk,de.mv.gem.13072118
de.mv.wk.012.gem.13072762.wbz.901,briefwahlbezirk,de.mv.gem.13072762
de.mv.wk.012.gem.13072030.wbz.001,wahlbezirk,de.mv.gem.13072030
de.mv.wk.012.gem.13072030.wbz.002,wahlbezirk,de.mv.gem.13072030
de.mv.wk.012.gem.13072057.wbz.001,wahlbezirk,de.mv.gem.13072057
de.mv.wk.012.gem.13072057.wbz.002,wahlbezirk,de.mv.gem.13072057
de.mv.wk.012.gem.13072064.wbz.001,wahlbezirk,de.mv.gem.13072064
de.mv.wk.012.gem.13072064.wbz.002,wahlbezirk,de.mv.gem.13072064
de.mv.wk.012.gem.13072077.wbz.001,wahlbezirk,de.mv.gem.13072077
de.mv.wk.012.gem.13072077.wbz.002,wahlbezirk,de.mv.gem.13072077
de.mv.wk.012.gem.13072080.wbz.001,wahlbezirk,de.mv.gem.13072080
de.mv.wk.012.gem.13072098.wbz.001,wahlbezirk,de.mv.gem.13072098
de.mv.wk.012.gem.13072121.wbz.001,wahlbezirk,de.mv.gem.13072121
de.mv.wk.012.gem.13072763.wbz.901,briefwahlbezirk,de.mv.gem.13072763
de.mv.wk.012.gem.13072763.wbz.902,briefwahlbezirk,de.mv.gem.13072763
de.mv.wk.015.gem.13072106.wbz.001,wahlbezirk,de.mv.gem.13072106
de.mv.wk.015.gem.13072106.wbz.002,wahlbezirk,de.mv.gem.13072106
de.mv.wk.015.gem.13072106.wbz.003,wahlbezirk,de.mv.gem.13072106
de.mv.wk.015.gem.13072106.wbz.004,wahlbezirk,de.mv.gem.13072106
de.mv.wk.015.gem.13072106.wbz.005,wahlbezirk,de.mv.gem.13072106
de.mv.wk.015.gem.13072106.wbz.904,briefwahlbezirk,de.mv.gem.13072106
de.mv.wk.015.gem.13072004.wbz.001,wahlbezirk,de.mv.gem.13072004
de.mv.wk.015.gem.13072010.wbz.001,wahlbezirk,de.mv.gem.13072010
de.mv.wk.015.gem.13072010.wbz.002,wahlbezirk,de.mv.gem.13072010
de.mv.wk.015.gem.13072010.wbz.003,wahlbezirk,de.mv.gem.13072010
de.mv.wk.015.gem.13072016.wbz.001,wahlbezirk,de.mv.gem.13072016
de.mv.wk.015.gem.13072031.wbz.001,wahlbezirk,de.mv.gem.13072031
de.mv.wk.015.gem.13072035.wbz.001,wahlbezirk,de.mv.gem.13072035
de.mv.wk.015.gem.13072035.wbz.002,wahlbezirk,de.mv.gem.13072035
de.mv.wk.015.gem.13072035.wbz.003,wahlbezirk,de.mv.gem.13072035
de.mv.wk.015.gem.13072035.wbz.004,wahlbezirk,de.mv.gem.13072035
de.mv.wk.015.gem.13072035.wbz.005,wahlbezirk,de.mv.gem.13072035
de.mv.wk.015.gem.13072068.wbz.001,wahlbezirk,de.mv.gem.13072068
de.mv.wk.015.gem.13072111.wbz.001,wahlbezirk,de.mv.gem.13072111
de.mv.wk.015.gem.13072754.wbz.901,briefwahlbezirk,de.mv.gem.13072754
de.mv.wk.015.gem.13072026.wbz.001,wahlbezirk,de.mv.gem.13072026
de.mv.wk.015.gem.13072048.wbz.001,wahlbezirk,de.mv.gem.13072048
de.mv.wk.015.gem.13072056.wbz.001,wahlbezirk,de.mv.gem.13072056
de.mv.wk.015.gem.13072056.wbz.002,wahlbezirk,de.mv.gem.13072056
de.mv.wk.015.gem.13072056.wbz.003,wahlbezirk,de.mv.gem.13072056
de.mv.wk.015.gem.13072059.wbz.001,wahlbezirk,de.mv.gem.13072059
de.mv.wk.015.gem.13072063.wbz.001,wahlbezirk,de.mv.gem.13072063
de.mv.wk.015.gem.13072063.wbz.002,wahlbezirk,de.mv.gem.13072063
de.mv.wk.015.gem.13072063.wbz.003,wahlbezirk,de.mv.gem.13072063
de.mv.wk.015.gem.13072756.wbz.901,briefwahlbezirk,de.mv.gem.13072756
de.mv.wk.015.gem.13072025.wbz.001,wahlbezirk,de.mv.gem.13072025
de.mv.wk.015.gem.13072027.wbz.001,wahlbezirk,de.mv.gem.13072027
de.mv.wk.015.gem.13072027.wbz.002,wahlbezirk,de.mv.gem.13072027
de.mv.wk.015.gem.13072046.wbz.001,wahlbezirk,de.mv.gem.13072046
de.mv.wk.015.gem.13072062.wbz.001,wahlbezirk,de.mv.gem.13072062
de.mv.wk.015.gem.13072062.wbz.002,wahlbezirk,de.mv.gem.13072062
de.mv.wk.015.gem.13072062.wbz.003,wahlbezirk,de.mv.gem.13072062
de.mv.wk.015.gem.13072062.wbz.004,wahlbezirk,de.mv.gem.13072062
de.mv.wk.015.gem.13072062.wbz.005,wahlbezirk,de.mv.gem.13072062
de.mv.wk.015.gem.13072062.wbz.006,wahlbezirk,de.mv.gem.13072062
de.mv.wk.015.gem.13072062.wbz.007,wahlbezirk,de.mv.gem.13072062
de.mv.wk.015.gem.13072112.wbz.001,wahlbezirk,de.mv.gem.13072112
de.mv.wk.015.gem.13072112.wbz.002,wahlbezirk,de.mv.gem.13072112
de.mv.wk.015.gem.13072757.wbz.901,briefwahlbezirk,de.mv.gem.13072757
de.mv.wk.015.gem.13072003.wbz.001,wahlbezirk,de.mv.gem.13072003
de.mv.wk.015.gem.13072023.wbz.001,wahlbezirk,de.mv.gem.13072023
de.mv.wk.015.gem.13072024.wbz.001,wahlbezirk,de.mv.gem.13072024
de.mv.wk.015.gem.13072038.wbz.001,wahlbezirk,de.mv.gem.13072038
de.mv.wk.015.gem.13072040.wbz.001,wahlbezirk,de.mv.gem.13072040
de.mv.wk.015.gem.13072041.wbz.001,wahlbezirk,de.mv.gem.13072041
de.mv.wk.015.gem.13072045.wbz.001,wahlbezirk,de.mv.gem.13072045
de.mv.wk.015.gem.13072049.wbz.001,wahlbezirk,de.mv.gem.13072049
de.mv.wk.015.gem.13072066.wbz.001,wahlbezirk,de.mv.gem.13072066
de.mv.wk.015.gem.13072082.wbz.001,wahlbezirk,de.mv.gem.13072082
de.mv.wk.015.gem.13072094.wbz.001,wahlbezirk,de.mv.gem.13072094
de.mv.wk.015.gem.13072096.wbz.001,wahlbezirk,de.mv.gem.13072096
de.mv.wk.015.gem.13072103.wbz.001,wahlbezirk,de.mv.gem.13072103
de.mv.wk.015.gem.13072109.wbz.001,wahlbezirk,de.mv.gem.13072109
de.mv.wk.015.gem.13072113.wbz.001,wahlbezirk,de.mv.gem.13072113
de.mv.wk.015.gem.13072758.wbz.901,briefwahlbezirk,de.mv.gem.13072758
de.mv.wk.015.gem.13072011.wbz.001,wahlbezirk,de.mv.gem.13072011
de.mv.wk.015.gem.13072018.wbz.001,wahlbezirk,de.mv.gem.13072018
de.mv.wk.015.gem.13072051.wbz.001,wahlbezirk,de.mv.gem.13072051
de.mv.wk.015.gem.13072090.wbz.001,wahlbezirk,de.mv.gem.13072090
de.mv.wk.015.gem.13072095.wbz.001,wahlbezirk,de.mv.gem.13072095
de.mv.wk.015.gem.13072095.wbz.002,wahlbezirk,de.mv.gem.13072095
de.mv.wk.015.gem.13072095.wbz.003,wahlbezirk,de.mv.gem.13072095
de.mv.wk.015.gem.13072095.wbz.004,wahlbezirk,de.mv.gem.13072095
de.mv.wk.015.gem.13072110.wbz.001,wahlbezirk,de.mv.gem.13072110
de.mv.wk.015.gem.13072116.wbz.001,wahlbezirk,de.mv.gem.13072116
de.mv.wk.015.gem.13072761.wbz.901,briefwahlbezirk,de.mv.gem.13072761
de.mv.wk.016.gem.13072043.wbz.001,wahlbezirk,de.mv.gem.13072043
de.mv.wk.016.gem.13072043.wbz.002,wahlbezirk,de.mv.gem.13072043
de.mv.wk.016.gem.13072043.wbz.003,wahlbezirk,de.mv.gem.13072043
de.mv.wk.016.gem.13072043.wbz.004,wahlbezirk,de.mv.gem.13072043
de.mv.wk.016.gem.13072043.wbz.005,wahlbezirk,de.mv.gem.13072043
de.mv.wk.016.gem.13072043.wbz.006,wahlbezirk,de.mv.gem.13072043
de.mv.wk.016.gem.13072043.wbz.007,wahlbezirk,de.mv.gem.13072043
de.mv.wk.016.gem.13072043.wbz.008,wahlbezirk,de.mv.gem.13072043
de.mv.wk.016.gem.13072043.wbz.009,wahlbezirk,de.mv.gem.13072043
de.mv.wk.016.gem.13072043.wbz.010,wahlbezirk,de.mv.gem.13072043
de.mv.wk.016.gem.13072043.wbz.011,wahlbezirk,de.mv.gem.13072043
de.mv.wk.016.gem.13072043.wbz.012,wahlbezirk,de.mv.gem.13072043
de.mv.wk.016.gem.13072043.wbz.013,wahlbezirk,de.mv.gem.13072043
de.mv.wk.016.gem.13072043.wbz.014,wahlbezirk,de.mv.gem.13072043
de.mv.wk.016.gem.13072043.wbz.015,wahlbezirk,de.mv.gem.13072043
de.mv.wk.016.gem.13072043.wbz.016,wahlbezirk,de.mv.gem.13072043
de.mv.wk.016.gem.13072043.wbz.901,briefwahlbezirk,de.mv.gem.13072043
de.mv.wk.016.gem.13072043.wbz.902,briefwahlbezirk,de.mv.gem.13072043
de.mv.wk.016.gem.13072009.wbz.001,wahlbezirk,de.mv.gem.13072009
de.mv.wk.016.gem.13072009.wbz.002,wahlbezirk,de.mv.gem.13072009
de.mv.wk.016.gem.13072009.wbz.003,wahlbezirk,de.mv.gem.13072009
de.mv.wk.016.gem.13072013.wbz.001,wahlbezirk,de.mv.gem.13072013
de.mv.wk.016.gem.13072013.wbz.002,wahlbezirk,de.mv.gem.13072013
de.mv.wk.016.gem.13072013.wbz.003,wahlbezirk,de.mv.gem.13072013
de.mv.wk.016.gem.13072013.wbz.004,wahlbezirk,de.mv.gem.13072013
de.mv.wk.016.gem.13072013.wbz.005,wahlbezirk,de.mv.gem.13072013
de.mv.wk.016.gem.13072020.wbz.001,wahlbezirk,de.mv.gem.13072020
de.mv.wk.016.gem.13072020.wbz.002,wahlbezirk,de.mv.gem.13072020
de.mv.wk.016.gem.13072020.wbz.003,wahlbezirk,de.mv.gem.13072020
de.mv.wk.016.gem.13072020.wbz.004,wahlbezirk,de.mv.gem.13072020
de.mv.wk.016.gem.13072020.wbz.005,wahlbezirk,de.mv.gem.13072020
de.mv.wk.016.gem.13072028.wbz.001,wahlbezirk,de.mv.gem.13072028
de.mv.wk.016.gem.13072050.wbz.001,wahlbezirk,de.mv.gem.13072050
de.mv.wk.016.gem.13072050.wbz.002,wahlbezirk,de.mv.gem.13072050
de.mv.wk.016.gem.13072053.wbz.001,wahlbezirk,de.mv.gem.13072053
de.mv.wk.016.gem.13072053.wbz.002,wahlbezirk,de.mv.gem.13072053
de.mv.wk.016.gem.13072078.wbz.001,wahlbezirk,de.mv.gem.13072078
de.mv.wk.016.gem.13072089.wbz.001,wahlbezirk,de.mv.gem.13072089
de.mv.wk.016.gem.13072101.wbz.001,wahlbezirk,de.mv.gem.13072101
de.mv.wk.016.gem.13072101.wbz.002,wahlbezirk,de.mv.gem.13072101
de.mv.wk.016.gem.13072104.wbz.001,wahlbezirk,de.mv.gem.13072104
de.mv.wk.016.gem.13072104.wbz.002,wahlbezirk,de.mv.gem.13072104
de.mv.wk.016.gem.13072114.wbz.001,wahlbezirk,de.mv.gem.13072114
de.mv.wk.016.gem.13072114.wbz.002,wahlbezirk,de.mv.gem.13072114
de.mv.wk.016.gem.13072114.wbz.003,wahlbezirk,de.mv.gem.13072114
de.mv.wk.016.gem.13072120.wbz.001,wahlbezirk,de.mv.gem.13072120
de.mv.wk.016.gem.13072120.wbz.002,wahlbezirk,de.mv.gem.13072120
de.mv.wk.016.gem.13072752.wbz.901,briefwahlbezirk,de.mv.gem.13072752
de.mv.wk.016.gem.13072033.wbz.001,wahlbezirk,de.mv.gem.13072033
de.mv.wk.016.gem.13072039.wbz.001,wahlbezirk,de.mv.gem.13072039
de.mv.wk.016.gem.13072042.wbz.001,wahlbezirk,de.mv.gem.13072042
de.mv.wk.016.gem.13072042.wbz.002,wahlbezirk,de.mv.gem.13072042
de.mv.wk.016.gem.13072044.wbz.001,wahlbezirk,de.mv.gem.13072044
de.mv.wk.016.gem.13072044.wbz.002,wahlbezirk,de.mv.gem.13072044
de.mv.wk.016.gem.13072055.wbz.001,wahlbezirk,de.mv.gem.13072055
de.mv.wk.016.gem.13072061.wbz.001,wahlbezirk,de.mv.gem.13072061
de.mv.wk.016.gem.13072067.wbz.001,wahlbezirk,de.mv.gem.13072067
de.mv.wk.016.gem.13072069.wbz.001,wahlbezirk,de.mv.gem.13072069
de.mv.wk.016.gem.13072071.wbz.001,wahlbezirk,de.mv.gem.13072071
de.mv.wk.016.gem.13072073.wbz.001,wahlbezirk,de.mv.gem.13072073
de.mv.wk.016.gem.13072079.wbz.001,wahlbezirk,de.mv.gem.13072079
de.mv.wk.016.gem.13072084.wbz.001,wahlbezirk,de.mv.gem.13072084
de.mv.wk.016.gem.13072092.wbz.001,wahlbezirk,de.mv.gem.13072092
de.mv.wk.016.gem.13072119.wbz.001,wahlbezirk,de.mv.gem.13072119
de.mv.wk.016.gem.13072755.wbz.901,briefwahlbezirk,de.mv.gem.13072755
de.mv.wk.023.gem.13073055.wbz.001,wahlbezirk,de.mv.gem.13073055
de.mv.wk.023.gem.13073055.wbz.002,wahlbezirk,de.mv.gem.13073055
de.mv.wk.023.gem.13073055.wbz.003,wahlbezirk,de.mv.gem.13073055
de.mv.wk.023.gem.13073055.wbz.004,wahlbezirk,de.mv.gem.13073055
de.mv.wk.023.gem.13073055.wbz.005,wahlbezirk,de.mv.gem.13073055
de.mv.wk.023.gem.13073055.wbz.006,wahlbezirk,de.mv.gem.13073055
de.mv.wk.023.gem.13073055.wbz.007,wahlbezirk,de.mv.gem.13073055
de.mv.wk.023.gem.13073055.wbz.914,briefwahlbezirk,de.mv.gem.13073055
de.mv.wk.023.gem.13073105.wbz.001,wahlbezirk,de.mv.gem.13073105
de.mv.wk.023.gem.13073105.wbz.002,wahlbezirk,de.mv.gem.13073105
de.mv.wk.023.gem.13073105.wbz.003,wahlbezirk,de.mv.gem.13073105
de.mv.wk.023.gem.13073105.wbz.918,briefwahlbezirk,de.mv.gem.13073105
de.mv.wk.023.gem.13073002.wbz.001,wahlbezirk,de.mv.gem.13073002
de.mv.wk.023.gem.13073012.wbz.001,wahlbezirk,de.mv.gem.13073012
de.mv.wk.023.gem.13073017.wbz.001,wahlbezirk,de.mv.gem.13073017
de.mv.wk.023.gem.13073017.wbz.002,wahlbezirk,de.mv.gem.13073017
de.mv.wk.023.gem.13073067.wbz.001,wahlbezirk,de.mv.gem.13073067
de.mv.wk.023.gem.13073067.wbz.002,wahlbezirk,de.mv.gem.13073067
de.mv.wk.023.gem.13073100.wbz.001,wahlbezirk,de.mv.gem.13073100
de.mv.wk.023.gem.13073103.wbz.001,wahlbezirk,de.mv.gem.13073103
de.mv.wk.023.gem.13073754.wbz.901,briefwahlbezirk,de.mv.gem.13073754
de.mv.wk.023.gem.13073007.wbz.001,wahlbezirk,de.mv.gem.13073007
de.mv.wk.023.gem.13073015.wbz.001,wahlbezirk,de.mv.gem.13073015
de.mv.wk.023.gem.13073016.wbz.001,wahlbezirk,de.mv.gem.13073016
de.mv.wk.023.gem.13073020.wbz.001,wahlbezirk,de.mv.gem.13073020
de.mv.wk.023.gem.13073022.wbz.001,wahlbezirk,de.mv.gem.13073022
de.mv.wk.023.gem.13073032.wbz.001,wahlbezirk,de.mv.gem.13073032
de.mv.wk.023.gem.13073033.wbz.001,wahlbezirk,de.mv.gem.13073033
de.mv.wk.023.gem.13073039.wbz.001,wahlbezirk,de.mv.gem.13073039
de.mv.wk.023.gem.13073050.wbz.001,wahlbezirk,de.mv.gem.13073050
de.mv.wk.023.gem.13073050.wbz.002,wahlbezirk,de.mv.gem.13073050
de.mv.wk.023.gem.13073050.wbz.003,wahlbezirk,de.mv.gem.13073050
de.mv.wk.023.gem.13073093.wbz.001,wahlbezirk,de.mv.gem.13073093
de.mv.wk.023.gem.13073093.wbz.002,wahlbezirk,de.mv.gem.13073093
de.mv.wk.023.gem.13073093.wbz.003,wahlbezirk,de.mv.gem.13073093
de.mv.wk.023.gem.13073760.wbz.901,briefwahlbezirk,de.mv.gem.13073760
de.mv.wk.023.gem.13073001.wbz.001,wahlbezirk,de.mv.gem.13073001
de.mv.wk.023.gem.13073001.wbz.002,wahlbezirk,de.mv.gem.13073001
de.mv.wk.023.gem.13073001.wbz.003,wahlbezirk,de.mv.gem.13073001
de.mv.wk.023.gem.13073001.wbz.004,wahlbezirk,de.mv.gem.13073001
de.mv.wk.023.gem.13073075.wbz.001,wahlbezirk,de.mv.gem.13073075
de.mv.wk.023.gem.13073075.wbz.002,wahlbezirk,de.mv.gem.13073075
de.mv.wk.023.gem.13073075.wbz.003,wahlbezirk,de.mv.gem.13073075
de.mv.wk.023.gem.13073075.wbz.004,wahlbezirk,de.mv.gem.13073075
de.mv.wk.023.gem.13073075.wbz.005,wahlbezirk,de.mv.gem.13073075
de.mv.wk.023.gem.13073075.wbz.006,wahlbezirk,de.mv.gem.13073075
de.mv.wk.023.gem.13073075.wbz.007,wahlbezirk,de.mv.gem.13073075
de.mv.wk.023.gem.13073075.wbz.008,wahlbezirk,de.mv.gem.13073075
de.mv.wk.023.gem.13073075.wbz.009,wahlbezirk,de.mv.gem.13073075
de.mv.wk.023.gem.13073075.wbz.010,wahlbezirk,de.mv.gem.13073075
de.mv.wk.023.gem.13073075.wbz.011,wahlbezirk,de.mv.gem.13073075
de.mv.wk.023.gem.13073075.wbz.012,wahlbezirk,de.mv.gem.13073075
de.mv.wk.023.gem.13073075.wbz.013,wahlbezirk,de.mv.gem.13073075
de.mv.wk.023.gem.13073075.wbz.014,wahlbezirk,de.mv.gem.13073075
de.mv.wk.023.gem.13073075.wbz.015,wahlbezirk,de.mv.gem.13073075
de.mv.wk.023.gem.13073075.wbz.016,wahlbezirk,de.mv.gem.13073075
de.mv.wk.023.gem.13073075.wbz.017,wahlbezirk,de.mv.gem.13073075
de.mv.wk.023.gem.13073075.wbz.018,wahlbezirk,de.mv.gem.13073075
de.mv.wk.023.gem.13073082.wbz.001,wahlbezirk,de.mv.gem.13073082
de.mv.wk.023.gem.13073085.wbz.001,wahlbezirk,de.mv.gem.13073085
de.mv.wk.023.gem.13073761.wbz.901,briefwahlbezirk,de.mv.gem.13073761
de.mv.wk.023.gem.13073761.wbz.915,briefwahlbezirk,de.mv.gem.13073761
de.mv.wk.023.gem.13073761.wbz.916,briefwahlbezirk,de.mv.gem.13073761
de.mv.wk.024.gem.13073088.wbz.026,wahlbezirk,de.mv.gem.13073088
de.mv.wk.024.gem.13073088.wbz.027,wahlbezirk,de.mv.gem.13073088
de.mv.wk.024.gem.13073088.wbz.905,briefwahlbezirk,de.mv.gem.13073088
de.mv.wk.024.gem.13073035.wbz.001,wahlbezirk,de.mv.gem.13073035
de.mv.wk.024.gem.13073035.wbz.002,wahlbezirk,de.mv.gem.13073035
de.mv.wk.024.gem.13073035.wbz.003,wahlbezirk,de.mv.gem.13073035
de.mv.wk.024.gem.13073035.wbz.004,wahlbezirk,de.mv.gem.13073035
de.mv.wk.024.gem.13073035.wbz.005,wahlbezirk,de.mv.gem.13073035
de.mv.wk.024.gem.13073035.wbz.006,wahlbezirk,de.mv.gem.13073035
de.mv.wk.024.gem.13073035.wbz.007,wahlbezirk,de.mv.gem.13073035
de.mv.wk.024.gem.13073035.wbz.008,wahlbezirk,de.mv.gem.13073035
de.mv.wk.024.gem.13073035.wbz.009,wahlbezirk,de.mv.gem.13073035
de.mv.wk.024.gem.13073035.wbz.010,wahlbezirk,de.mv.gem.13073035
de.mv.wk.024.gem.13073035.wbz.011,wahlbezirk,de.mv.gem.13073035
de.mv.wk.024.gem.13073035.wbz.912,briefwahlbezirk,de.mv.gem.13073035
de.mv.wk.024.gem.13073089.wbz.001,wahlbezirk,de.mv.gem.13073089
de.mv.wk.024.gem.13073089.wbz.002,wahlbezirk,de.mv.gem.13073089
de.mv.wk.024.gem.13073089.wbz.003,wahlbezirk,de.mv.gem.13073089
de.mv.wk.024.gem.13073089.wbz.004,wahlbezirk,de.mv.gem.13073089
de.mv.wk.024.gem.13073089.wbz.005,wahlbezirk,de.mv.gem.13073089
de.mv.wk.024.gem.13073089.wbz.006,wahlbezirk,de.mv.gem.13073089
de.mv.wk.024.gem.13073089.wbz.007,wahlbezirk,de.mv.gem.13073089
de.mv.wk.024.gem.13073089.wbz.917,briefwahlbezirk,de.mv.gem.13073089
de.mv.wk.024.gem.13073024.wbz.001,wahlbezirk,de.mv.gem.13073024
de.mv.wk.024.gem.13073024.wbz.002,wahlbezirk,de.mv.gem.13073024
de.mv.wk.024.gem.13073029.wbz.001,wahlbezirk,de.mv.gem.13073029
de.mv.wk.024.gem.13073034.wbz.001,wahlbezirk,de.mv.gem.13073034
de.mv.wk.024.gem.13073034.wbz.002,wahlbezirk,de.mv.gem.13073034
de.mv.wk.024.gem.13073057.wbz.001,wahlbezirk,de.mv.gem.13073057
de.mv.wk.024.gem.13073062.wbz.001,wahlbezirk,de.mv.gem.13073062
de.mv.wk.024.gem.13073076.wbz.001,wahlbezirk,de.mv.gem.13073076
de.mv.wk.024.gem.13073076.wbz.002,wahlbezirk,de.mv.gem.13073076
de.mv.wk.024.gem.13073086.wbz.001,wahlbezirk,de.mv.gem.13073086
de.mv.wk.024.gem.13073096.wbz.001,wahlbezirk,de.mv.gem.13073096
de.mv.wk.024.gem.13073096.wbz.002,wahlbezirk,de.mv.gem.13073096
de.mv.wk.024.gem.13073097.wbz.001,wahlbezirk,de.mv.gem.13073097
de.mv.wk.024.gem.13073098.wbz.001,wahlbezirk,de.mv.gem.13073098
de.mv.wk.024.gem.13073755.wbz.901,briefwahlbezirk,de.mv.gem.13073755
de.mv.wk.024.gem.13073023.wbz.001,wahlbezirk,de.mv.gem.13073023
de.mv.wk.024.gem.13073090.wbz.002,wahlbezirk,de.mv.gem.13073090
de.mv.wk.024.gem.13073090.wbz.003,wahlbezirk,de.mv.gem.13073090
de.mv.wk.024.gem.13073090.wbz.004,wahlbezirk,de.mv.gem.13073090
de.mv.wk.024.gem.13073090.wbz.005,wahlbezirk,de.mv.gem.13073090
de.mv.wk.024.gem.13073090.wbz.006,wahlbezirk,de.mv.gem.13073090
de.mv.wk.024.gem.13073102.wbz.001,wahlbezirk,de.mv.gem.13073102
de.mv.wk.024.gem.13073756.wbz.901,briefwahlbezirk,de.mv.gem.13073756
de.mv.wk.025.gem.13073088.wbz.007,wahlbezirk,de.mv.gem.13073088
de.mv.wk.025.gem.13073088.wbz.008,wahlbezirk,de.mv.gem.13073088
de.mv.wk.025.gem.13073088.wbz.009,wahlbezirk,de.mv.gem.13073088
de.mv.wk.025.gem.13073088.wbz.010,wahlbezirk,de.mv.gem.13073088
de.mv.wk.025.gem.13073088.wbz.011,wahlbezirk,de.mv.gem.13073088
de.mv.wk.025.gem.13073088.wbz.012,wahlbezirk,de.mv.gem.13073088
de.mv.wk.025.gem.13073088.wbz.013,wahlbezirk,de.mv.gem.13073088
de.mv.wk.025.gem.13073088.wbz.014,wahlbezirk,de.mv.gem.13073088
de.mv.wk.025.gem.13073088.wbz.015,wahlbezirk,de.mv.gem.13073088
de.mv.wk.025.gem.13073088.wbz.016,wahlbezirk,de.mv.gem.13073088
de.mv.wk.025.gem.13073088.wbz.903,briefwahlbezirk,de.mv.gem.13073088
de.mv.wk.025.gem.13073088.wbz.904,briefwahlbezirk,de.mv.gem.13073088
de.mv.wk.025.gem.13073005.wbz.001,wahlbezirk,de.mv.gem.13073005
de.mv.wk.025.gem.13073037.wbz.001,wahlbezirk,de.mv.gem.13073037
de.mv.wk.025.gem.13073044.wbz.001,wahlbezirk,de.mv.gem.13073044
de.mv.wk.025.gem.13073046.wbz.001,wahlbezirk,de.mv.gem.13073046
de.mv.wk.025.gem.13073046.wbz.002,wahlbezirk,de.mv.gem.13073046
de.mv.wk.025.gem.13073066.wbz.001,wahlbezirk,de.mv.gem.13073066
de.mv.wk.025.gem.13073068.wbz.001,wahlbezirk,de.mv.gem.13073068
de.mv.wk.025.gem.13073068.wbz.002,wahlbezirk,de.mv.gem.13073068
de.mv.wk.025.gem.13073751.wbz.901,briefwahlbezirk,de.mv.gem.13073751
de.mv.wk.025.gem.13073009.wbz.001,wahlbezirk,de.mv.gem.13073009
de.mv.wk.025.gem.13073009.wbz.003,wahlbezirk,de.mv.gem.13073009
de.mv.wk.025.gem.13073009.wbz.005,wahlbezirk,de.mv.gem.13073009
de.mv.wk.025.gem.13073009.wbz.006,wahlbezirk,de.mv.gem.13073009
de.mv.wk.025.gem.13073009.wbz.008,wahlbezirk,de.mv.gem.13073009
de.mv.wk.025.gem.13073009.wbz.009,wahlbezirk,de.mv.gem.13073009
de.mv.wk.025.gem.13073018.wbz.001,wahlbezirk,de.mv.gem.13073018
de.mv.wk.025.gem.13073025.wbz.001,wahlbezirk,de.mv.gem.13073025
de.mv.wk.025.gem.13073042.wbz.001,wahlbezirk,de.mv.gem.13073042
de.mv.wk.025.gem.13073043.wbz.001,wahlbezirk,de.mv.gem.13073043
de.mv.wk.025.gem.13073043.wbz.002,wahlbezirk,de.mv.gem.13073043
de.mv.wk.025.gem.13073051.wbz.001,wahlbezirk,de.mv.gem.13073051
de.mv.wk.025.gem.13073053.wbz.001,wahlbezirk,de.mv.gem.13073053
de.mv.wk.025.gem.13073069.wbz.001,wahlbezirk,de.mv.gem.13073069
de.mv.wk.025.gem.13073069.wbz.002,wahlbezirk,de.mv.gem.13073069
de.mv.wk.025.gem.13073077.wbz.001,wahlbezirk,de.mv.gem.13073077
de.mv.wk.025.gem.13073077.wbz.002,wahlbezirk,de.mv.gem.13073077
de.mv.wk.025.gem.13073094.wbz.001,wahlbezirk,de.mv.gem.13073094
de.mv.wk.025.gem.13073094.wbz.002,wahlbezirk,de.mv.gem.13073094
de.mv.wk.025.gem.13073752.wbz.901,briefwahlbezirk,de.mv.gem.13073752
de.mv.wk.025.gem.13073752.wbz.911,briefwahlbezirk,de.mv.gem.13073752
de.mv.wk.025.gem.13073036.wbz.001,wahlbezirk,de.mv.gem.13073036
de.mv.wk.025.gem.13073041.wbz.001,wahlbezirk,de.mv.gem.13073041
de.mv.wk.025.gem.13073047.wbz.001,wahlbezirk,de.mv.gem.13073047
de.mv.wk.025.gem.13073054.wbz.001,wahlbezirk,de.mv.gem.13073054
de.mv.wk.025.gem.13073058.wbz.001,wahlbezirk,de.mv.gem.13073058
de.mv.wk.025.gem.13073060.wbz.001,wahlbezirk,de.mv.gem.13073060
de.mv.wk.025.gem.13073060.wbz.002,wahlbezirk,de.mv.gem.13073060
de.mv.wk.025.gem.13073061.wbz.001,wahlbezirk,de.mv.gem.13073061
de.mv.wk.025.gem.13073087.wbz.001,wahlbezirk,de.mv.gem.13073087
de.mv.wk.025.gem.13073087.wbz.002,wahlbezirk,de.mv.gem.13073087
de.mv.wk.025.gem.13073087.wbz.003,wahlbezirk,de.mv.gem.13073087
de.mv.wk.025.gem.13073087.wbz.004,wahlbezirk,de.mv.gem.13073087
de.mv.wk.025.gem.13073099.wbz.001,wahlbezirk,de.mv.gem.13073099
de.mv.wk.025.gem.13073104.wbz.001,wahlbezirk,de.mv.gem.13073104
de.mv.wk.025.gem.13073758.wbz.901,briefwahlbezirk,de.mv.gem.13073758
de.mv.wk.026.gem.13073088.wbz.001,wahlbezirk,de.mv.gem.13073088
de.mv.wk.026.gem.13073088.wbz.002,wahlbezirk,de.mv.gem.13073088
de.mv.wk.026.gem.13073088.wbz.003,wahlbezirk,de.mv.gem.13073088
de.mv.wk.026.gem.13073088.wbz.004,wahlbezirk,de.mv.gem.13073088
de.mv.wk.026.gem.13073088.wbz.005,wahlbezirk,de.mv.gem.13073088
de.mv.wk.026.gem.13073088.wbz.006,wahlbezirk,de.mv.gem.13073088
de.mv.wk.026.gem.13073088.wbz.017,wahlbezirk,de.mv.gem.13073088
de.mv.wk.026.gem.13073088.wbz.018,wahlbezirk,de.mv.gem.13073088
de.mv.wk.026.gem.13073088.wbz.019,wahlbezirk,de.mv.gem.13073088
de.mv.wk.026.gem.13073088.wbz.020,wahlbezirk,de.mv.gem.13073088
de.mv.wk.026.gem.13073088.wbz.021,wahlbezirk,de.mv.gem.13073088
de.mv.wk.026.gem.13073088.wbz.022,wahlbezirk,de.mv.gem.13073088
de.mv.wk.026.gem.13073088.wbz.023,wahlbezirk,de.mv.gem.13073088
de.mv.wk.026.gem.13073088.wbz.024,wahlbezirk,de.mv.gem.13073088
de.mv.wk.026.gem.13073088.wbz.025,wahlbezirk,de.mv.gem.13073088
de.mv.wk.026.gem.13073088.wbz.028,wahlbezirk,de.mv.gem.13073088
de.mv.wk.026.gem.13073088.wbz.029,wahlbezirk,de.mv.gem.13073088
de.mv.wk.026.gem.13073088.wbz.030,wahlbezirk,de.mv.gem.13073088
de.mv.wk.026.gem.13073088.wbz.901,briefwahlbezirk,de.mv.gem.13073088
de.mv.wk.026.gem.13073088.wbz.902,briefwahlbezirk,de.mv.gem.13073088
de.mv.wk.026.gem.13073088.wbz.906,briefwahlbezirk,de.mv.gem.13073088
de.mv.wk.026.gem.13073088.wbz.907,briefwahlbezirk,de.mv.gem.13073088
de.mv.wk.033.gem.13073080.wbz.001,wahlbezirk,de.mv.gem.13073080
de.mv.wk.033.gem.13073080.wbz.002,wahlbezirk,de.mv.gem.13073080
de.mv.wk.033.gem.13073080.wbz.003,wahlbezirk,de.mv.gem.13073080
de.mv.wk.033.gem.13073080.wbz.004,wahlbezirk,de.mv.gem.13073080
de.mv.wk.033.gem.13073080.wbz.005,wahlbezirk,de.mv.gem.13073080
de.mv.wk.033.gem.13073080.wbz.006,wahlbezirk,de.mv.gem.13073080
de.mv.wk.033.gem.13073080.wbz.904,briefwahlbezirk,de.mv.gem.13073080
de.mv.wk.033.gem.13073027.wbz.001,wahlbezirk,de.mv.gem.13073027
de.mv.wk.033.gem.13073027.wbz.002,wahlbezirk,de.mv.gem.13073027
de.mv.wk.033.gem.13073027.wbz.003,wahlbezirk,de.mv.gem.13073027
de.mv.wk.033.gem.13073027.wbz.004,wahlbezirk,de.mv.gem.13073027
de.mv.wk.033.gem.13073038.wbz.001,wahlbezirk,de.mv.gem.13073038
de.mv.wk.033.gem.13073065.wbz.001,wahlbezirk,de.mv.gem.13073065
de.mv.wk.033.gem.13073753.wbz.901,briefwahlbezirk,de.mv.gem.13073753
de.mv.wk.033.gem.13073004.wbz.001,wahlbezirk,de.mv.gem.13073004
de.mv.wk.033.gem.13073013.wbz.001,wahlbezirk,de.mv.gem.13073013
de.mv.wk.033.gem.13073019.wbz.001,wahlbezirk,de.mv.gem.13073019
de.mv.wk.033.gem.13073030.wbz.001,wahlbezirk,de.mv.gem.13073030
de.mv.wk.033.gem.13073052.wbz.001,wahlbezirk,de.mv.gem.13073052
de.mv.wk.033.gem.13073071.wbz.001,wahlbezirk,de.mv.gem.13073071
de.mv.wk.033.gem.13073078.wbz.001,wahlbezirk,de.mv.gem.13073078
de.mv.wk.033.gem.13073078.wbz.002,wahlbezirk,de.mv.gem.13073078
de.mv.wk.033.gem.13073101.wbz.001,wahlbezirk,de.mv.gem.13073101
de.mv.wk.033.gem.13073759.wbz.901,briefwahlbezirk,de.mv.gem.13073759
de.mv.wk.033.gem.13073003.wbz.001,wahlbezirk,de.mv.gem.13073003
de.mv.wk.033.gem.13073021.wbz.001,wahlbezirk,de.mv.gem.13073021
de.mv.wk.033.gem.13073028.wbz.001,wahlbezirk,de.mv.gem.13073028
de.mv.wk.033.gem.13073040.wbz.001,wahlbezirk,de.mv.gem.13073040
de.mv.wk.033.gem.13073045.wbz.001,wahlbezirk,de.mv.gem.13073045
de.mv.wk.033.gem.13073059.wbz.001,wahlbezirk,de.mv.gem.13073059
de.mv.wk.033.gem.13073073.wbz.001,wahlbezirk,de.mv.gem.13073073
de.mv.wk.033.gem.13073079.wbz.001,wahlbezirk,de.mv.gem.13073079
de.mv.wk.033.gem.13073079.wbz.002,wahlbezirk,de.mv.gem.13073079
de.mv.wk.033.gem.13073081.wbz.001,wahlbezirk,de.mv.gem.13073081
de.mv.wk.033.gem.13073092.wbz.001,wahlbezirk,de.mv.gem.13073092
de.mv.wk.033.gem.13073095.wbz.001,wahlbezirk,de.mv.gem.13073095
de.mv.wk.033.gem.13073762.wbz.901,briefwahlbezirk,de.mv.gem.13073762
de.mv.wk.034.gem.13073011.wbz.001,wahlbezirk,de.mv.gem.13073011
de.mv.wk.034.gem.13073011.wbz.002,wahlbezirk,de.mv.gem.13073011
de.mv.wk.034.gem.13073011.wbz.003,wahlbezirk,de.mv.gem.13073011
de.mv.wk.034.gem.13073011.wbz.004,wahlbezirk,de.mv.gem.13073011
de.mv.wk.034.gem.13073011.wbz.902,briefwahlbezirk,de.mv.gem.13073011
de.mv.wk.034.gem.13073070.wbz.001,wahlbezirk,de.mv.gem.13073070
de.mv.wk.034.gem.13073070.wbz.002,wahlbezirk,de.mv.gem.13073070
de.mv.wk.034.gem.13073070.wbz.903,briefwahlbezirk,de.mv.gem.13073070
de.mv.wk.034.gem.13073010.wbz.001,wahlbezirk,de.mv.gem.13073010
de.mv.wk.034.gem.13073010.wbz.002,wahlbezirk,de.mv.gem.13073010
de.mv.wk.034.gem.13073010.wbz.003,wahlbezirk,de.mv.gem.13073010
de.mv.wk.034.gem.13073010.wbz.004,wahlbezirk,de.mv.gem.13073010
de.mv.wk.034.gem.13073010.wbz.005,wahlbezirk,de.mv.gem.13073010
de.mv.wk.034.gem.13073010.wbz.006,wahlbezirk,de.mv.gem.13073010
de.mv.wk.034.gem.13073010.wbz.007,wahlbezirk,de.mv.gem.13073010
de.mv.wk.034.gem.13073010.wbz.008,wahlbezirk,de.mv.gem.13073010
de.mv.wk.034.gem.13073010.wbz.009,wahlbezirk,de.mv.gem.13073010
de.mv.wk.034.gem.13073010.wbz.010,wahlbezirk,de.mv.gem.13073010
de.mv.wk.034.gem.13073010.wbz.011,wahlbezirk,de.mv.gem.13073010
de.mv.wk.034.gem.13073014.wbz.001,wahlbezirk,de.mv.gem.13073014
de.mv.wk.034.gem.13073049.wbz.001,wahlbezirk,de.mv.gem.13073049
de.mv.wk.034.gem.13073063.wbz.001,wahlbezirk,de.mv.gem.13073063
de.mv.wk.034.gem.13073064.wbz.001,wahlbezirk,de.mv.gem.13073064
de.mv.wk.034.gem.13073072.wbz.001,wahlbezirk,de.mv.gem.13073072
de.mv.wk.034.gem.13073074.wbz.001,wahlbezirk,de.mv.gem.13073074
de.mv.wk.034.gem.13073083.wbz.001,wahlbezirk,de.mv.gem.13073083
de.mv.wk.034.gem.13073753.wbz.902,briefwahlbezirk,de.mv.gem.13073753
de.mv.wk.034.gem.13073006.wbz.001,wahlbezirk,de.mv.gem.13073006
de.mv.wk.034.gem.13073026.wbz.001,wahlbezirk,de.mv.gem.13073026
de.mv.wk.034.gem.13073031.wbz.001,wahlbezirk,de.mv.gem.13073031
de.mv.wk.034.gem.13073048.wbz.001,wahlbezirk,de.mv.gem.13073048
de.mv.wk.034.gem.13073056.wbz.001,wahlbezirk,de.mv.gem.13073056
de.mv.wk.034.gem.13073084.wbz.001,wahlbezirk,de.mv.gem.13073084
de.mv.wk.034.gem.13073084.wbz.002,wahlbezirk,de.mv.gem.13073084
de.mv.wk.034.gem.13073091.wbz.001,wahlbezirk,de.mv.gem.13073091
de.mv.wk.034.gem.13073106.wbz.001,wahlbezirk,de.mv.gem.13073106
de.mv.wk.034.gem.13073757.wbz.901,briefwahlbezirk,de.mv.gem.13073757
de.mv.wk.010.gem.13074087.wbz.001,wahlbezirk,de.mv.gem.13074087
de.mv.wk.010.gem.13074087.wbz.002,wahlbezirk,de.mv.gem.13074087
de.mv.wk.010.gem.13074087.wbz.003,wahlbezirk,de.mv.gem.13074087
de.mv.wk.010.gem.13074087.wbz.004,wahlbezirk,de.mv.gem.13074087
de.mv.wk.010.gem.13074087.wbz.005,wahlbezirk,de.mv.gem.13074087
de.mv.wk.010.gem.13074087.wbz.006,wahlbezirk,de.mv.gem.13074087
de.mv.wk.010.gem.13074087.wbz.007,wahlbezirk,de.mv.gem.13074087
de.mv.wk.010.gem.13074087.wbz.008,wahlbezirk,de.mv.gem.13074087
de.mv.wk.010.gem.13074087.wbz.009,wahlbezirk,de.mv.gem.13074087
de.mv.wk.010.gem.13074087.wbz.010,wahlbezirk,de.mv.gem.13074087
de.mv.wk.010.gem.13074087.wbz.011,wahlbezirk,de.mv.gem.13074087
de.mv.wk.010.gem.13074087.wbz.012,wahlbezirk,de.mv.gem.13074087
de.mv.wk.010.gem.13074087.wbz.013,wahlbezirk,de.mv.gem.13074087
de.mv.wk.010.gem.13074087.wbz.014,wahlbezirk,de.mv.gem.13074087
de.mv.wk.010.gem.13074087.wbz.015,wahlbezirk,de.mv.gem.13074087
de.mv.wk.010.gem.13074087.wbz.016,wahlbezirk,de.mv.gem.13074087
de.mv.wk.010.gem.13074087.wbz.017,wahlbezirk,de.mv.gem.13074087
de.mv.wk.010.gem.13074087.wbz.018,wahlbezirk,de.mv.gem.13074087
de.mv.wk.010.gem.13074087.wbz.019,wahlbezirk,de.mv.gem.13074087
de.mv.wk.010.gem.13074087.wbz.020,wahlbezirk,de.mv.gem.13074087
de.mv.wk.010.gem.13074087.wbz.021,wahlbezirk,de.mv.gem.13074087
de.mv.wk.010.gem.13074087.wbz.022,wahlbezirk,de.mv.gem.13074087
de.mv.wk.010.gem.13074087.wbz.023,wahlbezirk,de.mv.gem.13074087
de.mv.wk.010.gem.13074087.wbz.024,wahlbezirk,de.mv.gem.13074087
de.mv.wk.010.gem.13074087.wbz.025,wahlbezirk,de.mv.gem.13074087
de.mv.wk.010.gem.13074087.wbz.026,wahlbezirk,de.mv.gem.13074087
de.mv.wk.010.gem.13074087.wbz.027,wahlbezirk,de.mv.gem.13074087
de.mv.wk.010.gem.13074087.wbz.028,wahlbezirk,de.mv.gem.13074087
de.mv.wk.010.gem.13074087.wbz.901,briefwahlbezirk,de.mv.gem.13074087
de.mv.wk.010.gem.13074087.wbz.902,briefwahlbezirk,de.mv.gem.13074087
de.mv.wk.027.gem.13074026.wbz.001,wahlbezirk,de.mv.gem.13074026
de.mv.wk.027.gem.13074026.wbz.002,wahlbezirk,de.mv.gem.13074026
de.mv.wk.027.gem.13074026.wbz.003,wahlbezirk,de.mv.gem.13074026
de.mv.wk.027.gem.13074026.wbz.004,wahlbezirk,de.mv.gem.13074026
de.mv.wk.027.gem.13074026.wbz.005,wahlbezirk,de.mv.gem.13074026
de.mv.wk.027.gem.13074026.wbz.006,wahlbezirk,de.mv.gem.13074026
de.mv.wk.027.gem.13074026.wbz.007,wahlbezirk,de.mv.gem.13074026
de.mv.wk.027.gem.13074026.wbz.008,wahlbezirk,de.mv.gem.13074026
de.mv.wk.027.gem.13074026.wbz.901,briefwahlbezirk,de.mv.gem.13074026
de.mv.wk.027.gem.13074005.wbz.001,wahlbezirk,de.mv.gem.13074005
de.mv.wk.027.gem.13074022.wbz.001,wahlbezirk,de.mv.gem.13074022
de.mv.wk.027.gem.13074022.wbz.002,wahlbezirk,de.mv.gem.13074022
de.mv.wk.027.gem.13074063.wbz.001,wahlbezirk,de.mv.gem.13074063
de.mv.wk.027.gem.13074069.wbz.001,wahlbezirk,de.mv.gem.13074069
de.mv.wk.027.gem.13074071.wbz.001,wahlbezirk,de.mv.gem.13074071
de.mv.wk.027.gem.13074077.wbz.001,wahlbezirk,de.mv.gem.13074077
de.mv.wk.027.gem.13074079.wbz.001,wahlbezirk,de.mv.gem.13074079
de.mv.wk.027.gem.13074085.wbz.001,wahlbezirk,de.mv.gem.13074085
de.mv.wk.027.gem.13074093.wbz.001,wahlbezirk,de.mv.gem.13074093
de.mv.wk.027.gem.13074093.wbz.002,wahlbezirk,de.mv.gem.13074093
de.mv.wk.027.gem.13074093.wbz.003,wahlbezirk,de.mv.gem.13074093
de.mv.wk.027.gem.13074093.wbz.004,wahlbezirk,de.mv.gem.13074093
de.mv.wk.027.gem.13074753.wbz.901,briefwahlbezirk,de.mv.gem.13074753
de.mv.wk.027.gem.13074010.wbz.001,wahlbezirk,de.mv.gem.13074010
de.mv.wk.027.gem.13074010.wbz.002,wahlbezirk,de.mv.gem.13074010
de.mv.wk.027.gem.13074016.wbz.001,wahlbezirk,de.mv.gem.13074016
de.mv.wk.027.gem.13074032.wbz.001,wahlbezirk,de.mv.gem.13074032
de.mv.wk.027.gem.13074037.wbz.001,wahlbezirk,de.mv.gem.13074037
de.mv.wk.027.gem.13074037.wbz.002,wahlbezirk,de.mv.gem.13074037
de.mv.wk.027.gem.13074039.wbz.001,wahlbezirk,de.mv.gem.13074039
de.mv.wk.027.gem.13074039.wbz.002,wahlbezirk,de.mv.gem.13074039
de.mv.wk.027.gem.13074089.wbz.001,wahlbezirk,de.mv.gem.13074089
de.mv.wk.027.gem.13074754.wbz.901,briefwahlbezirk,de.mv.gem.13074754
de.mv.wk.027.gem.13074013.wbz.001,wahlbezirk,de.mv.gem.13074013
de.mv.wk.027.gem.13074018.wbz.001,wahlbezirk,de.mv.gem.13074018
de.mv.wk.027.gem.13074028.wbz.001,wahlbezirk,de.mv.gem.13074028
de.mv.wk.027.gem.13074033.wbz.001,wahlbezirk,de.mv.gem.13074033
de.mv.wk.027.gem.13074042.wbz.001,wahlbezirk,de.mv.gem.13074042
de.mv.wk.027.gem.13074042.wbz.002,wahlbezirk,de.mv.gem.13074042
de.mv.wk.027.gem.13074042.wbz.003,wahlbezirk,de.mv.gem.13074042
de.mv.wk.027.gem.13074065.wbz.001,wahlbezirk,de.mv.gem.13074065
de.mv.wk.027.gem.13074065.wbz.002,wahlbezirk,de.mv.gem.13074065
de.mv.wk.027.gem.13074065.wbz.003,wahlbezirk,de.mv.gem.13074065
de.mv.wk.027.gem.13074065.wbz.004,wahlbezirk,de.mv.gem.13074065
de.mv.wk.027.gem.13074065.wbz.005,wahlbezirk,de.mv.gem.13074065
de.mv.wk.027.gem.13074066.wbz.001,wahlbezirk,de.mv.gem.13074066
de.mv.wk.027.gem.13074073.wbz.001,wahlbezirk,de.mv.gem.13074073
de.mv.wk.027.gem.13074078.wbz.001,wahlbezirk,de.mv.gem.13074078
de.mv.wk.027.gem.13074080.wbz.001,wahlbezirk,de.mv.gem.13074080
de.mv.wk.027.gem.13074092.wbz.001,wahlbezirk,de.mv.gem.13074092
de.mv.wk.027.gem.13074092.wbz.002,wahlbezirk,de.mv.gem.13074092
de.mv.wk.027.gem.13074758.wbz.901,briefwahlbezirk,de.mv.gem.13074758
de.mv.wk.027.gem.13074017.wbz.001,wahlbezirk,de.mv.gem.13074017
de.mv.wk.027.gem.13074017.wbz.002,wahlbezirk,de.mv.gem.13074017
de.mv.wk.027.gem.13074017.wbz.003,wahlbezirk,de.mv.gem.13074017
de.mv.wk.027.gem.13074017.wbz.004,wahlbezirk,de.mv.gem.13074017
de.mv.wk.027.gem.13074027.wbz.001,wahlbezirk,de.mv.gem.13074027
de.mv.wk.027.gem.13074029.wbz.001,wahlbezirk,de.mv.gem.13074029
de.mv.wk.027.gem.13074045.wbz.001,wahlbezirk,de.mv.gem.13074045
de.mv.wk.027.gem.13074049.wbz.001,wahlbezirk,de.mv.gem.13074049
de.mv.wk.027.gem.13074049.wbz.002,wahlbezirk,de.mv.gem.13074049
de.mv.wk.027.gem.13074049.wbz.003,wahlbezirk,de.mv.gem.13074049
de.mv.wk.027.gem.13074049.wbz.004,wahlbezirk,de.mv.gem.13074049
de.mv.wk.027.gem.13074052.wbz.001,wahlbezirk,de.mv.gem.13074052
de.mv.wk.027.gem.13074058.wbz.001,wahlbezirk,de.mv.gem.13074058
de.mv.wk.027.gem.13074067.wbz.001,wahlbezirk,de.mv.gem.13074067
de.mv.wk.027.gem.13074074.wbz.001,wahlbezirk,de.mv.gem.13074074
de.mv.wk.027.gem.13074074.wbz.002,wahlbezirk,de.mv.gem.13074074
de.mv.wk.027.gem.13074074.wbz.003,wahlbezirk,de.mv.gem.13074074
de.mv.wk.027.gem.13074076.wbz.001,wahlbezirk,de.mv.gem.13074076
de.mv.wk.027.gem.13074076.wbz.002,wahlbezirk,de.mv.gem.13074076
de.mv.wk.027.gem.13074759.wbz.901,briefwahlbezirk,de.mv.gem.13074759
de.mv.wk.028.gem.13074035.wbz.001,wahlbezirk,de.mv.gem.13074035
de.mv.wk.028.gem.13074035.wbz.901,briefwahlbezirk,de.mv.gem.13074035
de.mv.wk.028.gem.13074002.wbz.001,wahlbezirk,de.mv.gem.13074002
de.mv.wk.028.gem.13074002.wbz.002,wahlbezirk,de.mv.gem.13074002
de.mv.wk.028.gem.13074002.wbz.003,wahlbezirk,de.mv.gem.13074002
de.mv.wk.028.gem.13074003.wbz.001,wahlbezirk,de.mv.gem.13074003
de.mv.wk.028.gem.13074008.wbz.001,wahlbezirk,de.mv.gem.13074008
de.mv.wk.028.gem.13074008.wbz.002,wahlbezirk,de.mv.gem.13074008
de.mv.wk.028.gem.13074008.wbz.003,wahlbezirk,de.mv.gem.13074008
de.mv.wk.028.gem.13074019.wbz.001,wahlbezirk,de.mv.gem.13074019
de.mv.wk.028.gem.13074019.wbz.002,wahlbezirk,de.mv.gem.13074019
de.mv.wk.028.gem.13074019.wbz.003,wahlbezirk,de.mv.gem.13074019
de.mv.wk.028.gem.13074030.wbz.001,wahlbezirk,de.mv.gem.13074030
de.mv.wk.028.gem.13074031.wbz.001,wahlbezirk,de.mv.gem.13074031
de.mv.wk.028.gem.13074047.wbz.001,wahlbezirk,de.mv.gem.13074047
de.mv.wk.028.gem.13074047.wbz.002,wahlbezirk,de.mv.gem.13074047
de.mv.wk.028.gem.13074053.wbz.001,wahlbezirk,de.mv.gem.13074053
de.mv.wk.028.gem.13074082.wbz.001,wahlbezirk,de.mv.gem.13074082
de.mv.wk.028.gem.13074751.wbz.901,briefwahlbezirk,de.mv.gem.13074751
de.mv.wk.028.gem.13074020.wbz.001,wahlbezirk,de.mv.gem.13074020
de.mv.wk.028.gem.13074021.wbz.001,wahlbezirk,de.mv.gem.13074021
de.mv.wk.028.gem.13074021.wbz.002,wahlbezirk,de.mv.gem.13074021
de.mv.wk.028.gem.13074021.wbz.003,wahlbezirk,de.mv.gem.13074021
de.mv.wk.028.gem.13074021.wbz.004,wahlbezirk,de.mv.gem.13074021
de.mv.wk.028.gem.13074040.wbz.001,wahlbezirk,de.mv.gem.13074040
de.mv.wk.028.gem.13074043.wbz.001,wahlbezirk,de.mv.gem.13074043
de.mv.wk.028.gem.13074054.wbz.001,wahlbezirk,de.mv.gem.13074054
de.mv.wk.028.gem.13074068.wbz.001,wahlbezirk,de.mv.gem.13074068
de.mv.wk.028.gem.13074070.wbz.001,wahlbezirk,de.mv.gem.13074070
de.mv.wk.028.gem.13074081.wbz.001,wahlbezirk,de.mv.gem.13074081
de.mv.wk.028.gem.13074752.wbz.901,briefwahlbezirk,de.mv.gem.13074752
de.mv.wk.028.gem.13074001.wbz.001,wahlbezirk,de.mv.gem.13074001
de.mv.wk.028.gem.13074012.wbz.001,wahlbezirk,de.mv.gem.13074012
de.mv.wk.028.gem.13074012.wbz.002,wahlbezirk,de.mv.gem.13074012
de.mv.wk.028.gem.13074014.wbz.001,wahlbezirk,de.mv.gem.13074014
de.mv.wk.028.gem.13074015.wbz.001,wahlbezirk,de.mv.gem.13074015
de.mv.wk.028.gem.13074024.wbz.001,wahlbezirk,de.mv.gem.13074024
de.mv.wk.028.gem.13074025.wbz.001,wahlbezirk,de.mv.gem.13074025
de.mv.wk.028.gem.13074038.wbz.001,wahlbezirk,de.mv.gem.13074038
de.mv.wk.028.gem.13074048.wbz.001,wahlbezirk,de.mv.gem.13074048
de.mv.wk.028.gem.13074050.wbz.001,wahlbezirk,de.mv.gem.13074050
de.mv.wk.028.gem.13074050.wbz.002,wahlbezirk,de.mv.gem.13074050
de.mv.wk.028.gem.13074061.wbz.001,wahlbezirk,de.mv.gem.13074061
de.mv.wk.028.gem.13074062.wbz.001,wahlbezirk,de.mv.gem.13074062
de.mv.wk.028.gem.13074064.wbz.001,wahlbezirk,de.mv.gem.13074064
de.mv.wk.028.gem.13074072.wbz.001,wahlbezirk,de.mv.gem.13074072
de.mv.wk.028.gem.13074072.wbz.002,wahlbezirk,de.mv.gem.13074072
de.mv.wk.028.gem.13074075.wbz.001,wahlbezirk,de.mv.gem.13074075
de.mv.wk.028.gem.13074088.wbz.001,wahlbezirk,de.mv.gem.13074088
de.mv.wk.028.gem.13074755.wbz.901,briefwahlbezirk,de.mv.gem.13074755
de.mv.wk.028.gem.13074004.wbz.001,wahlbezirk,de.mv.gem.13074004
de.mv.wk.028.gem.13074007.wbz.001,wahlbezirk,de.mv.gem.13074007
de.mv.wk.028.gem.13074009.wbz.001,wahlbezirk,de.mv.gem.13074009
de.mv.wk.028.gem.13074034.wbz.001,wahlbezirk,de.mv.gem.13074034
de.mv.wk.028.gem.13074044.wbz.001,wahlbezirk,de.mv.gem.13074044
de.mv.wk.028.gem.13074056.wbz.001,wahlbezirk,de.mv.gem.13074056
de.mv.wk.028.gem.13074056.wbz.002,wahlbezirk,de.mv.gem.13074056
de.mv.wk.028.gem.13074756.wbz.901,briefwahlbezirk,de.mv.gem.13074756
de.mv.wk.028.gem.13074006.wbz.001,wahlbezirk,de.mv.gem.13074006
de.mv.wk.028.gem.13074023.wbz.001,wahlbezirk,de.mv.gem.13074023
de.mv.wk.028.gem.13074036.wbz.001,wahlbezirk,de.mv.gem.13074036
de.mv.wk.028.gem.13074046.wbz.001,wahlbezirk,de.mv.gem.13074046
de.mv.wk.028.gem.13074057.wbz.001,wahlbezirk,de.mv.gem.13074057
de.mv.wk.028.gem.13074057.wbz.002,wahlbezirk,de.mv.gem.13074057
de.mv.wk.028.gem.13074057.wbz.003,wahlbezirk,de.mv.gem.13074057
de.mv.wk.028.gem.13074060.wbz.001,wahlbezirk,de.mv.gem.13074060
de.mv.wk.028.gem.13074084.wbz.001,wahlbezirk,de.mv.gem.13074084
de.mv.wk.028.gem.13074084.wbz.002,wahlbezirk,de.mv.gem.13074084
de.mv.wk.028.gem.13074090.wbz.001,wahlbezirk,de.mv.gem.13074090
de.mv.wk.028.gem.13074091.wbz.001,wahlbezirk,de.mv.gem.13074091
de.mv.wk.028.gem.13074757.wbz.901,briefwahlbezirk,de.mv.gem.13074757
de.mv.wk.001.gem.13075039.wbz.011,wahlbezirk,de.mv.gem.13075039
de.mv.wk.001.gem.13075039.wbz.012,wahlbezirk,de.mv.gem.13075039
de.mv.wk.001.gem.13075039.wbz.013,wahlbezirk,de.mv.gem.13075039
de.mv.wk.001.gem.13075039.wbz.031,wahlbezirk,de.mv.gem.13075039
de.mv.wk.001.gem.13075039.wbz.032,wahlbezirk,de.mv.gem.13075039
de.mv.wk.001.gem.13075039.wbz.041,wahlbezirk,de.mv.gem.13075039
de.mv.wk.001.gem.13075039.wbz.042,wahlbezirk,de.mv.gem.13075039
de.mv.wk.001.gem.13075039.wbz.043,wahlbezirk,de.mv.gem.13075039
de.mv.wk.001.gem.13075039.wbz.051,wahlbezirk,de.mv.gem.13075039
de.mv.wk.001.gem.13075039.wbz.052,wahlbezirk,de.mv.gem.13075039
de.mv.wk.001.gem.13075039.wbz.053,wahlbezirk,de.mv.gem.13075039
de.mv.wk.001.gem.13075039.wbz.061,wahlbezirk,de.mv.gem.13075039
de.mv.wk.001.gem.13075039.wbz.062,wahlbezirk,de.mv.gem.13075039
de.mv.wk.001.gem.13075039.wbz.071,wahlbezirk,de.mv.gem.13075039
de.mv.wk.001.gem.13075039.wbz.072,wahlbezirk,de.mv.gem.13075039
de.mv.wk.001.gem.13075039.wbz.073,wahlbezirk,de.mv.gem.13075039
de.mv.wk.001.gem.13075039.wbz.074,wahlbezirk,de.mv.gem.13075039
de.mv.wk.001.gem.13075039.wbz.081,wahlbezirk,de.mv.gem.13075039
de.mv.wk.001.gem.13075039.wbz.082,wahlbezirk,de.mv.gem.13075039
de.mv.wk.001.gem.13075039.wbz.083,wahlbezirk,de.mv.gem.13075039
de.mv.wk.001.gem.13075039.wbz.084,wahlbezirk,de.mv.gem.13075039
de.mv.wk.001.gem.13075039.wbz.085,wahlbezirk,de.mv.gem.13075039
de.mv.wk.001.gem.13075039.wbz.086,wahlbezirk,de.mv.gem.13075039
de.mv.wk.001.gem.13075039.wbz.087,wahlbezirk,de.mv.gem.13075039
de.mv.wk.001.gem.13075039.wbz.091,wahlbezirk,de.mv.gem.13075039
de.mv.wk.001.gem.13075039.wbz.092,wahlbezirk,de.mv.gem.13075039
de.mv.wk.001.gem.13075039.wbz.093,wahlbezirk,de.mv.gem.13075039
de.mv.wk.001.gem.13075039.wbz.094,wahlbezirk,de.mv.gem.13075039
de.mv.wk.001.gem.13075039.wbz.095,wahlbezirk,de.mv.gem.13075039
de.mv.wk.001.gem.13075039.wbz.101,wahlbezirk,de.mv.gem.13075039
de.mv.wk.001.gem.13075039.wbz.111,wahlbezirk,de.mv.gem.13075039
de.mv.wk.001.gem.13075039.wbz.131,wahlbezirk,de.mv.gem.13075039
de.mv.wk.001.gem.13075039.wbz.141,wahlbezirk,de.mv.gem.13075039
de.mv.wk.001.gem.13075039.wbz.151,wahlbezirk,de.mv.gem.13075039
de.mv.wk.001.gem.13075039.wbz.161,wahlbezirk,de.mv.gem.13075039
de.mv.wk.001.gem.13075039.wbz.911,briefwahlbezirk,de.mv.gem.13075039
de.mv.wk.001.gem.13075039.wbz.912,briefwahlbezirk,de.mv.gem.13075039
de.mv.wk.001.gem.13075039.wbz.913,briefwahlbezirk,de.mv.gem.13075039
de.mv.wk.001.gem.13075039.wbz.921,briefwahlbezirk,de.mv.gem.13075039
de.mv.wk.001.gem.13075039.wbz.922,briefwahlbezirk,de.mv.gem.13075039
de.mv.wk.001.gem.13075039.wbz.923,briefwahlbezirk,de.mv.gem.13075039
de.mv.wk.001.gem.13075039.wbz.931,briefwahlbezirk,de.mv.gem.13075039
de.mv.wk.001.gem.13075039.wbz.932,briefwahlbezirk,de.mv.gem.13075039
de.mv.wk.001.gem.13075039.wbz.941,briefwahlbezirk,de.mv.gem.13075039
de.mv.wk.001.gem.13075039.wbz.942,briefwahlbezirk,de.mv.gem.13075039
de.mv.wk.013.gem.13075002.wbz.001,wahlbezirk,de.mv.gem.13075002
de.mv.wk.013.gem.13075009.wbz.001,wahlbezirk,de.mv.gem.13075009
de.mv.wk.013.gem.13075023.wbz.001,wahlbezirk,de.mv.gem.13075023
de.mv.wk.013.gem.13075054.wbz.001,wahlbezirk,de.mv.gem.13075054
de.mv.wk.013.gem.13075054.wbz.002,wahlbezirk,de.mv.gem.13075054
de.mv.wk.013.gem.13075054.wbz.003,wahlbezirk,de.mv.gem.13075054
de.mv.wk.013.gem.13075054.wbz.004,wahlbezirk,de.mv.gem.13075054
de.mv.wk.013.gem.13075070.wbz.001,wahlbezirk,de.mv.gem.13075070
de.mv.wk.013.gem.13075134.wbz.001,wahlbezirk,de.mv.gem.13075134
de.mv.wk.013.gem.13075140.wbz.001,wahlbezirk,de.mv.gem.13075140
de.mv.wk.013.gem.13075754.wbz.901,briefwahlbezirk,de.mv.gem.13075754
de.mv.wk.013.gem.13075036.wbz.001,wahlbezirk,de.mv.gem.13075036
de.mv.wk.013.gem.13075082.wbz.001,wahlbezirk,de.mv.gem.13075082
de.mv.wk.013.gem.13075082.wbz.002,wahlbezirk,de.mv.gem.13075082
de.mv.wk.013.gem.13075082.wbz.003,wahlbezirk,de.mv.gem.13075082
de.mv.wk.013.gem.13075082.wbz.004,wahlbezirk,de.mv.gem.13075082
de.mv.wk.013.gem.13075082.wbz.005,wahlbezirk,de.mv.gem.13075082
de.mv.wk.013.gem.13075082.wbz.006,wahlbezirk,de.mv.gem.13075082
de.mv.wk.013.gem.13075123.wbz.001,wahlbezirk,de.mv.gem.13075123
de.mv.wk.013.gem.13075123.wbz.002,wahlbezirk,de.mv.gem.13075123
de.mv.wk.013.gem.13075758.wbz.901,briefwahlbezirk,de.mv.gem.13075758
de.mv.wk.029.gem.13075005.wbz.001,wahlbezirk,de.mv.gem.13075005
de.mv.wk.029.gem.13075005.wbz.002,wahlbezirk,de.mv.gem.13075005
de.mv.wk.029.gem.13075005.wbz.003,wahlbezirk,de.mv.gem.13075005
de.mv.wk.029.gem.13075005.wbz.004,wahlbezirk,de.mv.gem.13075005
de.mv.wk.029.gem.13075005.wbz.005,wahlbezirk,de.mv.gem.13075005
de.mv.wk.029.gem.13075005.wbz.006,wahlbezirk,de.mv.gem.13075005
de.mv.wk.029.gem.13075005.wbz.007,wahlbezirk,de.mv.gem.13075005
de.mv.wk.029.gem.13075005.wbz.008,wahlbezirk,de.mv.gem.13075005
de.mv.wk.029.gem.13075005.wbz.009,wahlbezirk,de.mv.gem.13075005
de.mv.wk.029.gem.13075005.wbz.901,briefwahlbezirk,de.mv.gem.13075005
de.mv.wk.029.gem.13075005.wbz.902,briefwahlbezirk,de.mv.gem.13075005
de.mv.wk.029.gem.13075007.wbz.001,wahlbezirk,de.mv.gem.13075007
de.mv.wk.029.gem.13075013.wbz.001,wahlbezirk,de.mv.gem.13075013
de.mv.wk.029.gem.13075015.wbz.001,wahlbezirk,de.mv.gem.13075015
de.mv.wk.029.gem.13075015.wbz.002,wahlbezirk,de.mv.gem.13075015
de.mv.wk.029.gem.13075020.wbz.001,wahlbezirk,de.mv.gem.13075020
de.mv.wk.029.gem.13075022.wbz.001,wahlbezirk,de.mv.gem.13075022
de.mv.wk.029.gem.13075029.wbz.001,wahlbezirk,de.mv.gem.13075029
de.mv.wk.029.gem.13075029.wbz.002,wahlbezirk,de.mv.gem.13075029
de.mv.wk.029.gem.13075053.wbz.001,wahlbezirk,de.mv.gem.13075053
de.mv.wk.029.gem.13075068.wbz.001,wahlbezirk,de.mv.gem.13075068
de.mv.wk.029.gem.13075073.wbz.001,wahlbezirk,de.mv.gem.13075073
de.mv.wk.029.gem.13075088.wbz.001,wahlbezirk,de.mv.gem.13075088
de.mv.wk.029.gem.13075098.wbz.001,wahlbezirk,de.mv.gem.13075098
de.mv.wk.029.gem.13075101.wbz.001,wahlbezirk,de.mv.gem.13075101
de.mv.wk.029.gem.13075110.wbz.001,wahlbezirk,de.mv.gem.13075110
de.mv.wk.029.gem.13075116.wbz.001,wahlbezirk,de.mv.gem.13075116
de.mv.wk.029.gem.13075122.wbz.001,wahlbezirk,de.mv.gem.13075122
de.mv.wk.029.gem.13075127.wbz.001,wahlbezirk,de.mv.gem.13075127
de.mv.wk.029.gem.13075128.wbz.001,wahlbezirk,de.mv.gem.13075128
de.mv.wk.029.gem.13075155.wbz.001,wahlbezirk,de.mv.gem.13075155
de.mv.wk.029.gem.13075155.wbz.002,wahlbezirk,de.mv.gem.13075155
de.mv.wk.029.gem.13075753.wbz.901,briefwahlbezirk,de.mv.gem.13075753
de.mv.wk.029.gem.13075008.wbz.001,wahlbezirk,de.mv.gem.13075008
de.mv.wk.029.gem.13075025.wbz.001,wahlbezirk,de.mv.gem.13075025
de.mv.wk.029.gem.13075027.wbz.001,wahlbezirk,de.mv.gem.13075027
de.mv.wk.029.gem.13075028.wbz.001,wahlbezirk,de.mv.gem.13075028
de.mv.wk.029.gem.13075050.wbz.001,wahlbezirk,de.mv.gem.13075050
de.mv.wk.029.gem.13075076.wbz.001,wahlbezirk,de.mv.gem.13075076
de.mv.wk.029.gem.13075091.wbz.001,wahlbezirk,de.mv.gem.13075091
de.mv.wk.029.gem.13075102.wbz.001,wahlbezirk,de.mv.gem.13075102
de.mv.wk.029.gem.13075141.wbz.001,wahlbezirk,de.mv.gem.13075141
de.mv.wk.029.gem.13075142.wbz.001,wahlbezirk,de.mv.gem.13075142
de.mv.wk.029.gem.13075755.wbz.901,briefwahlbezirk,de.mv.gem.13075755
de.mv.wk.029.gem.13075006.wbz.001,wahlbezirk,de.mv.gem.13075006
de.mv.wk.029.gem.13075040.wbz.001,wahlbezirk,de.mv.gem.13075040
de.mv.wk.029.gem.13075041.wbz.001,wahlbezirk,de.mv.gem.13075041
de.mv.wk.029.gem.13075043.wbz.001,wahlbezirk,de.mv.gem.13075043
de.mv.wk.029.gem.13075044.wbz.001,wahlbezirk,de.mv.gem.13075044
de.mv.wk.029.gem.13075044.wbz.002,wahlbezirk,de.mv.gem.13075044
de.mv.wk.029.gem.13075044.wbz.003,wahlbezirk,de.mv.gem.13075044
de.mv.wk.029.gem.13075057.wbz.001,wahlbezirk,de.mv.gem.13075057
de.mv.wk.029.gem.13075061.wbz.001,wahlbezirk,de.mv.gem.13075061
de.mv.wk.029.gem.13075086.wbz.001,wahlbezirk,de.mv.gem.13075086
de.mv.wk.029.gem.13075094.wbz.001,wahlbezirk,de.mv.gem.13075094
de.mv.wk.029.gem.13075121.wbz.001,wahlbezirk,de.mv.gem.13075121
de.mv.wk.029.gem.13075125.wbz.001,wahlbezirk,de.mv.gem.13075125
de.mv.wk.029.gem.13075145.wbz.001,wahlbezirk,de.mv.gem.13075145
de.mv.wk.029.gem.13075150.wbz.001,wahlbezirk,de.mv.gem.13075150
de.mv.wk.029.gem.13075154.wbz.001,wahlbezirk,de.mv.gem.13075154
de.mv.wk.029.gem.13075763.wbz.901,briefwahlbezirk,de.mv.gem.13075763
de.mv.wk.030.gem.13075049.wbz.001,wahlbezirk,de.mv.gem.13075049
de.mv.wk.030.gem.13075049.wbz.002,wahlbezirk,de.mv.gem.13075049
de.mv.wk.030.gem.13075049.wbz.003,wahlbezirk,de.mv.gem.13075049
de.mv.wk.030.gem.13075049.wbz.004,wahlbezirk,de.mv.gem.13075049
de.mv.wk.030.gem.13075049.wbz.005,wahlbezirk,de.mv.gem.13075049
de.mv.wk.030.gem.13075049.wbz.006,wahlbezirk,de.mv.gem.13075049
de.mv.wk.030.gem.13075049.wbz.901,briefwahlbezirk,de.mv.gem.13075049
de.mv.wk.030.gem.13075021.wbz.001,wahlbezirk,de.mv.gem.13075021
de.mv.wk.030.gem.13075072.wbz.001,wahlbezirk,de.mv.gem.13075072
de.mv.wk.030.gem.13075074.wbz.001,wahlbezirk,de.mv.gem.13075074
de.mv.wk.030.gem.13075087.wbz.001,wahlbezirk,de.mv.gem.13075087
de.mv.wk.030.gem.13075124.wbz.001,wahlbezirk,de.mv.gem.13075124
de.mv.wk.030.gem.13075144.wbz.001,wahlbezirk,de.mv.gem.13075144
de.mv.wk.030.gem.13075144.wbz.003,wahlbezirk,de.mv.gem.13075144
de.mv.wk.030.gem.13075144.wbz.004,wahlbezirk,de.mv.gem.13075144
de.mv.wk.030.gem.13075144.wbz.005,wahlbezirk,de.mv.gem.13075144
de.mv.wk.030.gem.13075144.wbz.007,wahlbezirk,de.mv.gem.13075144
de.mv.wk.030.gem.13075144.wbz.008,wahlbezirk,de.mv.gem.13075144
de.mv.wk.030.gem.13075144.wbz.010,wahlbezirk,de.mv.gem.13075144
de.mv.wk.030.gem.13075144.wbz.011,wahlbezirk,de.mv.gem.13075144
de.mv.wk.030.gem.13075147.wbz.001,wahlbezirk,de.mv.gem.13075147
de.mv.wk.030.gem.13075751.wbz.901,briefwahlbezirk,de.mv.gem.13075751
de.mv.wk.030.gem.13075018.wbz.001,wahlbezirk,de.mv.gem.13075018
de.mv.wk.030.gem.13075046.wbz.001,wahlbezirk,de.mv.gem.13075046
de.mv.wk.030.gem.13075059.wbz.001,wahlbezirk,de.mv.gem.13075059
de.mv.wk.030.gem.13075060.wbz.001,wahlbezirk,de.mv.gem.13075060
de.mv.wk.030.gem.13075069.wbz.001,wahlbezirk,de.mv.gem.13075069
de.mv.wk.030.gem.13075069.wbz.002,wahlbezirk,de.mv.gem.13075069
de.mv.wk.030.gem.13075081.wbz.001,wahlbezirk,de.mv.gem.13075081
de.mv.wk.030.gem.13075083.wbz.001,wahlbezirk,de.mv.gem.13075083
de.mv.wk.030.gem.13075097.wbz.001,wahlbezirk,de.mv.gem.13075097
de.mv.wk.030.gem.13075120.wbz.001,wahlbezirk,de.mv.gem.13075120
de.mv.wk.030.gem.13075146.wbz.001,wahlbezirk,de.mv.gem.13075146
de.mv.wk.030.gem.13075146.wbz.002,wahlbezirk,de.mv.gem.13075146
de.mv.wk.030.gem.13075146.wbz.003,wahlbezirk,de.mv.gem.13075146
de.mv.wk.030.gem.13075757.wbz.901,briefwahlbezirk,de.mv.gem.13075757
de.mv.wk.030.gem.13075058.wbz.001,wahlbezirk,de.mv.gem.13075058
de.mv.wk.030.gem.13075058.wbz.002,wahlbezirk,de.mv.gem.13075058
de.mv.wk.030.gem.13075092.wbz.001,wahlbezirk,de.mv.gem.13075092
de.mv.wk.030.gem.13075106.wbz.001,wahlbezirk,de.mv.gem.13075106
de.mv.wk.030.gem.13075133.wbz.001,wahlbezirk,de.mv.gem.13075133
de.mv.wk.030.gem.13075151.wbz.001,wahlbezirk,de.mv.gem.13075151
de.mv.wk.030.gem.13075151.wbz.002,wahlbezirk,de.mv.gem.13075151
de.mv.wk.030.gem.13075151.wbz.003,wahlbezirk,de.mv.gem.13075151
de.mv.wk.030.gem.13075761.wbz.901,briefwahlbezirk,de.mv.gem.13075761
de.mv.wk.030.gem.13075010.wbz.001,wahlbezirk,de.mv.gem.13075010
de.mv.wk.030.gem.13075010.wbz.002,wahlbezirk,de.mv.gem.13075010
de.mv.wk.030.gem.13075010.wbz.003,wahlbezirk,de.mv.gem.13075010
de.mv.wk.030.gem.13075026.wbz.001,wahlbezirk,de.mv.gem.13075026
de.mv.wk.030.gem.13075034.wbz.001,wahlbezirk,de.mv.gem.13075034
de.mv.wk.030.gem.13075056.wbz.001,wahlbezirk,de.mv.gem.13075056
de.mv.wk.030.gem.13075065.wbz.001,wahlbezirk,de.mv.gem.13075065
de.mv.wk.030.gem.13075066.wbz.001,wahlbezirk,de.mv.gem.13075066
de.mv.wk.030.gem.13075080.wbz.001,wahlbezirk,de.mv.gem.13075080
de.mv.wk.030.gem.13075090.wbz.001,wahlbezirk,de.mv.gem.13075090
de.mv.wk.030.gem.13075090.wbz.002,wahlbezirk,de.mv.gem.13075090
de.mv.wk.030.gem.13075111.wbz.001,wahlbezirk,de.mv.gem.13075111
de.mv.wk.030.gem.13075114.wbz.001,wahlbezirk,de.mv.gem.13075114
de.mv.wk.030.gem.13075129.wbz.001,wahlbezirk,de.mv.gem.13075129
de.mv.wk.030.gem.13075135.wbz.001,wahlbezirk,de.mv.gem.13075135
de.mv.wk.030.gem.13075137.wbz.001,wahlbezirk,de.mv.gem.13075137
de.mv.wk.030.gem.13075148.wbz.001,wahlbezirk,de.mv.gem.13075148
de.mv.wk.030.gem.13075152.wbz.001,wahlbezirk,de.mv.gem.13075152
de.mv.wk.030.gem.13075762.wbz.901,briefwahlbezirk,de.mv.gem.13075762
de.mv.wk.035.gem.13075136.wbz.001,wahlbezirk,de.mv.gem.13075136
de.mv.wk.035.gem.13075136.wbz.002,wahlbezirk,de.mv.gem.13075136
de.mv.wk.035.gem.13075136.wbz.003,wahlbezirk,de.mv.gem.13075136
de.mv.wk.035.gem.13075136.wbz.004,wahlbezirk,de.mv.gem.13075136
de.mv.wk.035.gem.13075136.wbz.005,wahlbezirk,de.mv.gem.13075136
de.mv.wk.035.gem.13075136.wbz.006,wahlbezirk,de.mv.gem.13075136
de.mv.wk.035.gem.13075136.wbz.007,wahlbezirk,de.mv.gem.13075136
de.mv.wk.035.gem.13075136.wbz.008,wahlbezirk,de.mv.gem.13075136
de.mv.wk.035.gem.13075136.wbz.009,wahlbezirk,de.mv.gem.13075136
de.mv.wk.035.gem.13075136.wbz.010,wahlbezirk,de.mv.gem.13075136
de.mv.wk.035.gem.13075136.wbz.905,briefwahlbezirk,de.mv.gem.13075136
de.mv.wk.035.gem.13075001.wbz.001,wahlbezirk,de.mv.gem.13075001
de.mv.wk.035.gem.13075003.wbz.001,wahlbezirk,de.mv.gem.13075003
de.mv.wk.035.gem.13075003.wbz.002,wahlbezirk,de.mv.gem.13075003
de.mv.wk.035.gem.13075031.wbz.001,wahlbezirk,de.mv.gem.13075031
de.mv.wk.035.gem.13075031.wbz.002,wahlbezirk,de.mv.gem.13075031
de.mv.wk.035.gem.13075031.wbz.003,wahlbezirk,de.mv.gem.13075031
de.mv.wk.035.gem.13075031.wbz.004,wahlbezirk,de.mv.gem.13075031
de.mv.wk.035.gem.13075031.wbz.005,wahlbezirk,de.mv.gem.13075031
de.mv.wk.035.gem.13075037.wbz.001,wahlbezirk,de.mv.gem.13075037
de.mv.wk.035.gem.13075051.wbz.001,wahlbezirk,de.mv.gem.13075051
de.mv.wk.035.gem.13075075.wbz.001,wahlbezirk,de.mv.gem.13075075
de.mv.wk.035.gem.13075078.wbz.001,wahlbezirk,de.mv.gem.13075078
de.mv.wk.035.gem.13075084.wbz.001,wahlbezirk,de.mv.gem.13075084
de.mv.wk.035.gem.13075085.wbz.001,wahlbezirk,de.mv.gem.13075085
de.mv.wk.035.gem.13075085.wbz.002,wahlbezirk,de.mv.gem.13075085
de.mv.wk.035.gem.13075089.wbz.001,wahlbezirk,de.mv.gem.13075089
de.mv.wk.035.gem.13075093.wbz.001,wahlbezirk,de.mv.gem.13075093
de.mv.wk.035.gem.13075139.wbz.001,wahlbezirk,de.mv.gem.13075139
de.mv.wk.035.gem.13075139.wbz.002,wahlbezirk,de.mv.gem.13075139
de.mv.wk.035.gem.13075752.wbz.901,briefwahlbezirk,de.mv.gem.13075752
de.mv.wk.035.gem.13075004.wbz.001,wahlbezirk,de.mv.gem.13075004
de.mv.wk.035.gem.13075004.wbz.002,wahlbezirk,de.mv.gem.13075004
de.mv.wk.035.gem.13075033.wbz.001,wahlbezirk,de.mv.gem.13075033
de.mv.wk.035.gem.13075033.wbz.002,wahlbezirk,de.mv.gem.13075033
de.mv.wk.035.gem.13075045.wbz.001,wahlbezirk,de.mv.gem.13075045
de.mv.wk.035.gem.13075048.wbz.001,wahlbezirk,de.mv.gem.13075048
de.mv.wk.035.gem.13075118.wbz.001,wahlbezirk,de.mv.gem.13075118
de.mv.wk.035.gem.13075131.wbz.001,wahlbezirk,de.mv.gem.13075131
de.mv.wk.035.gem.13075131.wbz.002,wahlbezirk,de.mv.gem.13075131
de.mv.wk.035.gem.13075131.wbz.003,wahlbezirk,de.mv.gem.13075131
de.mv.wk.035.gem.13075131.wbz.004,wahlbezirk,de.mv.gem.13075131
de.mv.wk.035.gem.13075131.wbz.005,wahlbezirk,de.mv.gem.13075131
de.mv.wk.035.gem.13075131.wbz.006,wahlbezirk,de.mv.gem.13075131
de.mv.wk.035.gem.13075131.wbz.007,wahlbezirk,de.mv.gem.13075131
de.mv.wk.035.gem.13075131.wbz.008,wahlbezirk,de.mv.gem.13075131
de.mv.wk.035.gem.13075143.wbz.001,wahlbezirk,de.mv.gem.13075143
de.mv.wk.035.gem.13075143.wbz.002,wahlbezirk,de.mv.gem.13075143
de.mv.wk.035.gem.13075759.wbz.901,briefwahlbezirk,de.mv.gem.13075759
de.mv.wk.036.gem.13075105.wbz.001,wahlbezirk,de.mv.gem.13075105
de.mv.wk.036.gem.13075105.wbz.002,wahlbezirk,de.mv.gem.13075105
de.mv.wk.036.gem.13075105.wbz.003,wahlbezirk,de.mv.gem.13075105
de.mv.wk.036.gem.13075105.wbz.004,wahlbezirk,de.mv.gem.13075105
de.mv.wk.036.gem.13075105.wbz.005,wahlbezirk,de.mv.gem.13075105
de.mv.wk.036.gem.13075105.wbz.006,wahlbezirk,de.mv.gem.13075105
de.mv.wk.036.gem.13075105.wbz.007,wahlbezirk,de.mv.gem.13075105
de.mv.wk.036.gem.13075105.wbz.902,briefwahlbezirk,de.mv.gem.13075105
de.mv.wk.036.gem.13075130.wbz.001,wahlbezirk,de.mv.gem.13075130
de.mv.wk.036.gem.13075130.wbz.002,wahlbezirk,de.mv.gem.13075130
de.mv.wk.036.gem.13075130.wbz.003,wahlbezirk,de.mv.gem.13075130
de.mv.wk.036.gem.13075130.wbz.004,wahlbezirk,de.mv.gem.13075130
de.mv.wk.036.gem.13075130.wbz.005,wahlbezirk,de.mv.gem.13075130
de.mv.wk.036.gem.13075130.wbz.903,briefwahlbezirk,de.mv.gem.13075130
de.mv.wk.036.gem.13075011.wbz.001,wahlbezirk,de.mv.gem.13075011
de.mv.wk.036.gem.13075012.wbz.001,wahlbezirk,de.mv.gem.13075012
de.mv.wk.036.gem.13075012.wbz.002,wahlbezirk,de.mv.gem.13075012
de.mv.wk.036.gem.13075016.wbz.001,wahlbezirk,de.mv.gem.13075016
de.mv.wk.036.gem.13075035.wbz.001,wahlbezirk,de.mv.gem.13075035
de.mv.wk.036.gem.13075038.wbz.001,wahlbezirk,de.mv.gem.13075038
de.mv.wk.036.gem.13075038.wbz.002,wahlbezirk,de.mv.gem.13075038
de.mv.wk.036.gem.13075067.wbz.001,wahlbezirk,de.mv.gem.13075067
de.mv.wk.036.gem.13075079.wbz.001,wahlbezirk,de.mv.gem.13075079
de.mv.wk.036.gem.13075079.wbz.002,wahlbezirk,de.mv.gem.13075079
de.mv.wk.036.gem.13075079.wbz.003,wahlbezirk,de.mv.gem.13075079
de.mv.wk.036.gem.13075095.wbz.001,wahlbezirk,de.mv.gem.13075095
de.mv.wk.036.gem.13075107.wbz.001,wahlbezirk,de.mv.gem.13075107
de.mv.wk.036.gem.13075107.wbz.002,wahlbezirk,de.mv.gem.13075107
de.mv.wk.036.gem.13075107.wbz.003,wahlbezirk,de.mv.gem.13075107
de.mv.wk.036.gem.13075107.wbz.004,wahlbezirk,de.mv.gem.13075107
de.mv.wk.036.gem.13075107.wbz.005,wahlbezirk,de.mv.gem.13075107
de.mv.wk.036.gem.13075108.wbz.001,wahlbezirk,de.mv.gem.13075108
de.mv.wk.036.gem.13075113.wbz.001,wahlbezirk,de.mv.gem.13075113
de.mv.wk.036.gem.13075113.wbz.002,wahlbezirk,de.mv.gem.13075113
de.mv.wk.036.gem.13075117.wbz.001,wahlbezirk,de.mv.gem.13075117
de.mv.wk.036.gem.13075119.wbz.001,wahlbezirk,de.mv.gem.13075119
de.mv.wk.036.gem.13075119.wbz.002,wahlbezirk,de.mv.gem.13075119
de.mv.wk.036.gem.13075119.wbz.003,wahlbezirk,de.mv.gem.13075119
de.mv.wk.036.gem.13075756.wbz.901,briefwahlbezirk,de.mv.gem.13075756
de.mv.wk.036.gem.13075017.wbz.001,wahlbezirk,de.mv.gem.13075017
de.mv.wk.036.gem.13075032.wbz.001,wahlbezirk,de.mv.gem.13075032
de.mv.wk.036.gem.13075042.wbz.001,wahlbezirk,de.mv.gem.13075042
de.mv.wk.036.gem.13075055.wbz.001,wahlbezirk,de.mv.gem.13075055
de.mv.wk.036.gem.13075055.wbz.002,wahlbezirk,de.mv.gem.13075055
de.mv.wk.036.gem.13075055.wbz.003,wahlbezirk,de.mv.gem.13075055
de.mv.wk.036.gem.13075055.wbz.004,wahlbezirk,de.mv.gem.13075055
de.mv.wk.036.gem.13075055.wbz.005,wahlbezirk,de.mv.gem.13075055
de.mv.wk.036.gem.13075055.wbz.006,wahlbezirk,de.mv.gem.13075055
de.mv.wk.036.gem.13075063.wbz.001,wahlbezirk,de.mv.gem.13075063
de.mv.wk.036.gem.13075071.wbz.001,wahlbezirk,de.mv.gem.13075071
de.mv.wk.036.gem.13075103.wbz.001,wahlbezirk,de.mv.gem.13075103
de.mv.wk.036.gem.13075104.wbz.001,wahlbezirk,de.mv.gem.13075104
de.mv.wk.036.gem.13075109.wbz.001,wahlbezirk,de.mv.gem.13075109
de.mv.wk.036.gem.13075115.wbz.001,wahlbezirk,de.mv.gem.13075115
de.mv.wk.036.gem.13075115.wbz.002,wahlbezirk,de.mv.gem.13075115
de.mv.wk.036.gem.13075115.wbz.003,wahlbezirk,de.mv.gem.13075115
de.mv.wk.036.gem.13075126.wbz.001,wahlbezirk,de.mv.gem.13075126
de.mv.wk.036.gem.13075138.wbz.001,wahlbezirk,de.mv.gem.13075138
de.mv.wk.036.gem.13075138.wbz.002,wahlbezirk,de.mv.gem.13075138
de.mv.wk.036.gem.13075138.wbz.003,wahlbezirk,de.mv.gem.13075138
de.mv.wk.036.gem.13075149.wbz.001,wahlbezirk,de.mv.gem.13075149
de.mv.wk.036.gem.13075760.wbz.901,briefwahlbezirk,de.mv.gem.13075760
de.mv.wk.017.gem.13076014.wbz.001,wahlbezirk,de.mv.gem.13076014
de.mv.wk.017.gem.13076014.wbz.002,wahlbezirk,de.mv.gem.13076014
de.mv.wk.017.gem.13076014.wbz.003,wahlbezirk,de.mv.gem.13076014
de.mv.wk.017.gem.13076014.wbz.004,wahlbezirk,de.mv.gem.13076014
de.mv.wk.017.gem.13076014.wbz.005,wahlbezirk,de.mv.gem.13076014
de.mv.wk.017.gem.13076014.wbz.006,wahlbezirk,de.mv.gem.13076014
de.mv.wk.017.gem.13076014.wbz.007,wahlbezirk,de.mv.gem.13076014
de.mv.wk.017.gem.13076014.wbz.008,wahlbezirk,de.mv.gem.13076014
de.mv.wk.017.gem.13076014.wbz.009,wahlbezirk,de.mv.gem.13076014
de.mv.wk.017.gem.13076014.wbz.010,wahlbezirk,de.mv.gem.13076014
de.mv.wk.017.gem.13076014.wbz.011,wahlbezirk,de.mv.gem.13076014
de.mv.wk.017.gem.13076014.wbz.901,briefwahlbezirk,de.mv.gem.13076014
de.mv.wk.017.gem.13076088.wbz.001,wahlbezirk,de.mv.gem.13076088
de.mv.wk.017.gem.13076088.wbz.002,wahlbezirk,de.mv.gem.13076088
de.mv.wk.017.gem.13076088.wbz.003,wahlbezirk,de.mv.gem.13076088
de.mv.wk.017.gem.13076088.wbz.004,wahlbezirk,de.mv.gem.13076088
de.mv.wk.017.gem.13076088.wbz.005,wahlbezirk,de.mv.gem.13076088
de.mv.wk.017.gem.13076088.wbz.006,wahlbezirk,de.mv.gem.13076088
de.mv.wk.017.gem.13076088.wbz.007,wahlbezirk,de.mv.gem.13076088
de.mv.wk.017.gem.13076088.wbz.901,briefwahlbezirk,de.mv.gem.13076088
de.mv.wk.017.gem.13076009.wbz.001,wahlbezirk,de.mv.gem.13076009
de.mv.wk.017.gem.13076010.wbz.001,wahlbezirk,de.mv.gem.13076010
de.mv.wk.017.gem.13076016.wbz.001,wahlbezirk,de.mv.gem.13076016
de.mv.wk.017.gem.13076030.wbz.001,wahlbezirk,de.mv.gem.13076030
de.mv.wk.017.gem.13076054.wbz.001,wahlbezirk,de.mv.gem.13076054
de.mv.wk.017.gem.13076055.wbz.001,wahlbezirk,de.mv.gem.13076055
de.mv.wk.017.gem.13076102.wbz.001,wahlbezirk,de.mv.gem.13076102
de.mv.wk.017.gem.13076106.wbz.001,wahlbezirk,de.mv.gem.13076106
de.mv.wk.017.gem.13076122.wbz.001,wahlbezirk,de.mv.gem.13076122
de.mv.wk.017.gem.13076136.wbz.001,wahlbezirk,de.mv.gem.13076136
de.mv.wk.017.gem.13076138.wbz.001,wahlbezirk,de.mv.gem.13076138
de.mv.wk.017.gem.13076752.wbz.901,briefwahlbezirk,de.mv.gem.13076752
de.mv.wk.017.gem.13076034.wbz.001,wahlbezirk,de.mv.gem.13076034
de.mv.wk.017.gem.13076034.wbz.002,wahlbezirk,de.mv.gem.13076034
de.mv.wk.017.gem.13076034.wbz.003,wahlbezirk,de.mv.gem.13076034
de.mv.wk.017.gem.13076034.wbz.004,wahlbezirk,de.mv.gem.13076034
de.mv.wk.017.gem.13076034.wbz.005,wahlbezirk,de.mv.gem.13076034
de.mv.wk.017.gem.13076053.wbz.001,wahlbezirk,de.mv.gem.13076053
de.mv.wk.017.gem.13076067.wbz.001,wahlbezirk,de.mv.gem.13076067
de.mv.wk.017.gem.13076093.wbz.001,wahlbezirk,de.mv.gem.13076093
de.mv.wk.017.gem.13076094.wbz.001,wahlbezirk,de.mv.gem.13076094
de.mv.wk.017.gem.13076103.wbz.001,wahlbezirk,de.mv.gem.13076103
de.mv.wk.017.gem.13076103.wbz.002,wahlbezirk,de.mv.gem.13076103
de.mv.wk.017.gem.13076143.wbz.001,wahlbezirk,de.mv.gem.13076143
de.mv.wk.017.gem.13076754.wbz.901,briefwahlbezirk,de.mv.gem.13076754
de.mv.wk.017.gem.13076039.wbz.001,wahlbezirk,de.mv.gem.13076039
de.mv.wk.017.gem.13076073.wbz.001,wahlbezirk,de.mv.gem.13076073
de.mv.wk.017.gem.13076092.wbz.001,wahlbezirk,de.mv.gem.13076092
de.mv.wk.017.gem.13076092.wbz.002,wahlbezirk,de.mv.gem.13076092
de.mv.wk.017.gem.13076142.wbz.001,wahlbezirk,de.mv.gem.13076142
de.mv.wk.017.gem.13076142.wbz.002,wahlbezirk,de.mv.gem.13076142
de.mv.wk.017.gem.13076142.wbz.003,wahlbezirk,de.mv.gem.13076142
de.mv.wk.017.gem.13076142.wbz.004,wahlbezirk,de.mv.gem.13076142
de.mv.wk.017.gem.13076142.wbz.005,wahlbezirk,de.mv.gem.13076142
de.mv.wk.017.gem.13076142.wbz.006,wahlbezirk,de.mv.gem.13076142
de.mv.wk.017.gem.13076142.wbz.007,wahlbezirk,de.mv.gem.13076142
de.mv.wk.017.gem.13076159.wbz.001,wahlbezirk,de.mv.gem.13076159
de.mv.wk.017.gem.13076159.wbz.002,wahlbezirk,de.mv.gem.13076159
de.mv.wk.017.gem.13076159.wbz.003,wahlbezirk,de.mv.gem.13076159
de.mv.wk.017.gem.13076159.wbz.004,wahlbezirk,de.mv.gem.13076159
de.mv.wk.017.gem.13076159.wbz.005,wahlbezirk,de.mv.gem.13076159
de.mv.wk.017.gem.13076159.wbz.006,wahlbezirk,de.mv.gem.13076159
de.mv.wk.017.gem.13076767.wbz.901,briefwahlbezirk,de.mv.gem.13076767
de.mv.wk.018.gem.13076060.wbz.001,wahlbezirk,de.mv.gem.13076060
de.mv.wk.018.gem.13076060.wbz.002,wahlbezirk,de.mv.gem.13076060
de.mv.wk.018.gem.13076060.wbz.003,wahlbezirk,de.mv.gem.13076060
de.mv.wk.018.gem.13076060.wbz.004,wahlbezirk,de.mv.gem.13076060
de.mv.wk.018.gem.13076060.wbz.005,wahlbezirk,de.mv.gem.13076060
de.mv.wk.018.gem.13076060.wbz.006,wahlbezirk,de.mv.gem.13076060
de.mv.wk.018.gem.13076060.wbz.007,wahlbezirk,de.mv.gem.13076060
de.mv.wk.018.gem.13076060.wbz.008,wahlbezirk,de.mv.gem.13076060
de.mv.wk.018.gem.13076060.wbz.009,wahlbezirk,de.mv.gem.13076060
de.mv.wk.018.gem.13076060.wbz.010,wahlbezirk,de.mv.gem.13076060
de.mv.wk.018.gem.13076060.wbz.011,wahlbezirk,de.mv.gem.13076060
de.mv.wk.018.gem.13076060.wbz.901,briefwahlbezirk,de.mv.gem.13076060
de.mv.wk.018.gem.13076060.wbz.902,briefwahlbezirk,de.mv.gem.13076060
de.mv.wk.018.gem.13076002.wbz.001,wahlbezirk,de.mv.gem.13076002
de.mv.wk.018.gem.13076004.wbz.001,wahlbezirk,de.mv.gem.13076004
de.mv.wk.018.gem.13076008.wbz.001,wahlbezirk,de.mv.gem.13076008
de.mv.wk.018.gem.13076013.wbz.001,wahlbezirk,de.mv.gem.13076013
de.mv.wk.018.gem.13076019.wbz.001,wahlbezirk,de.mv.gem.13076019
de.mv.wk.018.gem.13076041.wbz.001,wahlbezirk,de.mv.gem.13076041
de.mv.wk.018.gem.13076057.wbz.001,wahlbezirk,de.mv.gem.13076057
de.mv.wk.018.gem.13076064.wbz.001,wahlbezirk,de.mv.gem.13076064
de.mv.wk.018.gem.13076065.wbz.001,wahlbezirk,de.mv.gem.13076065
de.mv.wk.018.gem.13076070.wbz.001,wahlbezirk,de.mv.gem.13076070
de.mv.wk.018.gem.13076079.wbz.001,wahlbezirk,de.mv.gem.13076079
de.mv.wk.018.gem.13076099.wbz.001,wahlbezirk,de.mv.gem.13076099
de.mv.wk.018.gem.13076110.wbz.001,wahlbezirk,de.mv.gem.13076110
de.mv.wk.018.gem.13076111.wbz.001,wahlbezirk,de.mv.gem.13076111
de.mv.wk.018.gem.13076116.wbz.001,wahlbezirk,de.mv.gem.13076116
de.mv.wk.018.gem.13076119.wbz.001,wahlbezirk,de.mv.gem.13076119
de.mv.wk.018.gem.13076123.wbz.001,wahlbezirk,de.mv.gem.13076123
de.mv.wk.018.gem.13076131.wbz.001,wahlbezirk,de.mv.gem.13076131
de.mv.wk.018.gem.13076139.wbz.001,wahlbezirk,de.mv.gem.13076139
de.mv.wk.018.gem.13076145.wbz.001,wahlbezirk,de.mv.gem.13076145
de.mv.wk.018.gem.13076758.wbz.901,briefwahlbezirk,de.mv.gem.13076758
de.mv.wk.018.gem.13076036.wbz.001,wahlbezirk,de.mv.gem.13076036
de.mv.wk.018.gem.13076063.wbz.001,wahlbezirk,de.mv.gem.13076063
de.mv.wk.018.gem.13076071.wbz.001,wahlbezirk,de.mv.gem.13076071
de.mv.wk.018.gem.13076107.wbz.001,wahlbezirk,de.mv.gem.13076107
de.mv.wk.018.gem.13076107.wbz.002,wahlbezirk,de.mv.gem.13076107
de.mv.wk.018.gem.13076121.wbz.001,wahlbezirk,de.mv.gem.13076121
de.mv.wk.018.gem.13076130.wbz.001,wahlbezirk,de.mv.gem.13076130
de.mv.wk.018.gem.13076147.wbz.001,wahlbezirk,de.mv.gem.13076147
de.mv.wk.018.gem.13076154.wbz.001,wahlbezirk,de.mv.gem.13076154
de.mv.wk.018.gem.13076154.wbz.002,wahlbezirk,de.mv.gem.13076154
de.mv.wk.018.gem.13076163.wbz.001,wahlbezirk,de.mv.gem.13076163
de.mv.wk.018.gem.13076765.wbz.901,briefwahlbezirk,de.mv.gem.13076765
de.mv.wk.018.gem.13076152.wbz.003,wahlbezirk,de.mv.gem.13076152
de.mv.wk.018.gem.13076152.wbz.004,wahlbezirk,de.mv.gem.13076152
de.mv.wk.018.gem.13076152.wbz.005,wahlbezirk,de.mv.gem.13076152
de.mv.wk.018.gem.13076153.wbz.001,wahlbezirk,de.mv.gem.13076153
de.mv.wk.018.gem.13076153.wbz.002,wahlbezirk,de.mv.gem.13076153
de.mv.wk.018.gem.13076153.wbz.003,wahlbezirk,de.mv.gem.13076153
de.mv.wk.018.gem.13076153.wbz.006,wahlbezirk,de.mv.gem.13076153
de.mv.wk.018.gem.13076153.wbz.007,wahlbezirk,de.mv.gem.13076153
de.mv.wk.018.gem.13076766.wbz.901,briefwahlbezirk,de.mv.gem.13076766
de.mv.wk.019.gem.13076090.wbz.001,wahlbezirk,de.mv.gem.13076090
de.mv.wk.019.gem.13076090.wbz.002,wahlbezirk,de.mv.gem.13076090
de.mv.wk.019.gem.13076090.wbz.003,wahlbezirk,de.mv.gem.13076090
de.mv.wk.019.gem.13076090.wbz.004,wahlbezirk,de.mv.gem.13076090
de.mv.wk.019.gem.13076090.wbz.005,wahlbezirk,de.mv.gem.13076090
de.mv.wk.019.gem.13076090.wbz.006,wahlbezirk,de.mv.gem.13076090
de.mv.wk.019.gem.13076090.wbz.007,wahlbezirk,de.mv.gem.13076090
de.mv.wk.019.gem.13076090.wbz.008,wahlbezirk,de.mv.gem.13076090
de.mv.wk.019.gem.13076090.wbz.009,wahlbezirk,de.mv.gem.13076090
de.mv.wk.019.gem.13076090.wbz.010,wahlbezirk,de.mv.gem.13076090
de.mv.wk.019.gem.13076090.wbz.011,wahlbezirk,de.mv.gem.13076090
de.mv.wk.019.gem.13076090.wbz.012,wahlbezirk,de.mv.gem.13076090
de.mv.wk.019.gem.13076090.wbz.013,wahlbezirk,de.mv.gem.13076090
de.mv.wk.019.gem.13076090.wbz.014,wahlbezirk,de.mv.gem.13076090
de.mv.wk.019.gem.13076090.wbz.015,wahlbezirk,de.mv.gem.13076090
de.mv.wk.019.gem.13076090.wbz.901,briefwahlbezirk,de.mv.gem.13076090
de.mv.wk.019.gem.13076090.wbz.902,briefwahlbezirk,de.mv.gem.13076090
de.mv.wk.019.gem.13076003.wbz.001,wahlbezirk,de.mv.gem.13076003
de.mv.wk.019.gem.13076021.wbz.001,wahlbezirk,de.mv.gem.13076021
de.mv.wk.019.gem.13076027.wbz.001,wahlbezirk,de.mv.gem.13076027
de.mv.wk.019.gem.13076037.wbz.001,wahlbezirk,de.mv.gem.13076037
de.mv.wk.019.gem.13076049.wbz.001,wahlbezirk,de.mv.gem.13076049
de.mv.wk.019.gem.13076050.wbz.001,wahlbezirk,de.mv.gem.13076050
de.mv.wk.019.gem.13076050.wbz.002,wahlbezirk,de.mv.gem.13076050
de.mv.wk.019.gem.13076050.wbz.003,wahlbezirk,de.mv.gem.13076050
de.mv.wk.019.gem.13076050.wbz.004,wahlbezirk,de.mv.gem.13076050
de.mv.wk.019.gem.13076069.wbz.001,wahlbezirk,de.mv.gem.13076069
de.mv.wk.019.gem.13076076.wbz.001,wahlbezirk,de.mv.gem.13076076
de.mv.wk.019.gem.13076097.wbz.001,wahlbezirk,de.mv.gem.13076097
de.mv.wk.019.gem.13076098.wbz.001,wahlbezirk,de.mv.gem.13076098
de.mv.wk.019.gem.13076100.wbz.001,wahlbezirk,de.mv.gem.13076100
de.mv.wk.019.gem.13076115.wbz.001,wahlbezirk,de.mv.gem.13076115
de.mv.wk.019.gem.13076161.wbz.001,wahlbezirk,de.mv.gem.13076161
de.mv.wk.019.gem.13076757.wbz.901,briefwahlbezirk,de.mv.gem.13076757
de.mv.wk.019.gem.13076001.wbz.001,wahlbezirk,de.mv.gem.13076001
de.mv.wk.019.gem.13076001.wbz.002,wahlbezirk,de.mv.gem.13076001
de.mv.wk.019.gem.13076001.wbz.003,wahlbezirk,de.mv.gem.13076001
de.mv.wk.019.gem.13076018.wbz.001,wahlbezirk,de.mv.gem.13076018
de.mv.wk.019.gem.13076046.wbz.001,wahlbezirk,de.mv.gem.13076046
de.mv.wk.019.gem.13076058.wbz.001,wahlbezirk,de.mv.gem.13076058
de.mv.wk.019.gem.13076084.wbz.001,wahlbezirk,de.mv.gem.13076084
de.mv.wk.019.gem.13076086.wbz.001,wahlbezirk,de.mv.gem.13076086
de.mv.wk.019.gem.13076087.wbz.001,wahlbezirk,de.mv.gem.13076087
de.mv.wk.019.gem.13076087.wbz.002,wahlbezirk,de.mv.gem.13076087
de.mv.wk.019.gem.13076118.wbz.001,wahlbezirk,de.mv.gem.13076118
de.mv.wk.019.gem.13076118.wbz.002,wahlbezirk,de.mv.gem.13076118
de.mv.wk.019.gem.13076118.wbz.003,wahlbezirk,de.mv.gem.13076118
de.mv.wk.019.gem.13076134.wbz.001,wahlbezirk,de.mv.gem.13076134
de.mv.wk.019.gem.13076134.wbz.002,wahlbezirk,de.mv.gem.13076134
de.mv.wk.019.gem.13076134.wbz.003,wahlbezirk,de.mv.gem.13076134
de.mv.wk.019.gem.13076141.wbz.001,wahlbezirk,de.mv.gem.13076141
de.mv.wk.019.gem.13076146.wbz.001,wahlbezirk,de.mv.gem.13076146
de.mv.wk.019.gem.13076156.wbz.001,wahlbezirk,de.mv.gem.13076156
de.mv.wk.019.gem.13076759.wbz.901,briefwahlbezirk,de.mv.gem.13076759
de.mv.wk.019.gem.13076012.wbz.001,wahlbezirk,de.mv.gem.13076012
de.mv.wk.019.gem.13076017.wbz.001,wahlbezirk,de.mv.gem.13076017
de.mv.wk.019.gem.13076105.wbz.001,wahlbezirk,de.mv.gem.13076105
de.mv.wk.019.gem.13076105.wbz.002,wahlbezirk,de.mv.gem.13076105
de.mv.wk.019.gem.13076105.wbz.003,wahlbezirk,de.mv.gem.13076105
de.mv.wk.019.gem.13076105.wbz.004,wahlbezirk,de.mv.gem.13076105
de.mv.wk.019.gem.13076105.wbz.005,wahlbezirk,de.mv.gem.13076105
de.mv.wk.019.gem.13076760.wbz.901,briefwahlbezirk,de.mv.gem.13076760
de.mv.wk.031.gem.13076108.wbz.001,wahlbezirk,de.mv.gem.13076108
de.mv.wk.031.gem.13076108.wbz.002,wahlbezirk,de.mv.gem.13076108
de.mv.wk.031.gem.13076108.wbz.003,wahlbezirk,de.mv.gem.13076108
de.mv.wk.031.gem.13076108.wbz.004,wahlbezirk,de.mv.gem.13076108
de.mv.wk.031.gem.13076108.wbz.005,wahlbezirk,de.mv.gem.13076108
de.mv.wk.031.gem.13076108.wbz.006,wahlbezirk,de.mv.gem.13076108
de.mv.wk.031.gem.13076108.wbz.007,wahlbezirk,de.mv.gem.13076108
de.mv.wk.031.gem.13076108.wbz.008,wahlbezirk,de.mv.gem.13076108
de.mv.wk.031.gem.13076108.wbz.009,wahlbezirk,de.mv.gem.13076108
de.mv.wk.031.gem.13076108.wbz.901,briefwahlbezirk,de.mv.gem.13076108
de.mv.wk.031.gem.13076108.wbz.902,briefwahlbezirk,de.mv.gem.13076108
de.mv.wk.031.gem.13076040.wbz.001,wahlbezirk,de.mv.gem.13076040
de.mv.wk.031.gem.13076043.wbz.001,wahlbezirk,de.mv.gem.13076043
de.mv.wk.031.gem.13076051.wbz.001,wahlbezirk,de.mv.gem.13076051
de.mv.wk.031.gem.13076075.wbz.001,wahlbezirk,de.mv.gem.13076075
de.mv.wk.031.gem.13076077.wbz.001,wahlbezirk,de.mv.gem.13076077
de.mv.wk.031.gem.13076089.wbz.001,wahlbezirk,de.mv.gem.13076089
de.mv.wk.031.gem.13076089.wbz.002,wahlbezirk,de.mv.gem.13076089
de.mv.wk.031.gem.13076089.wbz.003,wahlbezirk,de.mv.gem.13076089
de.mv.wk.031.gem.13076089.wbz.004,wahlbezirk,de.mv.gem.13076089
de.mv.wk.031.gem.13076089.wbz.005,wahlbezirk,de.mv.gem.13076089
de.mv.wk.031.gem.13076089.wbz.006,wahlbezirk,de.mv.gem.13076089
de.mv.wk.031.gem.13076089.wbz.007,wahlbezirk,de.mv.gem.13076089
de.mv.wk.031.gem.13076095.wbz.001,wahlbezirk,de.mv.gem.13076095
de.mv.wk.031.gem.13076109.wbz.001,wahlbezirk,de.mv.gem.13076109
de.mv.wk.031.gem.13076125.wbz.001,wahlbezirk,de.mv.gem.13076125
de.mv.wk.031.gem.13076125.wbz.002,wahlbezirk,de.mv.gem.13076125
de.mv.wk.031.gem.13076125.wbz.003,wahlbezirk,de.mv.gem.13076125
de.mv.wk.031.gem.13076132.wbz.001,wahlbezirk,de.mv.gem.13076132
de.mv.wk.031.gem.13076137.wbz.001,wahlbezirk,de.mv.gem.13076137
de.mv.wk.031.gem.13076151.wbz.001,wahlbezirk,de.mv.gem.13076151
de.mv.wk.031.gem.13076165.wbz.001,wahlbezirk,de.mv.gem.13076165
de.mv.wk.031.gem.13076165.wbz.002,wahlbezirk,de.mv.gem.13076165
de.mv.wk.031.gem.13076755.wbz.901,briefwahlbezirk,de.mv.gem.13076755
de.mv.wk.031.gem.13076035.wbz.001,wahlbezirk,de.mv.gem.13076035
de.mv.wk.031.gem.13076056.wbz.001,wahlbezirk,de.mv.gem.13076056
de.mv.wk.031.gem.13076068.wbz.001,wahlbezirk,de.mv.gem.13076068
de.mv.wk.031.gem.13076085.wbz.001,wahlbezirk,de.mv.gem.13076085
de.mv.wk.031.gem.13076085.wbz.002,wahlbezirk,de.mv.gem.13076085
de.mv.wk.031.gem.13076085.wbz.003,wahlbezirk,de.mv.gem.13076085
de.mv.wk.031.gem.13076120.wbz.001,wahlbezirk,de.mv.gem.13076120
de.mv.wk.031.gem.13076126.wbz.001,wahlbezirk,de.mv.gem.13076126
de.mv.wk.031.gem.13076126.wbz.002,wahlbezirk,de.mv.gem.13076126
de.mv.wk.031.gem.13076129.wbz.001,wahlbezirk,de.mv.gem.13076129
de.mv.wk.031.gem.13076160.wbz.001,wahlbezirk,de.mv.gem.13076160
de.mv.wk.031.gem.13076162.wbz.001,wahlbezirk,de.mv.gem.13076162
de.mv.wk.031.gem.13076162.wbz.002,wahlbezirk,de.mv.gem.13076162
de.mv.wk.031.gem.13076164.wbz.001,wahlbezirk,de.mv.gem.13076164
de.mv.wk.031.gem.13076164.wbz.002,wahlbezirk,de.mv.gem.13076164
de.mv.wk.031.gem.13076762.wbz.901,briefwahlbezirk,de.mv.gem.13076762
de.mv.wk.031.gem.13076006.wbz.001,wahlbezirk,de.mv.gem.13076006
de.mv.wk.031.gem.13076006.wbz.002,wahlbezirk,de.mv.gem.13076006
de.mv.wk.031.gem.13076114.wbz.001,wahlbezirk,de.mv.gem.13076114
de.mv.wk.031.gem.13076114.wbz.002,wahlbezirk,de.mv.gem.13076114
de.mv.wk.031.gem.13076114.wbz.003,wahlbezirk,de.mv.gem.13076114
de.mv.wk.031.gem.13076114.wbz.004,wahlbezirk,de.mv.gem.13076114
de.mv.wk.031.gem.13076114.wbz.005,wahlbezirk,de.mv.gem.13076114
de.mv.wk.031.gem.13076114.wbz.006,wahlbezirk,de.mv.gem.13076114
de.mv.wk.031.gem.13076114.wbz.007,wahlbezirk,de.mv.gem.13076114
de.mv.wk.031.gem.13076166.wbz.001,wahlbezirk,de.mv.gem.13076166
de.mv.wk.031.gem.13076166.wbz.002,wahlbezirk,de.mv.gem.13076166
de.mv.wk.031.gem.13076166.wbz.003,wahlbezirk,de.mv.gem.13076166
de.mv.wk.031.gem.13076763.wbz.901,briefwahlbezirk,de.mv.gem.13076763
de.mv.wk.032.gem.13076032.wbz.001,wahlbezirk,de.mv.gem.13076032
de.mv.wk.032.gem.13076048.wbz.001,wahlbezirk,de.mv.gem.13076048
de.mv.wk.032.gem.13076048.wbz.002,wahlbezirk,de.mv.gem.13076048
de.mv.wk.032.gem.13076048.wbz.003,wahlbezirk,de.mv.gem.13076048
de.mv.wk.032.gem.13076048.wbz.004,wahlbezirk,de.mv.gem.13076048
de.mv.wk.032.gem.13076096.wbz.001,wahlbezirk,de.mv.gem.13076096
de.mv.wk.032.gem.13076104.wbz.001,wahlbezirk,de.mv.gem.13076104
de.mv.wk.032.gem.13076135.wbz.001,wahlbezirk,de.mv.gem.13076135
de.mv.wk.032.gem.13076756.wbz.901,briefwahlbezirk,de.mv.gem.13076756
de.mv.wk.032.gem.13076011.wbz.001,wahlbezirk,de.mv.gem.13076011
de.mv.wk.032.gem.13076015.wbz.001,wahlbezirk,de.mv.gem.13076015
de.mv.wk.032.gem.13076020.wbz.001,wahlbezirk,de.mv.gem.13076020
de.mv.wk.032.gem.13076020.wbz.002,wahlbezirk,de.mv.gem.13076020
de.mv.wk.032.gem.13076026.wbz.001,wahlbezirk,de.mv.gem.13076026
de.mv.wk.032.gem.13076062.wbz.001,wahlbezirk,de.mv.gem.13076062
de.mv.wk.032.gem.13076072.wbz.001,wahlbezirk,de.mv.gem.13076072
de.mv.wk.032.gem.13076078.wbz.001,wahlbezirk,de.mv.gem.13076078
de.mv.wk.032.gem.13076101.wbz.001,wahlbezirk,de.mv.gem.13076101
de.mv.wk.032.gem.13076128.wbz.001,wahlbezirk,de.mv.gem.13076128
de.mv.wk.032.gem.13076128.wbz.002,wahlbezirk,de.mv.gem.13076128
de.mv.wk.032.gem.13076128.wbz.003,wahlbezirk,de.mv.gem.13076128
de.mv.wk.032.gem.13076128.wbz.004,wahlbezirk,de.mv.gem.13076128
de.mv.wk.032.gem.13076148.wbz.001,wahlbezirk,de.mv.gem.13076148
de.mv.wk.032.gem.13076155.wbz.001,wahlbezirk,de.mv.gem.13076155
de.mv.wk.032.gem.13076167.wbz.001,wahlbezirk,de.mv.gem.13076167
de.mv.wk.032.gem.13076764.wbz.901,briefwahlbezirk,de.mv.gem.13076764
de.mv.wk.032.gem.13076005.wbz.001,wahlbezirk,de.mv.gem.13076005
de.mv.wk.032.gem.13076005.wbz.002,wahlbezirk,de.mv.gem.13076005
de.mv.wk.032.gem.13076005.wbz.003,wahlbezirk,de.mv.gem.13076005
de.mv.wk.032.gem.13076005.wbz.004,wahlbezirk,de.mv.gem.13076005
de.mv.wk.032.gem.13076007.wbz.001,wahlbezirk,de.mv.gem.13076007
de.mv.wk.032.gem.13076023.wbz.001,wahlbezirk,de.mv.gem.13076023
de.mv.wk.032.gem.13076024.wbz.001,wahlbezirk,de.mv.gem.13076024
de.mv.wk.032.gem.13076025.wbz.001,wahlbezirk,de.mv.gem.13076025
de.mv.wk.032.gem.13076025.wbz.002,wahlbezirk,de.mv.gem.13076025
de.mv.wk.032.gem.13076025.wbz.003,wahlbezirk,de.mv.gem.13076025
de.mv.wk.032.gem.13076025.wbz.004,wahlbezirk,de.mv.gem.13076025
de.mv.wk.032.gem.13076025.wbz.005,wahlbezirk,de.mv.gem.13076025
de.mv.wk.032.gem.13076029.wbz.001,wahlbezirk,de.mv.gem.13076029
de.mv.wk.032.gem.13076033.wbz.002,wahlbezirk,de.mv.gem.13076033
de.mv.wk.032.gem.13076033.wbz.003,wahlbezirk,de.mv.gem.13076033
de.mv.wk.032.gem.13076038.wbz.001,wahlbezirk,de.mv.gem.13076038
de.mv.wk.032.gem.13076044.wbz.001,wahlbezirk,de.mv.gem.13076044
de.mv.wk.032.gem.13076080.wbz.001,wahlbezirk,de.mv.gem.13076080
de.mv.wk.032.gem.13076082.wbz.001,wahlbezirk,de.mv.gem.13076082
de.mv.wk.032.gem.13076082.wbz.003,wahlbezirk,de.mv.gem.13076082
de.mv.wk.032.gem.13076082.wbz.004,wahlbezirk,de.mv.gem.13076082
de.mv.wk.032.gem.13076082.wbz.005,wahlbezirk,de.mv.gem.13076082
de.mv.wk.032.gem.13076112.wbz.001,wahlbezirk,de.mv.gem.13076112
de.mv.wk.032.gem.13076112.wbz.002,wahlbezirk,de.mv.gem.13076112
de.mv.wk.032.gem.13076112.wbz.003,wahlbezirk,de.mv.gem.13076112
de.mv.wk.032.gem.13076113.wbz.001,wahlbezirk,de.mv.gem.13076113
de.mv.wk.032.gem.13076113.wbz.002,wahlbezirk,de.mv.gem.13076113
de.mv.wk.032.gem.13076113.wbz.004,wahlbezirk,de.mv.gem.13076113
de.mv.wk.032.gem.13076117.wbz.001,wahlbezirk,de.mv.gem.13076117
de.mv.wk.032.gem.13076117.wbz.002,wahlbezirk,de.mv.gem.13076117
de.mv.wk.032.gem.13076133.wbz.001,wahlbezirk,de.mv.gem.13076133
de.mv.wk.032.gem.13076140.wbz.001,wahlbezirk,de.mv.gem.13076140
de.mv.wk.032.gem.13076140.wbz.002,wahlbezirk,de.mv.gem.13076140
de.mv.wk.032.gem.13076158.wbz.001,wahlbezirk,de.mv.gem.13076158
de.mv.wk.032.gem.13076768.wbz.901,briefwahlbezirk,de.mv.gem.13076768
de.mv.wk.032.gem.13076768.wbz.902,briefwahlbezirk,de.mv.gem.13076768
de.mv.wk.032.gem.13076768.wbz.903,briefwahlbezirk,de.mv.gem.13076768
